channel,dataset,split,method,tp,fp,fn,tn,events,hits,delay_sum,alerts,hit_alerts,auroc,ap
P-1,SMAP,confirmation,subspace_reference,0,2,751,7688,3,0,0,2,0,0.3531353946796556,0.064657616488455
P-1,SMAP,confirmation,normal_envelope,0,2,751,7688,3,0,0,2,0,0.3531353946796556,0.064657616488455
P-1,SMAP,confirmation,level_conditional,5,123,746,7567,3,2,57,62,2,0.3531353946796556,0.064657616488455
P-1,SMAP,confirmation,robust_trajectory,297,20,454,7670,3,3,131,9,5,0.71943918728215,0.5432680051282467
S-1,SMAP,confirmation,subspace_reference,277,13,171,6806,1,1,56,19,9,0.7834785420987576,0.6936400146498767
S-1,SMAP,confirmation,normal_envelope,277,13,171,6806,1,1,56,19,9,0.7834785420987576,0.6936400146498767
S-1,SMAP,confirmation,level_conditional,291,45,157,6774,1,1,55,28,6,0.7834785420987576,0.6936400146498767
S-1,SMAP,confirmation,robust_trajectory,271,6,177,6813,1,1,61,10,4,0.8257192023861899,0.7022632917267679
E-1,SMAP,confirmation,subspace_reference,4,23,504,7921,2,1,391,27,4,0.38970257352649645,0.0551709907418244
E-1,SMAP,confirmation,normal_envelope,4,23,504,7921,2,1,391,27,4,0.38970257352649645,0.0551709907418244
E-1,SMAP,confirmation,level_conditional,4,23,504,7921,2,1,391,27,4,0.38970257352649645,0.0551709907418244
E-1,SMAP,confirmation,robust_trajectory,160,9,348,7935,2,1,64,7,1,0.7532558123399229,0.42244994654984025
E-2,SMAP,confirmation,subspace_reference,161,19,1237,7051,1,1,407,47,41,0.7713912378362299,0.453893729600248
E-2,SMAP,confirmation,normal_envelope,161,19,1237,7051,1,1,407,47,41,0.7713912378362299,0.453893729600248
E-2,SMAP,confirmation,level_conditional,485,1621,913,5449,1,1,47,190,39,0.7713912378362299,0.453893729600248
E-2,SMAP,confirmation,robust_trajectory,216,174,1182,6896,1,1,65,17,3,0.47024138342712263,0.2835902411257921
E-3,SMAP,confirmation,subspace_reference,1004,0,2209,5030,1,1,533,4,4,0.7312427334530013,0.762613519024256
E-3,SMAP,confirmation,normal_envelope,1004,0,2209,5030,1,1,533,4,4,0.7312427334530013,0.762613519024256
E-3,SMAP,confirmation,level_conditional,1006,0,2207,5030,1,1,533,5,5,0.7312427334530013,0.762613519024256
E-3,SMAP,confirmation,robust_trajectory,1020,0,2193,5030,1,1,522,7,7,0.6867534290057972,0.7359984740577374
E-4,SMAP,confirmation,subspace_reference,284,409,2528,5069,1,1,335,92,47,0.5222156893447318,0.4105655214254613
E-4,SMAP,confirmation,normal_envelope,224,250,2588,5228,1,1,338,75,31,0.5222156893447318,0.4105655214254613
E-4,SMAP,confirmation,level_conditional,445,413,2367,5065,1,1,239,91,46,0.5222156893447318,0.4105655214254613
E-4,SMAP,confirmation,robust_trajectory,299,1696,2513,3782,1,1,10,124,20,0.21428855211353626,0.2270182907051518
E-5,SMAP,confirmation,subspace_reference,85,3982,236,3927,1,1,0,566,19,0.3575247883932064,0.04819744685371975
E-5,SMAP,confirmation,normal_envelope,85,3982,236,3927,1,1,0,566,19,0.3575247883932064,0.04819744685371975
E-5,SMAP,confirmation,level_conditional,85,3982,236,3927,1,1,0,566,19,0.3575247883932064,0.04819744685371975
E-5,SMAP,confirmation,robust_trajectory,4,128,317,7781,1,1,169,102,3,0.4428446003192861,0.03512483733100311
E-7,SMAP,confirmation,subspace_reference,227,108,54,7857,1,1,46,81,9,0.938784674052181,0.8229313989778346
E-7,SMAP,confirmation,normal_envelope,227,108,54,7857,1,1,46,81,9,0.938784674052181,0.8229313989778346
E-7,SMAP,confirmation,level_conditional,227,108,54,7857,1,1,46,81,9,0.938784674052181,0.8229313989778346
E-7,SMAP,confirmation,robust_trajectory,219,132,62,7833,1,1,46,41,4,0.9005745778349675,0.6830375532782298
E-9,SMAP,confirmation,subspace_reference,0,2,351,7885,1,0,0,1,0,0.3922860547686211,0.052004051716912435
E-9,SMAP,confirmation,normal_envelope,0,2,351,7885,1,0,0,1,0,0.3922860547686211,0.052004051716912435
E-9,SMAP,confirmation,level_conditional,0,283,351,7604,1,0,0,28,0,0.3922860547686211,0.052004051716912435
E-9,SMAP,confirmation,robust_trajectory,53,15,298,7872,1,1,66,4,3,0.4975434710441684,0.17817019327280664
E-10,SMAP,confirmation,subspace_reference,0,26,322,8093,2,0,0,26,0,0.39057911088092573,0.0295290033547162
E-10,SMAP,confirmation,normal_envelope,0,26,322,8093,2,0,0,26,0,0.39057911088092573,0.0295290033547162
E-10,SMAP,confirmation,level_conditional,0,26,322,8093,2,0,0,26,0,0.39057911088092573,0.0295290033547162
E-10,SMAP,confirmation,robust_trajectory,136,20,186,8099,2,1,73,28,22,0.9011233522471253,0.5521673323714904
E-11,SMAP,confirmation,subspace_reference,0,34,295,8121,2,0,0,28,0,0.36776190129794556,0.026259456994873944
E-11,SMAP,confirmation,normal_envelope,0,34,295,8121,2,0,0,28,0,0.36776190129794556,0.026259456994873944
E-11,SMAP,confirmation,level_conditional,0,34,295,8121,2,0,0,28,0,0.36776190129794556,0.026259456994873944
E-11,SMAP,confirmation,robust_trajectory,94,82,201,8073,2,1,60,29,15,0.8960702075257978,0.42527076825024945
E-12,SMAP,confirmation,subspace_reference,34,28,549,7837,2,1,22,33,5,0.5226735684399804,0.1412103135796645
E-12,SMAP,confirmation,normal_envelope,34,28,549,7837,2,1,22,33,5,0.5226735684399804,0.1412103135796645
E-12,SMAP,confirmation,level_conditional,34,28,549,7837,2,1,22,33,5,0.5226735684399804,0.1412103135796645
E-12,SMAP,confirmation,robust_trajectory,0,9,583,7856,2,0,0,6,0,0.7176531717152331,0.2741194474731144
E-13,SMAP,confirmation,subspace_reference,13,57,251,8255,3,1,28,22,1,0.539235898445475,0.05822780646105626
E-13,SMAP,confirmation,normal_envelope,13,57,251,8255,3,1,28,22,1,0.539235898445475,0.05822780646105626
E-13,SMAP,confirmation,level_conditional,14,67,250,8245,3,2,30,33,2,0.539235898445475,0.05822780646105626
E-13,SMAP,confirmation,robust_trajectory,27,188,237,8124,3,2,33,71,4,0.5101974691574066,0.0422998945381637
D-1,SMAP,confirmation,subspace_reference,2902,74,357,5112,1,1,357,9,1,0.9261000448844561,0.9472641911840913
D-1,SMAP,confirmation,normal_envelope,2902,74,357,5112,1,1,357,9,1,0.9261000448844561,0.9472641911840913
D-1,SMAP,confirmation,level_conditional,2902,72,357,5114,1,1,357,7,1,0.9261000448844561,0.9472641911840913
D-1,SMAP,confirmation,robust_trajectory,2994,668,265,4518,1,1,0,88,6,0.9545598430026223,0.9609595690725772
D-2,SMAP,confirmation,subspace_reference,3847,21,371,4292,1,1,371,1,1,0.955795560897029,0.9555178688163349
D-2,SMAP,confirmation,normal_envelope,3847,21,371,4292,1,1,371,1,1,0.955795560897029,0.9555178688163349
D-2,SMAP,confirmation,level_conditional,3847,21,371,4292,1,1,371,1,1,0.955795560897029,0.9555178688163349
D-2,SMAP,confirmation,robust_trajectory,3847,21,371,4292,1,1,371,1,1,0.954770535603269,0.9539830416602968
D-4,SMAP,confirmation,subspace_reference,3236,0,12,5161,1,1,12,1,1,1.0,1.0
D-4,SMAP,confirmation,normal_envelope,3236,0,12,5161,1,1,12,1,1,1.0,1.0
D-4,SMAP,confirmation,level_conditional,3236,0,12,5161,1,1,12,1,1,1.0,1.0
D-4,SMAP,confirmation,robust_trajectory,3224,0,24,5161,1,1,18,2,2,0.9996728495165046,0.999523637557276
A-2,SMAP,confirmation,subspace_reference,71,122,40,7617,1,1,15,21,2,0.9022477704477964,0.45089738041289007
A-2,SMAP,confirmation,normal_envelope,47,23,64,7716,1,1,16,8,4,0.9022477704477964,0.45089738041289007
A-2,SMAP,confirmation,level_conditional,82,479,29,7260,1,1,14,113,4,0.9022477704477964,0.45089738041289007
A-2,SMAP,confirmation,robust_trajectory,73,1282,38,6457,1,1,26,89,3,0.862325951743189,0.13597448194578077
A-3,SMAP,confirmation,subspace_reference,126,344,60,7611,1,1,59,39,2,0.8176861783013321,0.44487350102085876
A-3,SMAP,confirmation,normal_envelope,126,344,60,7611,1,1,59,39,2,0.8176861783013321,0.44487350102085876
A-3,SMAP,confirmation,level_conditional,126,602,60,7353,1,1,59,62,2,0.8176861783013321,0.44487350102085876
A-3,SMAP,confirmation,robust_trajectory,1,0,185,7955,1,1,68,1,1,0.7721680420105026,0.3560585656160172
A-4,SMAP,confirmation,subspace_reference,101,235,10,7670,1,1,10,137,1,0.9442113840595815,0.4575926279218147
A-4,SMAP,confirmation,normal_envelope,95,51,16,7854,1,1,11,5,2,0.9442113840595815,0.4575926279218147
A-4,SMAP,confirmation,level_conditional,101,294,10,7611,1,1,10,176,1,0.9442113840595815,0.4575926279218147
A-4,SMAP,confirmation,robust_trajectory,0,72,111,7833,1,0,0,11,0,0.9052236297018079,0.23661380922562938
G-2,SMAP,confirmation,subspace_reference,30,34,11,7222,1,1,11,1,1,0.8635107698927044,0.34449527370085264
G-2,SMAP,confirmation,normal_envelope,30,34,11,7222,1,1,11,1,1,0.8635107698927044,0.34449527370085264
G-2,SMAP,confirmation,level_conditional,30,34,11,7222,1,1,11,1,1,0.8635107698927044,0.34449527370085264
G-2,SMAP,confirmation,robust_trajectory,30,34,11,7222,1,1,11,1,1,0.8637141339715492,0.3795562493106088
D-6,SMAP,confirmation,subspace_reference,29,26,52,7713,1,1,49,2,2,0.4786658562770894,0.2237605061603206
D-6,SMAP,confirmation,normal_envelope,27,25,54,7714,1,1,49,2,2,0.4786658562770894,0.2237605061603206
D-6,SMAP,confirmation,level_conditional,29,29,52,7710,1,1,49,4,2,0.4786658562770894,0.2237605061603206
D-6,SMAP,confirmation,robust_trajectory,3,29,78,7710,1,1,48,2,1,0.10726176061921423,0.04252711864706803
F-1,SMAP,confirmation,subspace_reference,0,98,101,8321,1,0,0,36,0,0.596583164671141,0.022637945168320205
F-1,SMAP,confirmation,normal_envelope,0,15,101,8404,1,0,0,7,0,0.596583164671141,0.022637945168320205
F-1,SMAP,confirmation,level_conditional,55,1142,46,7277,1,1,30,518,8,0.596583164671141,0.022637945168320205
F-1,SMAP,confirmation,robust_trajectory,1,51,100,8368,1,1,30,41,1,0.37283713523983353,0.014252036588387099
P-4,SMAP,confirmation,subspace_reference,269,49,174,7227,3,3,154,4,4,0.800515191414428,0.5405791132746623
P-4,SMAP,confirmation,normal_envelope,269,49,174,7227,3,3,154,4,4,0.800515191414428,0.5405791132746623
P-4,SMAP,confirmation,level_conditional,269,49,174,7227,3,3,154,4,4,0.800515191414428,0.5405791132746623
P-4,SMAP,confirmation,robust_trajectory,266,49,177,7227,3,3,154,7,7,0.7967947437197279,0.52510128145458
G-3,SMAP,confirmation,subspace_reference,39,89,12,7703,1,1,12,2,1,0.8797824314530741,0.4675226738342921
G-3,SMAP,confirmation,normal_envelope,0,0,51,7792,1,0,0,0,0,0.8797824314530741,0.4675226738342921
G-3,SMAP,confirmation,level_conditional,39,89,12,7703,1,1,12,2,1,0.8797824314530741,0.4675226738342921
G-3,SMAP,confirmation,robust_trajectory,39,89,12,7703,1,1,12,2,1,0.8791520715062205,0.3837765049074458
T-1,SMAP,confirmation,subspace_reference,24,0,1512,7012,2,1,103,15,15,0.39179431242869367,0.16788680753950724
T-1,SMAP,confirmation,normal_envelope,24,0,1512,7012,2,1,103,15,15,0.39179431242869367,0.16788680753950724
T-1,SMAP,confirmation,level_conditional,117,4421,1419,2591,2,2,6,381,24,0.39179431242869367,0.16788680753950724
T-1,SMAP,confirmation,robust_trajectory,66,3482,1470,3530,2,1,0,215,11,0.07599333062963491,0.09806783993896072
T-2,SMAP,confirmation,subspace_reference,18,3,1767,6773,1,1,76,15,14,0.393901031486975,0.18367046847753835
T-2,SMAP,confirmation,normal_envelope,18,3,1767,6773,1,1,76,15,14,0.393901031486975,0.18367046847753835
T-2,SMAP,confirmation,level_conditional,294,4464,1491,2312,1,1,0,404,41,0.393901031486975,0.18367046847753835
T-2,SMAP,confirmation,robust_trajectory,189,3299,1596,3477,1,1,762,221,17,0.1380248793732369,0.120505278791049
F-2,SMAP,confirmation,subspace_reference,91,0,2866,5605,1,1,475,12,12,0.8249757677468635,0.8307967375193039
F-2,SMAP,confirmation,normal_envelope,81,0,2876,5605,1,1,1143,3,3,0.8249757677468635,0.8307967375193039
F-2,SMAP,confirmation,level_conditional,1528,2,1429,5603,1,1,10,32,30,0.8249757677468635,0.8307967375193039
F-2,SMAP,confirmation,robust_trajectory,1774,184,1183,5421,1,1,76,260,119,0.8290693215904322,0.8225633432603844
T-3,SMAP,confirmation,subspace_reference,153,5092,31,3239,2,2,3,208,5,0.7275113118629739,0.21088607016790492
T-3,SMAP,confirmation,normal_envelope,153,5092,31,3239,2,2,3,208,5,0.7275113118629739,0.21088607016790492
T-3,SMAP,confirmation,level_conditional,154,5132,30,3199,2,2,3,220,4,0.7275113118629739,0.21088607016790492
T-3,SMAP,confirmation,robust_trajectory,146,3665,38,4666,2,2,4,275,7,0.767770193045357,0.2481637154123557
D-12,SMAP,confirmation,subspace_reference,2578,0,162,5114,1,1,162,1,1,0.9704379562043796,0.9615023447998974
D-12,SMAP,confirmation,normal_envelope,2578,0,162,5114,1,1,162,1,1,0.9704379562043796,0.9615023447998974
D-12,SMAP,confirmation,level_conditional,2578,0,162,5114,1,1,162,1,1,0.9704379562043796,0.9615023447998974
D-12,SMAP,confirmation,robust_trajectory,2578,0,162,5114,1,1,162,1,1,0.9704379562043796,0.9615023447998973
B-1,SMAP,confirmation,subspace_reference,54,2913,17,4996,1,1,17,1,1,0.5560611106263323,0.009222060813646406
B-1,SMAP,confirmation,normal_envelope,54,2913,17,4996,1,1,17,1,1,0.5560611106263323,0.009222060813646406
B-1,SMAP,confirmation,level_conditional,54,2913,17,4996,1,1,17,1,1,0.5560611106263323,0.009222060813646406
B-1,SMAP,confirmation,robust_trajectory,54,2913,17,4996,1,1,17,1,1,0.8359312532166066,0.72589485316982
G-6,SMAP,confirmation,subspace_reference,53,179,48,8296,1,1,0,1,1,0.6997996436811823,0.5342889656421076
G-6,SMAP,confirmation,normal_envelope,53,179,48,8296,1,1,0,1,1,0.6997996436811823,0.5342889656421076
G-6,SMAP,confirmation,level_conditional,53,179,48,8296,1,1,0,1,1,0.6997996436811823,0.5342889656421076
G-6,SMAP,confirmation,robust_trajectory,101,1315,0,7160,1,1,0,1,1,0.999071234557084,0.9098746379972932
G-7,SMAP,confirmation,subspace_reference,1,1,267,7696,3,1,52,2,1,0.7604624984729464,0.22888929190456203
G-7,SMAP,confirmation,normal_envelope,1,1,267,7696,3,1,52,2,1,0.7604624984729464,0.22888929190456203
G-7,SMAP,confirmation,level_conditional,1,1,267,7696,3,1,52,2,1,0.7604624984729464,0.22888929190456203
G-7,SMAP,confirmation,robust_trajectory,36,857,232,6840,3,3,73,63,6,0.7864461633627369,0.2006196090488125
P-7,SMAP,confirmation,subspace_reference,535,36,1116,6320,1,1,89,155,125,0.8500779892347412,0.7266725428899856
P-7,SMAP,confirmation,normal_envelope,535,36,1116,6320,1,1,89,155,125,0.8500779892347412,0.7266725428899856
P-7,SMAP,confirmation,level_conditional,891,199,760,6157,1,1,89,233,115,0.8500779892347412,0.7266725428899856
P-7,SMAP,confirmation,robust_trajectory,1485,57,166,6299,1,1,91,10,1,0.9764231224739741,0.9609646007876519
R-1,SMAP,confirmation,subspace_reference,81,7099,0,0,1,1,0,1,1,0.694407489143837,0.18199661243810164
R-1,SMAP,confirmation,normal_envelope,81,7099,0,0,1,1,0,1,1,0.694407489143837,0.18199661243810164
R-1,SMAP,confirmation,level_conditional,81,7099,0,0,1,1,0,1,1,0.694407489143837,0.18199661243810164
R-1,SMAP,confirmation,robust_trajectory,81,7099,0,0,1,1,0,1,1,0.6952778951652032,0.21052821623852264
A-5,SMAP,confirmation,subspace_reference,44,1904,7,2674,1,1,7,2,1,0.5510026640625669,0.012313712697074328
A-5,SMAP,confirmation,normal_envelope,44,1904,7,2674,1,1,7,2,1,0.5510026640625669,0.012313712697074328
A-5,SMAP,confirmation,level_conditional,44,1904,7,2674,1,1,7,2,1,0.5510026640625669,0.012313712697074328
A-5,SMAP,confirmation,robust_trajectory,51,4123,0,455,1,1,0,351,1,0.7982850632607783,0.25527560193538457
A-6,SMAP,confirmation,subspace_reference,0,0,41,4348,1,0,0,0,0,0.1484366235106693,0.02958470676521743
A-6,SMAP,confirmation,normal_envelope,0,0,41,4348,1,0,0,0,0,0.1484366235106693,0.02958470676521743
A-6,SMAP,confirmation,level_conditional,0,0,41,4348,1,0,0,0,0,0.1484366235106693,0.02958470676521743
A-6,SMAP,confirmation,robust_trajectory,1,0,40,4348,1,1,7,1,1,0.17841396100253554,0.030004590855888608
A-8,SMAP,confirmation,subspace_reference,3806,4505,0,0,1,1,0,1,1,0.04872766465473348,0.2883718836284758
A-8,SMAP,confirmation,normal_envelope,3806,4505,0,0,1,1,0,1,1,0.04872766465473348,0.2883718836284758
A-8,SMAP,confirmation,level_conditional,3806,4505,0,0,1,1,0,1,1,0.04872766465473348,0.2883718836284758
A-8,SMAP,confirmation,robust_trajectory,3806,4505,0,0,1,1,0,1,1,0.20076956589951145,0.33752144004657003
A-9,SMAP,confirmation,subspace_reference,3865,4505,0,0,1,1,0,1,1,0.208319633352621,0.3226089976547705
A-9,SMAP,confirmation,normal_envelope,3865,4505,0,0,1,1,0,1,1,0.208319633352621,0.3226089976547705
A-9,SMAP,confirmation,level_conditional,3865,4505,0,0,1,1,0,1,1,0.208319633352621,0.3226089976547705
A-9,SMAP,confirmation,robust_trajectory,3865,4505,0,0,1,1,0,1,1,0.25145411236329335,0.35049519770998905
F-3,SMAP,confirmation,subspace_reference,0,71,41,8200,1,0,0,1,0,0.6693265626889131,0.007601446712577077
F-3,SMAP,confirmation,normal_envelope,0,71,41,8200,1,0,0,1,0,0.6693265626889131,0.007601446712577077
F-3,SMAP,confirmation,level_conditional,0,71,41,8200,1,0,0,1,0,0.6693265626889131,0.007601446712577077
F-3,SMAP,confirmation,robust_trajectory,0,304,41,7967,1,0,0,1,0,0.25993553733143426,0.003300347717627546
M-6,MSL,confirmation,subspace_reference,181,858,0,946,1,1,0,1,1,0.9912655731278559,0.852216830123295
M-6,MSL,confirmation,normal_envelope,181,858,0,946,1,1,0,1,1,0.9912655731278559,0.852216830123295
M-6,MSL,confirmation,level_conditional,181,858,0,946,1,1,0,1,1,0.9912655731278559,0.852216830123295
M-6,MSL,confirmation,robust_trajectory,181,858,0,946,1,1,0,1,1,0.9930847349658831,0.9125827173970761
M-2,MSL,confirmation,subspace_reference,1041,25,100,1047,1,1,80,14,13,0.9604677096550551,0.9755358813734119
M-2,MSL,confirmation,normal_envelope,1041,25,100,1047,1,1,80,14,13,0.9604677096550551,0.9755358813734119
M-2,MSL,confirmation,level_conditional,1041,28,100,1044,1,1,80,16,13,0.9604677096550551,0.9755358813734119
M-2,MSL,confirmation,robust_trajectory,157,25,984,1047,1,1,57,33,31,0.9122022446924013,0.8720603345014182
S-2,MSL,confirmation,subspace_reference,6,60,5,1692,1,1,5,1,1,0.7528019925280199,0.04166322096675146
S-2,MSL,confirmation,normal_envelope,6,60,5,1692,1,1,5,1,1,0.7528019925280199,0.04166322096675146
S-2,MSL,confirmation,level_conditional,6,60,5,1692,1,1,5,1,1,0.7528019925280199,0.04166322096675146
S-2,MSL,confirmation,robust_trajectory,6,60,5,1692,1,1,5,1,1,0.7642434620174346,0.41192698396328575
P-10,MSL,confirmation,subspace_reference,104,1379,27,4526,1,1,27,1,1,0.7238554466068994,0.03795819064499155
P-10,MSL,confirmation,normal_envelope,104,1379,27,4526,1,1,27,1,1,0.7238554466068994,0.03795819064499155
P-10,MSL,confirmation,level_conditional,104,1379,27,4526,1,1,27,1,1,0.7238554466068994,0.03795819064499155
P-10,MSL,confirmation,robust_trajectory,104,1389,27,4516,1,1,27,11,1,0.7538830464543568,0.07738419704837146
T-5,MSL,confirmation,subspace_reference,14,54,12,2074,1,1,12,1,1,0.7550607287449392,0.09920326415667811
T-5,MSL,confirmation,normal_envelope,14,54,12,2074,1,1,12,1,1,0.7550607287449392,0.09920326415667811
T-5,MSL,confirmation,level_conditional,14,54,12,2074,1,1,12,1,1,0.7550607287449392,0.09920326415667811
T-5,MSL,confirmation,robust_trajectory,14,54,12,2074,1,1,12,1,1,0.7619107865818392,0.38084195926343034
F-7,MSL,confirmation,subspace_reference,74,96,349,4471,3,3,283,81,20,0.6851417896193319,0.2463066035085097
F-7,MSL,confirmation,normal_envelope,69,65,354,4502,3,3,283,65,21,0.6851417896193319,0.2463066035085097
F-7,MSL,confirmation,level_conditional,108,241,315,4326,3,3,238,127,17,0.6851417896193319,0.2463066035085097
F-7,MSL,confirmation,robust_trajectory,8,10,415,4557,3,2,156,15,7,0.7397539445534079,0.3112381976622879
M-5,MSL,confirmation,subspace_reference,5,58,296,1880,1,1,241,15,2,0.6256218521680398,0.16572768540874927
M-5,MSL,confirmation,normal_envelope,0,6,301,1932,1,0,0,4,0,0.6256218521680398,0.16572768540874927
M-5,MSL,confirmation,level_conditional,14,78,287,1860,1,1,238,18,2,0.6256218521680398,0.16572768540874927
M-5,MSL,confirmation,robust_trajectory,27,25,274,1913,1,1,42,19,6,0.5120753319687728,0.21327526261565757
C-1,MSL,confirmation,subspace_reference,113,32,199,1856,2,2,65,20,6,0.8307104927205562,0.5735540234739648
C-1,MSL,confirmation,normal_envelope,113,32,199,1856,2,2,65,20,6,0.8307104927205562,0.5735540234739648
C-1,MSL,confirmation,level_conditional,143,129,169,1759,2,2,60,33,7,0.8307104927205562,0.5735540234739648
C-1,MSL,confirmation,robust_trajectory,19,93,293,1795,2,1,0,9,2,0.689414928292047,0.2524960340078315
C-2,MSL,confirmation,subspace_reference,137,1650,0,200,2,2,0,1,1,0.8544170447820083,0.6882643899087225
C-2,MSL,confirmation,normal_envelope,137,1650,0,200,2,2,0,1,1,0.8544170447820083,0.6882643899087225
C-2,MSL,confirmation,level_conditional,137,1650,0,200,2,2,0,1,1,0.8544170447820083,0.6882643899087225
C-2,MSL,confirmation,robust_trajectory,137,1650,0,200,2,2,0,1,1,0.8039731702505424,0.38151391992605005
T-12,MSL,confirmation,subspace_reference,111,583,10,1662,1,1,0,23,2,0.8872719910176885,0.19772115833545678
T-12,MSL,confirmation,normal_envelope,111,583,10,1662,1,1,0,23,2,0.8872719910176885,0.19772115833545678
T-12,MSL,confirmation,level_conditional,111,583,10,1662,1,1,0,23,2,0.8872719910176885,0.19772115833545678
T-12,MSL,confirmation,robust_trajectory,72,193,49,2052,1,1,0,13,3,0.7481823703730972,0.1642236818638567
T-13,MSL,confirmation,subspace_reference,33,379,219,1735,2,1,118,1,1,0.6385528825216621,0.14905034294022357
T-13,MSL,confirmation,normal_envelope,33,379,219,1735,2,1,118,1,1,0.6385528825216621,0.14905034294022357
T-13,MSL,confirmation,level_conditional,33,379,219,1735,2,1,118,1,1,0.6385528825216621,0.14905034294022357
T-13,MSL,confirmation,robust_trajectory,57,500,195,1614,2,2,74,15,5,0.385789746362121,0.08726073002527121
F-4,MSL,confirmation,subspace_reference,0,45,71,3242,1,0,0,18,0,0.4958800567322401,0.019602356192671318
F-4,MSL,confirmation,normal_envelope,0,5,71,3282,1,0,0,3,0,0.4958800567322401,0.019602356192671318
F-4,MSL,confirmation,level_conditional,0,76,71,3211,1,0,0,26,0,0.4958800567322401,0.019602356192671318
F-4,MSL,confirmation,robust_trajectory,18,458,53,2829,1,1,38,24,1,0.6090274534337146,0.026597215567186548
D-14,MSL,confirmation,subspace_reference,203,109,19,2230,2,2,19,2,2,0.9489723798188955,0.8604673404622512
D-14,MSL,confirmation,normal_envelope,203,109,19,2230,2,2,19,2,2,0.9489723798188955,0.8604673404622512
D-14,MSL,confirmation,level_conditional,203,109,19,2230,2,2,19,2,2,0.9489723798188955,0.8604673404622512
D-14,MSL,confirmation,robust_trajectory,203,109,19,2230,2,2,19,2,2,0.9433711180184032,0.7443064074231183
T-9,MSL,confirmation,subspace_reference,112,920,0,0,2,2,0,1,1,0.8626455745341616,0.36615799438559055
T-9,MSL,confirmation,normal_envelope,112,920,0,0,2,2,0,1,1,0.8626455745341616,0.36615799438559055
T-9,MSL,confirmation,level_conditional,112,920,0,0,2,2,0,1,1,0.8626455745341616,0.36615799438559055
T-9,MSL,confirmation,robust_trajectory,26,7,86,913,2,2,31,10,8,0.9039402173913043,0.5641141464539189
P-14,MSL,confirmation,subspace_reference,181,5855,0,0,1,1,0,1,1,0.658668277101783,0.053750352145757144
P-14,MSL,confirmation,normal_envelope,181,5855,0,0,1,1,0,1,1,0.658668277101783,0.053750352145757144
P-14,MSL,confirmation,level_conditional,181,5855,0,0,1,1,0,1,1,0.658668277101783,0.053750352145757144
P-14,MSL,confirmation,robust_trajectory,181,5855,0,0,1,1,0,1,1,0.733492175078202,0.32073902992549186
T-8,MSL,confirmation,subspace_reference,39,184,63,1169,2,2,36,119,18,0.8078670492587279,0.19103202944896058
T-8,MSL,confirmation,normal_envelope,39,184,63,1169,2,2,36,119,18,0.8078670492587279,0.19103202944896058
T-8,MSL,confirmation,level_conditional,39,184,63,1169,2,2,36,119,18,0.8078670492587279,0.19103202944896058
T-8,MSL,confirmation,robust_trajectory,14,43,88,1310,2,1,5,25,2,0.6583735489761315,0.18824796567059765
D-16,MSL,confirmation,subspace_reference,649,940,2,536,1,1,2,1,1,0.5365239635499273,0.48119258639022755
D-16,MSL,confirmation,normal_envelope,649,940,2,536,1,1,2,1,1,0.5365239635499273,0.48119258639022755
D-16,MSL,confirmation,level_conditional,649,940,2,536,1,1,2,1,1,0.5365239635499273,0.48119258639022755
D-16,MSL,confirmation,robust_trajectory,604,920,47,556,1,1,2,30,18,0.7659333774597347,0.6958162513244833
M-7,MSL,confirmation,subspace_reference,101,1991,0,0,1,1,0,1,1,0.606431913909623,0.29092109952607875
M-7,MSL,confirmation,normal_envelope,101,1991,0,0,1,1,0,1,1,0.606431913909623,0.29092109952607875
M-7,MSL,confirmation,level_conditional,101,1991,0,0,1,1,0,1,1,0.606431913909623,0.29092109952607875
M-7,MSL,confirmation,robust_trajectory,101,1991,0,0,1,1,0,1,1,0.9788155611141225,0.6566066819238221
F-8,MSL,confirmation,subspace_reference,1,23,536,1863,1,1,73,8,1,0.5059667332160326,0.2707058736836699
F-8,MSL,confirmation,normal_envelope,1,23,536,1863,1,1,73,8,1,0.5059667332160326,0.2707058736836699
F-8,MSL,confirmation,level_conditional,1,23,536,1863,1,1,73,8,1,0.5059667332160326,0.2707058736836699
F-8,MSL,confirmation,robust_trajectory,78,48,459,1838,1,1,60,14,7,0.6913911384681007,0.43712363445889785
