channel,dataset,split,calibration_n,reference_threshold,selection_threshold,envelope_ratio,selection_exceedance,calibration_exceedance,pca_rank,reference_floor
E-6,SMAP,development,512,684.7347943855932,727.7974881779185,1.0628895948408246,0.02734375,0.005859375,26,0.005412816363377417
E-8,SMAP,development,512,1.9012303287658099,1.532675130892735,1.0,0.0,0.005859375,6,0.001543229925309052
A-1,SMAP,development,512,1.0,1.0,1.0,0.0,0.0,0,1e-06
P-3,SMAP,development,507,1.26638920777133,1.16548291623913,1.0,0.0,0.005917159763313609,18,0.004121971198903188
D-3,SMAP,development,512,20.198578445504772,11.09125397835901,1.0,0.0,0.005859375,1,0.000100501260747
G-1,SMAP,development,500,1.29724761178962,1.2861473566282449,1.0,0.002,0.006,21,0.005114823271427606
D-5,SMAP,development,449,2.7080013983345594,2.7353222127335246,1.0100889218210034,0.008928571428571428,0.0066815144766146995,5,0.0004565996938880719
D-7,SMAP,development,453,1.0,1.0,1.0,0.0,0.0,0,1e-06
D-8,SMAP,development,457,1.0,1.0,1.0,0.0,0.0,0,1e-06
D-9,SMAP,development,453,1.0,1.0,1.0,0.0,0.0,0,1e-06
G-4,SMAP,development,447,1.2774112903463197,1.2321117762165248,1.0,0.0,0.006711409395973154,35,0.007012905652208121
D-11,SMAP,development,459,20.484269256664,7.587766030759,1.0,0.0,0.0,1,0.000192150436283
A-7,SMAP,development,512,1.397012214743525,1.151231325156835,1.0,0.0,0.005859375,19,0.004475877990863042
D-13,SMAP,development,234,1.0,1.0,1.0,0.0,0.0,0,1e-06
M-1,MSL,development,378,4.280671977642115,8.29575923360487,1.937957235904432,0.15343915343915343,0.005291005291005291,16,0.004157445511656836
T-4,MSL,development,391,1.3558161376772502,1.2065577701260501,1.0,0.0,0.005115089514066497,29,0.006230732938368064
M-3,MSL,development,344,432.24625815692724,395.1722881160621,1.0,0.0,0.005813953488372093,8,0.003872720459009746
M-4,MSL,development,352,650.1770077832765,515.259803595052,1.0,0.0,0.005681818181818182,15,0.004862188029132916
P-15,MSL,development,673,1.32070902799508,1.6834505979907495,1.274656689934447,0.20386904761904762,0.005943536404160475,5,0.0012626956015151446
F-5,MSL,development,456,2.2579794766664754,6.222422266633678,2.755747929037881,0.18201754385964913,0.006578947368421052,4,0.0004776986046105978
P-11,MSL,development,730,1.8689562079031752,1.80796397015612,1.0,0.0,0.005479452054794521,26,0.004728296754410446
D-15,MSL,development,351,13.5945812999555,12.67939555027325,1.0,0.0,0.005698005698005698,50,0.00769958297359523
