timestep,value,score,threshold,anomaly,evaluation_label
64,-1.0,1.0,1.0,0,0
65,-1.0,1.0,1.0,0,0
66,-1.0,1.0,1.0,0,0
67,-1.0,1.0,1.0,0,0
68,-1.0,1.0,1.0,0,0
69,-1.0,1.0,1.0,0,0
70,-1.0,1.0,1.0,0,0
71,-1.0,1.0,1.0,0,0
72,-1.0,1.0,1.0,0,0
73,-1.0,1.0,1.0,0,0
74,-1.0,1.0,1.0,0,0
75,-1.0,1.0,1.0,0,0
76,-1.0,1.0,1.0,0,0
77,-1.0,1.0,1.0,0,0
78,-1.0,1.0,1.0,0,0
79,-1.0,1.0,1.0,0,0
80,-1.0,1.0,1.0,0,0
81,-1.0,1.0,1.0,0,0
82,-1.0,1.0,1.0,0,0
83,-1.0,1.0,1.0,0,0
84,-1.0,1.0,1.0,0,0
85,-1.0,1.0,1.0,0,0
86,-1.0,1.0,1.0,0,0
87,-1.0,1.0,1.0,0,0
88,-1.0,1.0,1.0,0,0
89,-1.0,1.0,1.0,0,0
90,-1.0,1.0,1.0,0,0
91,-1.0,1.0,1.0,0,0
92,-1.0,1.0,1.0,0,0
93,-1.0,1.0,1.0,0,0
94,-1.0,1.0,1.0,0,0
95,-1.0,1.0,1.0,0,0
96,-1.0,1.0,1.0,0,0
97,-1.0,1.0,1.0,0,0
98,-1.0,1.0,1.0,0,0
99,-1.0,1.0,1.0,0,0
100,-1.0,1.0,1.0,0,0
101,-1.0,1.0,1.0,0,0
102,-1.0,1.0,1.0,0,0
103,-1.0,1.0,1.0,0,0
104,-1.0,1.0,1.0,0,0
105,-1.0,1.0,1.0,0,0
106,-1.0,1.0,1.0,0,0
107,-1.0,1.0,1.0,0,0
108,-1.0,1.0,1.0,0,0
109,-1.0,1.0,1.0,0,0
110,-1.0,1.0,1.0,0,0
111,-1.0,1.0,1.0,0,0
112,-1.0,1.0,1.0,0,0
113,-1.0,1.0,1.0,0,0
114,-1.0,1.0,1.0,0,0
115,-1.0,1.0,1.0,0,0
116,-1.0,1.0,1.0,0,0
117,-1.0,1.0,1.0,0,0
118,-1.0,1.0,1.0,0,0
119,-1.0,1.0,1.0,0,0
120,-1.0,1.0,1.0,0,0
121,-1.0,1.0,1.0,0,0
122,-1.0,1.0,1.0,0,0
123,-1.0,1.0,1.0,0,0
124,-1.0,1.0,1.0,0,0
125,-1.0,1.0,1.0,0,0
126,-1.0,1.0,1.0,0,0
127,-1.0,1.0,1.0,0,0
128,-1.0,1.0,1.0,0,0
129,-1.0,1.0,1.0,0,0
130,-1.0,1.0,1.0,0,0
131,-1.0,1.0,1.0,0,0
132,-1.0,1.0,1.0,0,0
133,-1.0,1.0,1.0,0,0
134,-1.0,1.0,1.0,0,0
135,-1.0,1.0,1.0,0,0
136,-1.0,1.0,1.0,0,0
137,-1.0,1.0,1.0,0,0
138,-1.0,1.0,1.0,0,0
139,-1.0,1.0,1.0,0,0
140,-1.0,1.0,1.0,0,0
141,-1.0,1.0,1.0,0,0
142,-1.0,1.0,1.0,0,0
143,-1.0,1.0,1.0,0,0
144,-1.0,1.0,1.0,0,0
145,-1.0,1.0,1.0,0,0
146,-1.0,1.0,1.0,0,0
147,-1.0,1.0,1.0,0,0
148,-1.0,1.0,1.0,0,0
149,-1.0,1.0,1.0,0,0
150,-1.0,1.0,1.0,0,0
151,-1.0,1.0,1.0,0,0
152,-1.0,1.0,1.0,0,0
153,-1.0,1.0,1.0,0,0
154,-1.0,1.0,1.0,0,0
155,-1.0,1.0,1.0,0,0
156,-1.0,1.0,1.0,0,0
157,-1.0,1.0,1.0,0,0
158,-1.0,1.0,1.0,0,0
159,-1.0,1.0,1.0,0,0
160,-1.0,1.0,1.0,0,0
161,-1.0,1.0,1.0,0,0
162,-1.0,1.0,1.0,0,0
163,-1.0,1.0,1.0,0,0
164,-1.0,1.0,1.0,0,0
165,-1.0,1.0,1.0,0,0
166,-1.0,1.0,1.0,0,0
167,-1.0,1.0,1.0,0,0
168,-1.0,1.0,1.0,0,0
169,-1.0,1.0,1.0,0,0
170,-1.0,1.0,1.0,0,0
171,-1.0,1.0,1.0,0,0
172,-1.0,1.0,1.0,0,0
173,-1.0,1.0,1.0,0,0
174,-1.0,1.0,1.0,0,0
175,-1.0,1.0,1.0,0,0
176,-1.0,1.0,1.0,0,0
177,-1.0,1.0,1.0,0,0
178,-1.0,1.0,1.0,0,0
179,-1.0,1.0,1.0,0,0
180,-1.0,1.0,1.0,0,0
181,-1.0,1.0,1.0,0,0
182,-1.0,1.0,1.0,0,0
183,-1.0,1.0,1.0,0,0
184,-1.0,1.0,1.0,0,0
185,-1.0,1.0,1.0,0,0
186,-1.0,1.0,1.0,0,0
187,-1.0,1.0,1.0,0,0
188,-1.0,1.0,1.0,0,0
189,-1.0,1.0,1.0,0,0
190,-1.0,1.0,1.0,0,0
191,-1.0,1.0,1.0,0,0
192,-1.0,1.0,1.0,0,0
193,-1.0,1.0,1.0,0,0
194,-1.0,1.0,1.0,0,0
195,-1.0,1.0,1.0,0,0
196,-1.0,1.0,1.0,0,0
197,-1.0,1.0,1.0,0,0
198,-1.0,1.0,1.0,0,0
199,-1.0,1.0,1.0,0,0
200,-1.0,1.0,1.0,0,0
201,-1.0,1.0,1.0,0,0
202,-1.0,1.0,1.0,0,0
203,-1.0,1.0,1.0,0,0
204,-1.0,1.0,1.0,0,0
205,-1.0,1.0,1.0,0,0
206,-1.0,1.0,1.0,0,0
207,-1.0,1.0,1.0,0,0
208,-1.0,1.0,1.0,0,0
209,-1.0,1.0,1.0,0,0
210,-1.0,1.0,1.0,0,0
211,-1.0,1.0,1.0,0,0
212,-1.0,1.0,1.0,0,0
213,-1.0,1.0,1.0,0,0
214,-1.0,1.0,1.0,0,0
215,-1.0,1.0,1.0,0,0
216,-1.0,1.0,1.0,0,0
217,-1.0,1.0,1.0,0,0
218,-1.0,1.0,1.0,0,0
219,-1.0,1.0,1.0,0,0
220,-1.0,1.0,1.0,0,0
221,-1.0,1.0,1.0,0,0
222,-1.0,1.0,1.0,0,0
223,-1.0,1.0,1.0,0,0
224,-1.0,1.0,1.0,0,0
225,-1.0,1.0,1.0,0,0
226,-1.0,1.0,1.0,0,0
227,-1.0,1.0,1.0,0,0
228,-1.0,1.0,1.0,0,0
229,-1.0,1.0,1.0,0,0
230,-1.0,1.0,1.0,0,0
231,-1.0,1.0,1.0,0,0
232,-1.0,1.0,1.0,0,0
233,-1.0,1.0,1.0,0,0
234,-1.0,1.0,1.0,0,0
235,-1.0,1.0,1.0,0,0
236,-1.0,1.0,1.0,0,0
237,-1.0,1.0,1.0,0,0
238,-1.0,1.0,1.0,0,0
239,-1.0,1.0,1.0,0,0
240,-1.0,1.0,1.0,0,0
241,-1.0,1.0,1.0,0,0
242,-1.0,1.0,1.0,0,0
243,-1.0,1.0,1.0,0,0
244,-1.0,1.0,1.0,0,0
245,-1.0,1.0,1.0,0,0
246,-1.0,1.0,1.0,0,0
247,-1.0,1.0,1.0,0,0
248,-1.0,1.0,1.0,0,0
249,-1.0,1.0,1.0,0,0
250,-1.0,1.0,1.0,0,0
251,-1.0,1.0,1.0,0,0
252,-1.0,1.0,1.0,0,0
253,-1.0,1.0,1.0,0,0
254,-1.0,1.0,1.0,0,0
255,-1.0,1.0,1.0,0,0
256,-1.0,1.0,1.0,0,0
257,-1.0,1.0,1.0,0,0
258,-1.0,1.0,1.0,0,0
259,-1.0,1.0,1.0,0,0
260,-1.0,1.0,1.0,0,0
261,-1.0,1.0,1.0,0,0
262,-1.0,1.0,1.0,0,0
263,-1.0,1.0,1.0,0,0
264,-1.0,1.0,1.0,0,0
265,-1.0,1.0,1.0,0,0
266,-1.0,1.0,1.0,0,0
267,-1.0,1.0,1.0,0,0
268,-1.0,1.0,1.0,0,0
269,-1.0,1.0,1.0,0,0
270,-1.0,1.0,1.0,0,0
271,-1.0,1.0,1.0,0,0
272,-1.0,1.0,1.0,0,0
273,-1.0,1.0,1.0,0,0
274,-1.0,1.0,1.0,0,0
275,-1.0,1.0,1.0,0,0
276,-1.0,1.0,1.0,0,0
277,-1.0,1.0,1.0,0,0
278,-1.0,1.0,1.0,0,0
279,-1.0,1.0,1.0,0,0
280,-1.0,1.0,1.0,0,0
281,-1.0,1.0,1.0,0,0
282,-1.0,1.0,1.0,0,0
283,-1.0,1.0,1.0,0,0
284,-1.0,1.0,1.0,0,0
285,-1.0,1.0,1.0,0,0
286,-1.0,1.0,1.0,0,0
287,-1.0,1.0,1.0,0,0
288,-1.0,1.0,1.0,0,0
289,-1.0,1.0,1.0,0,0
290,-1.0,1.0,1.0,0,0
291,-1.0,1.0,1.0,0,0
292,-1.0,1.0,1.0,0,0
293,-1.0,1.0,1.0,0,0
294,-1.0,1.0,1.0,0,0
295,-1.0,1.0,1.0,0,0
296,-1.0,1.0,1.0,0,0
297,-1.0,1.0,1.0,0,0
298,-1.0,1.0,1.0,0,0
299,-1.0,1.0,1.0,0,0
300,-1.0,1.0,1.0,0,0
301,-1.0,1.0,1.0,0,0
302,-1.0,1.0,1.0,0,0
303,-1.0,1.0,1.0,0,0
304,-1.0,1.0,1.0,0,0
305,-1.0,1.0,1.0,0,0
306,-1.0,1.0,1.0,0,0
307,-1.0,1.0,1.0,0,0
308,-1.0,1.0,1.0,0,0
309,-1.0,1.0,1.0,0,0
310,-1.0,1.0,1.0,0,0
311,-1.0,1.0,1.0,0,0
312,-1.0,1.0,1.0,0,0
313,-1.0,1.0,1.0,0,0
314,-1.0,1.0,1.0,0,0
315,-1.0,1.0,1.0,0,0
316,-1.0,1.0,1.0,0,0
317,-1.0,1.0,1.0,0,0
318,-1.0,1.0,1.0,0,0
319,-1.0,1.0,1.0,0,0
320,-1.0,1.0,1.0,0,0
321,-1.0,1.0,1.0,0,0
322,-1.0,1.0,1.0,0,0
323,-1.0,1.0,1.0,0,0
324,-1.0,1.0,1.0,0,0
325,-1.0,1.0,1.0,0,0
326,-1.0,1.0,1.0,0,0
327,-1.0,1.0,1.0,0,0
328,-1.0,1.0,1.0,0,0
329,-1.0,1.0,1.0,0,0
330,-1.0,1.0,1.0,0,0
331,-1.0,1.0,1.0,0,0
332,-1.0,1.0,1.0,0,0
333,-1.0,1.0,1.0,0,0
334,-1.0,1.0,1.0,0,0
335,-1.0,1.0,1.0,0,0
336,-1.0,1.0,1.0,0,0
337,-1.0,1.0,1.0,0,0
338,-1.0,1.0,1.0,0,0
339,-1.0,1.0,1.0,0,0
340,-1.0,1.0,1.0,0,0
341,-1.0,1.0,1.0,0,0
342,-1.0,1.0,1.0,0,0
343,-1.0,1.0,1.0,0,0
344,-1.0,1.0,1.0,0,0
345,-1.0,1.0,1.0,0,0
346,-1.0,1.0,1.0,0,0
347,-1.0,1.0,1.0,0,0
348,-1.0,1.0,1.0,0,0
349,-1.0,1.0,1.0,0,0
350,-1.0,1.0,1.0,0,0
351,-1.0,1.0,1.0,0,0
352,-1.0,1.0,1.0,0,0
353,-1.0,1.0,1.0,0,0
354,-1.0,1.0,1.0,0,0
355,-1.0,1.0,1.0,0,0
356,-1.0,1.0,1.0,0,0
357,-1.0,1.0,1.0,0,0
358,-1.0,1.0,1.0,0,0
359,-1.0,1.0,1.0,0,0
360,-1.0,1.0,1.0,0,0
361,-1.0,1.0,1.0,0,0
362,-1.0,1.0,1.0,0,0
363,-1.0,1.0,1.0,0,0
364,-1.0,1.0,1.0,0,0
365,-1.0,1.0,1.0,0,0
366,-1.0,1.0,1.0,0,0
367,-1.0,1.0,1.0,0,0
368,-1.0,1.0,1.0,0,0
369,-1.0,1.0,1.0,0,0
370,-1.0,1.0,1.0,0,0
371,-1.0,1.0,1.0,0,0
372,-1.0,1.0,1.0,0,0
373,-1.0,1.0,1.0,0,0
374,-1.0,1.0,1.0,0,0
375,-1.0,1.0,1.0,0,0
376,-1.0,1.0,1.0,0,0
377,-1.0,1.0,1.0,0,0
378,-1.0,1.0,1.0,0,0
379,-1.0,1.0,1.0,0,0
380,-1.0,1.0,1.0,0,0
381,-1.0,1.0,1.0,0,0
382,-1.0,1.0,1.0,0,0
383,-1.0,1.0,1.0,0,0
384,-1.0,1.0,1.0,0,0
385,-1.0,1.0,1.0,0,0
386,-1.0,1.0,1.0,0,0
387,-1.0,1.0,1.0,0,0
388,-1.0,1.0,1.0,0,0
389,-1.0,1.0,1.0,0,0
390,-1.0,1.0,1.0,0,0
391,-1.0,1.0,1.0,0,0
392,-1.0,1.0,1.0,0,0
393,-1.0,1.0,1.0,0,0
394,-1.0,1.0,1.0,0,0
395,-1.0,1.0,1.0,0,0
396,-1.0,1.0,1.0,0,0
397,-1.0,1.0,1.0,0,0
398,-1.0,1.0,1.0,0,0
399,-1.0,1.0,1.0,0,0
400,-1.0,1.0,1.0,0,0
401,-1.0,1.0,1.0,0,0
402,-1.0,1.0,1.0,0,0
403,-1.0,1.0,1.0,0,0
404,-1.0,1.0,1.0,0,0
405,-1.0,1.0,1.0,0,0
406,-1.0,1.0,1.0,0,0
407,-1.0,1.0,1.0,0,0
408,-1.0,1.0,1.0,0,0
409,-1.0,1.0,1.0,0,0
410,-1.0,1.0,1.0,0,0
411,-1.0,1.0,1.0,0,0
412,-1.0,1.0,1.0,0,0
413,-1.0,1.0,1.0,0,0
414,-1.0,1.0,1.0,0,0
415,-1.0,1.0,1.0,0,0
416,-1.0,1.0,1.0,0,0
417,-1.0,1.0,1.0,0,0
418,-1.0,1.0,1.0,0,0
419,-1.0,1.0,1.0,0,0
420,-1.0,1.0,1.0,0,0
421,-1.0,1.0,1.0,0,0
422,-1.0,1.0,1.0,0,0
423,-1.0,1.0,1.0,0,0
424,-1.0,1.0,1.0,0,0
425,-1.0,1.0,1.0,0,0
426,-1.0,1.0,1.0,0,0
427,-1.0,1.0,1.0,0,0
428,-1.0,1.0,1.0,0,0
429,-1.0,1.0,1.0,0,0
430,-1.0,1.0,1.0,0,0
431,-1.0,1.0,1.0,0,0
432,-1.0,1.0,1.0,0,0
433,-1.0,1.0,1.0,0,0
434,-1.0,1.0,1.0,0,0
435,-1.0,1.0,1.0,0,0
436,-1.0,1.0,1.0,0,0
437,-1.0,1.0,1.0,0,0
438,-1.0,1.0,1.0,0,0
439,-1.0,1.0,1.0,0,0
440,-1.0,1.0,1.0,0,0
441,-1.0,1.0,1.0,0,0
442,-1.0,1.0,1.0,0,0
443,-1.0,1.0,1.0,0,0
444,-1.0,1.0,1.0,0,0
445,-1.0,1.0,1.0,0,0
446,-1.0,1.0,1.0,0,0
447,-1.0,1.0,1.0,0,0
448,-1.0,1.0,1.0,0,0
449,-1.0,1.0,1.0,0,0
450,-1.0,1.0,1.0,0,0
451,-1.0,1.0,1.0,0,0
452,-1.0,1.0,1.0,0,0
453,-1.0,1.0,1.0,0,0
454,-1.0,1.0,1.0,0,0
455,-1.0,1.0,1.0,0,0
456,-1.0,1.0,1.0,0,0
457,-1.0,1.0,1.0,0,0
458,-1.0,1.0,1.0,0,0
459,-1.0,1.0,1.0,0,0
460,-1.0,1.0,1.0,0,0
461,-1.0,1.0,1.0,0,0
462,-1.0,1.0,1.0,0,0
463,-1.0,1.0,1.0,0,0
464,-1.0,1.0,1.0,0,0
465,-1.0,1.0,1.0,0,0
466,-1.0,1.0,1.0,0,0
467,-1.0,1.0,1.0,0,0
468,-1.0,1.0,1.0,0,0
469,-1.0,1.0,1.0,0,0
470,-1.0,1.0,1.0,0,0
471,-1.0,1.0,1.0,0,0
472,-1.0,1.0,1.0,0,0
473,-1.0,1.0,1.0,0,0
474,-1.0,1.0,1.0,0,0
475,-1.0,1.0,1.0,0,0
476,-1.0,1.0,1.0,0,0
477,-1.0,1.0,1.0,0,0
478,-1.0,1.0,1.0,0,0
479,-1.0,1.0,1.0,0,0
480,-1.0,1.0,1.0,0,0
481,-1.0,1.0,1.0,0,0
482,-1.0,1.0,1.0,0,0
483,-1.0,1.0,1.0,0,0
484,-1.0,1.0,1.0,0,0
485,-1.0,1.0,1.0,0,0
486,-1.0,1.0,1.0,0,0
487,-1.0,1.0,1.0,0,0
488,-1.0,1.0,1.0,0,0
489,-1.0,1.0,1.0,0,0
490,-1.0,1.0,1.0,0,0
491,-1.0,1.0,1.0,0,0
492,-1.0,1.0,1.0,0,0
493,-1.0,1.0,1.0,0,0
494,-1.0,1.0,1.0,0,0
495,-1.0,1.0,1.0,0,0
496,-1.0,1.0,1.0,0,0
497,-1.0,1.0,1.0,0,0
498,-1.0,1.0,1.0,0,0
499,-1.0,1.0,1.0,0,0
500,-1.0,1.0,1.0,0,0
501,-1.0,1.0,1.0,0,0
502,-1.0,1.0,1.0,0,0
503,-1.0,1.0,1.0,0,0
504,-1.0,1.0,1.0,0,0
505,-1.0,1.0,1.0,0,0
506,-1.0,1.0,1.0,0,0
507,-1.0,1.0,1.0,0,0
508,-1.0,1.0,1.0,0,0
509,-1.0,1.0,1.0,0,0
510,-1.0,1.0,1.0,0,0
511,-1.0,1.0,1.0,0,0
512,-1.0,1.0,1.0,0,0
513,-1.0,1.0,1.0,0,0
514,-1.0,1.0,1.0,0,0
515,-1.0,1.0,1.0,0,0
516,-1.0,1.0,1.0,0,0
517,-1.0,1.0,1.0,0,0
518,-1.0,1.0,1.0,0,0
519,-1.0,1.0,1.0,0,0
520,-1.0,1.0,1.0,0,0
521,-1.0,1.0,1.0,0,0
522,-1.0,1.0,1.0,0,0
523,-1.0,1.0,1.0,0,0
524,-1.0,1.0,1.0,0,0
525,-1.0,1.0,1.0,0,0
526,-1.0,1.0,1.0,0,0
527,-1.0,1.0,1.0,0,0
528,-1.0,1.0,1.0,0,0
529,-1.0,1.0,1.0,0,0
530,-1.0,1.0,1.0,0,0
531,-1.0,1.0,1.0,0,0
532,-1.0,1.0,1.0,0,0
533,-1.0,1.0,1.0,0,0
534,-1.0,1.0,1.0,0,0
535,-1.0,1.0,1.0,0,0
536,-1.0,1.0,1.0,0,0
537,-1.0,1.0,1.0,0,0
538,-1.0,1.0,1.0,0,0
539,-1.0,1.0,1.0,0,0
540,-1.0,1.0,1.0,0,0
541,-1.0,1.0,1.0,0,0
542,-1.0,1.0,1.0,0,0
543,-1.0,1.0,1.0,0,0
544,-1.0,1.0,1.0,0,0
545,-1.0,1.0,1.0,0,0
546,-1.0,1.0,1.0,0,0
547,-1.0,1.0,1.0,0,0
548,-1.0,1.0,1.0,0,0
549,-1.0,1.0,1.0,0,0
550,-1.0,1.0,1.0,0,0
551,-1.0,1.0,1.0,0,0
552,-1.0,1.0,1.0,0,0
553,-1.0,1.0,1.0,0,0
554,-1.0,1.0,1.0,0,0
555,-1.0,1.0,1.0,0,0
556,-1.0,1.0,1.0,0,0
557,-1.0,1.0,1.0,0,0
558,-1.0,1.0,1.0,0,0
559,-1.0,1.0,1.0,0,0
560,-1.0,1.0,1.0,0,0
561,-1.0,1.0,1.0,0,0
562,-1.0,1.0,1.0,0,0
563,-1.0,1.0,1.0,0,0
564,-1.0,1.0,1.0,0,0
565,-1.0,1.0,1.0,0,0
566,-1.0,1.0,1.0,0,0
567,-1.0,1.0,1.0,0,0
568,-1.0,1.0,1.0,0,0
569,-1.0,1.0,1.0,0,0
570,-1.0,1.0,1.0,0,0
571,-1.0,1.0,1.0,0,0
572,-1.0,1.0,1.0,0,0
573,-1.0,1.0,1.0,0,0
574,-1.0,1.0,1.0,0,0
575,-1.0,1.0,1.0,0,0
576,-1.0,1.0,1.0,0,0
577,-1.0,1.0,1.0,0,0
578,-1.0,1.0,1.0,0,0
579,-1.0,1.0,1.0,0,0
580,-1.0,1.0,1.0,0,0
581,-1.0,1.0,1.0,0,0
582,-1.0,1.0,1.0,0,0
583,-1.0,1.0,1.0,0,0
584,-1.0,1.0,1.0,0,0
585,-1.0,1.0,1.0,0,0
586,-1.0,1.0,1.0,0,0
587,-1.0,1.0,1.0,0,0
588,-1.0,1.0,1.0,0,0
589,-1.0,1.0,1.0,0,0
590,-1.0,1.0,1.0,0,0
591,-1.0,1.0,1.0,0,0
592,-1.0,1.0,1.0,0,0
593,-1.0,1.0,1.0,0,0
594,-1.0,1.0,1.0,0,0
595,-1.0,1.0,1.0,0,0
596,-1.0,1.0,1.0,0,0
597,-1.0,1.0,1.0,0,0
598,-1.0,1.0,1.0,0,0
599,-1.0,1.0,1.0,0,0
600,-1.0,1.0,1.0,0,1
601,-1.0,1.0,1.0,0,1
602,-0.9854053103569544,2.216035196348,1.0,1,1
603,-0.9704589414454018,5.065513877778,1.0,1,1
604,-0.9489185862493406,8.985850542836,1.0,1,1
605,-0.9272023914190258,13.955911657089,1.0,1,1
606,-0.906717074028486,19.150236648378,1.0,1,1
607,-0.8950237383506242,24.107931495329,1.0,1,1
608,-0.8950237383506242,27.9107911625,1.0,1,1
609,-1.0,27.740439315846,1.0,1,1
610,-1.0,26.961724237905,1.0,1,1
611,-0.8950237383506242,33.076591824083,1.0,1,1
612,-0.8865834359064533,35.984055065237,1.0,1,1
613,-0.877088095656761,40.356405827642,1.0,1,1
614,-0.8570423773518551,44.749538270942,1.0,1,1
615,-0.8380516968524705,49.234329577634,1.0,1,1
616,-0.8180059785475646,53.556272189273,1.0,1,1
617,-0.800246175487955,58.722582208307,1.0,1,1
618,-0.7905749956040091,63.218594128103,1.0,1,1
619,-0.7905749956040091,68.31155283239,1.0,1,1
620,-0.7905749956040091,72.452288745493,1.0,1,1
621,-0.7905749956040091,78.011415711988,1.0,1,1
622,-1.0,76.492916686622,1.0,1,1
623,-1.0,75.75358267188,1.0,1,1
624,-0.7905749956040091,82.346477415424,1.0,1,1
625,-0.7817830138913311,83.906717209352,1.0,1,1
626,-0.7654299279057499,86.177233193753,1.0,1,1
627,-0.7503956391770705,90.919123050524,1.0,1,1
628,-0.7353613504483911,95.05174585983,1.0,1,1
629,-0.7195357833655707,97.75365334225,1.0,1,1
630,-0.7037102162827501,101.368499261866,1.0,1,1
631,-0.7037102162827501,103.412326071163,1.0,1,1
632,-0.7037102162827501,108.372504380236,1.0,1,1
633,-1.0,108.628851770777,1.0,1,1
634,-1.0,108.612710508037,1.0,1,1
635,-0.7037102162827501,115.979849429141,1.0,1,1
636,-0.7029189379286092,118.062580949371,1.0,1,1
637,-0.6853349745032531,122.890960341743,1.0,1,1
638,-0.6576402321083172,124.561832013059,1.0,1,1
639,-0.6304730086161421,129.004205645952,1.0,1,1
640,-0.6005802707930368,132.226355267634,1.0,1,1
641,-0.5765781607174256,139.724306529304,1.0,1,1
642,-0.5719184104097064,143.415704419968,1.0,1,1
643,-0.5719184104097064,148.763124153297,1.0,1,1
644,-0.5719184104097064,153.859584977697,1.0,1,1
645,-1.0,156.438547635794,1.0,1,1
646,-1.0,154.339926462761,1.0,1,1
647,-0.5719184104097064,163.585959476874,1.0,1,1
648,-1.0,160.289850171458,1.0,1,1
649,-1.0,156.073887439005,1.0,1,1
650,-0.5719184104097064,166.832694271697,1.0,1,1
651,-0.5700720942500439,164.644941528926,1.0,1,1
652,-0.5647969052224371,168.899924834721,1.0,1,1
653,-0.554422366801477,167.476694102727,1.0,1,1
654,-0.4840865131000527,169.808366483951,1.0,1,1
655,-0.42790574995604,177.268195090021,1.0,1,1
656,-0.3817478459644804,182.230841592922,1.0,1,1
657,-0.37831897309653595,196.95394099262,1.0,1,1
658,-0.37831897309653595,201.097804322344,1.0,1,1
659,-0.37831897309653595,213.600259471401,1.0,1,1
660,-1.0,209.979852784533,1.0,1,1
661,-1.0,211.0359252041,1.0,1,1
662,-0.37831897309653595,223.027065973856,1.0,1,1
663,-0.3675927554070687,228.603776246138,1.0,1,1
664,-0.34860207490768413,230.335361259533,1.0,1,1
665,-0.33101811148232807,241.341790330892,1.0,1,1
666,-0.29461930719184104,236.351417560596,1.0,1,1
667,-0.2807279760858097,246.248727165139,1.0,1,1
668,-0.26877088095656754,244.661356579277,1.0,1,1
669,-0.2633198522947072,246.178940509324,1.0,1,1
670,-0.2633198522947072,255.223007995292,1.0,1,1
671,-0.2633198522947072,258.388128046253,1.0,1,1
672,-1.0,266.508671284695,1.0,1,1
673,-1.0,266.161966683819,1.0,1,1
674,-0.2633198522947072,271.012011037161,1.0,1,1
675,-0.26112185686653766,282.314794460029,1.0,1,1
676,-0.25127483734833833,272.827221088606,1.0,1,1
677,-0.21259011781255488,287.589166734023,1.0,1,1
678,-0.13372604184983294,278.482267031308,1.0,1,1
679,-0.07903991559697554,296.105429613161,1.0,1,1
680,-0.04589414454017937,292.433917490973,1.0,1,1
681,-0.04536662563741867,306.268080067179,1.0,1,1
682,-0.04536662563741867,302.434652638395,1.0,1,1
683,-1.0,325.136337583589,1.0,1,1
684,-1.0,312.250682124186,1.0,1,1
685,-0.04536662563741867,346.81800032815,1.0,1,1
686,-1.0,321.216274860211,1.0,1,1
687,-1.0,328.168271710045,1.0,1,1
688,-0.04536662563741867,334.648813395414,1.0,1,1
689,-1.0,348.608011246318,1.0,1,1
690,-1.0,350.081616894563,1.0,1,1
691,-0.04536662563741867,365.502331444578,1.0,1,1
692,-1.0,370.465577006166,1.0,1,1
693,-0.04536662563741867,382.720726109594,1.0,1,1
694,-0.04501494636891157,375.843274575757,1.0,1,1
695,-0.03727800246175483,408.423388836021,1.0,1,1
696,-0.029716898188851704,386.04502687555,1.0,1,1
697,-0.0068577457358888205,420.821197323281,1.0,1,1
698,0.0538069280815896,409.778145116071,1.0,1,1
699,0.0950413223140496,433.204191265932,1.0,1,1
700,0.09609636011957101,421.309532687894,1.0,1,1
701,0.09609636011957101,461.323528422272,1.0,1,1
702,0.09609636011957101,442.922148666154,1.0,1,1
703,-1.0,475.293716811847,1.0,1,1
704,0.0957446808510638,456.980430613987,1.0,1,1
705,0.09609636011957101,490.58789229894,1.0,1,1
706,0.12669245647969052,450.418650933499,1.0,1,1
707,0.18260946017232293,491.969727401061,1.0,1,1
708,0.22472305257605063,459.95376101629,1.0,1,1
709,0.3187972569017057,480.043972262311,1.0,1,1
710,0.4370494109372254,464.296940884593,1.0,1,1
711,0.5089678213469317,494.836966163426,1.0,1,1
712,0.5089678213469317,484.441854937822,1.0,1,1
713,0.5089678213469317,504.881046617772,1.0,1,1
714,0.5089678213469317,508.314077169091,1.0,1,1
715,-1.0,530.228658617861,1.0,1,1
716,-1.0,543.258773916445,1.0,1,1
717,0.5068577457358889,562.817593659012,1.0,1,1
718,0.5089678213469317,581.160041902669,1.0,1,1
719,0.512484614032003,568.557481974215,1.0,1,1
720,0.5603129945489713,581.544436244792,1.0,1,1
721,0.6535959205204853,602.512123283422,1.0,1,1
722,0.754264111130649,594.154773523027,1.0,1,1
723,0.8995076490240901,626.610464546828,1.0,1,1
724,0.9857569896254617,613.642062487964,1.0,1,1
725,0.9857569896254617,648.842878110126,1.0,1,1
726,-1.0,644.166705822022,1.0,1,1
727,-1.0,659.172184170457,1.0,1,1
728,0.9356426938631968,687.735266664208,1.0,1,1
729,0.9857569896254617,704.292019527643,1.0,1,1
730,0.9857569896254617,734.455898261519,1.0,1,1
731,0.9857569896254617,707.100222283713,1.0,1,1
732,-1.0,762.380955584146,1.0,1,1
733,0.8322489889221032,741.667580366689,1.0,1,1
734,0.9857569896254617,798.682788842133,1.0,1,1
735,0.9857569896254617,755.003769784927,1.0,1,1
736,0.9857569896254617,820.348970753989,1.0,1,1
737,-1.0,776.174798841459,1.0,1,1
738,0.8119395111658168,841.610321438822,1.0,1,1
739,0.9857569896254617,782.623880868713,1.0,1,1
740,-1.0,873.001743615234,1.0,1,1
741,-1.0,786.510066910701,1.0,1,1
742,0.813082468788465,877.043001271347,1.0,1,1
743,0.9857569896254617,796.803970899942,1.0,1,1
744,-1.0,878.701449553252,1.0,1,1
745,0.8062247230525761,793.381467475915,1.0,1,1
746,0.9857569896254617,908.926904012041,1.0,1,1
747,0.9857569896254617,811.762884272219,1.0,1,1
748,0.9857569896254617,900.343664978087,1.0,1,1
749,-1.0,833.498894804203,1.0,1,1
750,0.8062247230525761,886.479889260725,1.0,1,1
751,0.9857569896254617,835.702177821241,1.0,1,1
752,0.9857569896254617,847.004447508481,1.0,1,1
753,0.9857569896254617,842.712427998768,1.0,1,1
754,-1.0,849.244109645209,1.0,1,1
755,-1.0,841.123064464461,1.0,1,1
756,0.805081765429928,899.063179214781,1.0,1,1
757,0.9857569896254617,825.326569631816,1.0,1,1
758,-1.0,907.881715065548,1.0,1,1
759,-1.0,863.274148014913,1.0,1,1
760,0.7553191489361704,932.432354200034,1.0,1,1
761,0.9857569896254617,858.016309974337,1.0,1,1
762,-1.0,952.505261383967,1.0,1,1
763,0.6091084930543345,841.512619869254,1.0,1,1
764,0.9857569896254617,942.897101176358,1.0,1,1
765,0.9763495691928961,831.902015094711,1.0,1,1
766,0.9893617021276597,921.089086839208,1.0,1,1
767,0.9893617021276597,854.930929797182,1.0,1,1
768,0.9893617021276597,895.758047216277,1.0,1,1
769,-1.0,876.587153092313,1.0,1,1
770,0.5988218744505012,908.992962098394,1.0,1,1
771,0.9893617021276597,896.33485396021,1.0,1,1
772,0.9893617021276597,930.141858268743,1.0,1,1
773,0.9893617021276597,913.982189386133,1.0,1,1
774,0.9893617021276597,930.742143187284,1.0,1,1
775,-1.0,961.545562341018,1.0,1,1
776,-1.0,964.528147069778,1.0,1,1
777,0.5818533497450327,1007.302522369692,1.0,1,1
778,0.9893617021276597,949.559330013235,1.0,1,1
779,0.9893617021276597,987.19571778195,1.0,1,1
780,-1.0,915.985842608905,1.0,1,1
781,-1.0,1000.200349122253,1.0,1,1
782,0.570863372604185,939.834139723819,1.0,1,1
783,0.9893617021276597,991.237654766856,1.0,1,1
784,0.9893617021276597,976.366604018613,1.0,1,1
785,0.9893617021276597,950.526265798326,1.0,1,1
786,-1.0,965.040955885063,1.0,1,1
787,-1.0,957.97777625109,1.0,1,1
788,0.5640056268682963,983.37499062563,1.0,1,1
789,0.9893617021276597,1006.694400306393,1.0,1,1
790,0.9876033057851241,1045.156616234409,1.0,1,1
791,0.9877791454193776,956.963264493724,1.0,1,1
792,1.0,1008.88322527348,1.0,1,1
793,1.0,967.310768594329,1.0,1,1
794,0.9934939335326183,1016.897392291674,1.0,1,1
795,0.9934939335326183,1042.267140395516,1.0,1,1
796,0.9934939335326183,1060.335934177798,1.0,1,1
797,-1.0,1006.452056057495,1.0,1,1
798,0.9934939335326183,1060.270321907676,1.0,1,1
799,0.9829435554774046,983.900413687484,1.0,1,1
800,0.9788113240724461,1038.077632597411,1.0,1,1
801,0.9840865131000529,971.537273038032,1.0,1,1
802,0.9840865131000529,983.368601140689,1.0,1,1
803,0.9840865131000529,968.519994171915,1.0,1,1
804,-1.0,1032.840499286515,1.0,1,1
805,-1.0,968.898217162887,1.0,1,1
806,0.9840865131000529,1046.961502940453,1.0,1,1
807,0.9839106734657992,974.754980998484,1.0,1,1
808,0.9839106734657992,1027.064600560137,1.0,1,1
809,0.9839106734657992,969.850733435904,1.0,1,1
810,-1.0,1073.070505722164,1.0,1,1
811,-1.0,1012.610386410376,1.0,1,1
812,0.9839106734657992,1116.880039763202,1.0,1,1
813,-1.0,997.739733813348,1.0,1,1
814,-1.0,1106.40161782264,1.0,1,1
815,0.9839106734657992,1049.713182427121,1.0,1,1
816,-1.0,1115.81029103899,1.0,1,1
817,0.9839106734657992,1068.066517655931,1.0,1,1
818,0.9855811499912082,1107.932984591262,1.0,1,1
819,0.9847898716370671,991.45008162511,1.0,1,1
820,0.9847898716370671,1060.962151168024,1.0,1,1
821,-1.0,1074.284222371282,1.0,1,1
822,-1.0,1098.686211369935,1.0,1,1
823,0.9847898716370671,1043.250722368867,1.0,1,1
824,0.9596448039388079,1054.94642806124,1.0,1,1
825,0.9786354844381924,1077.055956743633,1.0,1,1
826,0.980833479866362,1091.784038171982,1.0,1,1
827,0.983998593282926,1072.329863781639,1.0,1,1
828,0.983998593282926,1113.170353395866,1.0,1,1
829,0.983998593282926,1048.581630666759,1.0,1,1
830,-1.0,1073.192574512102,1.0,1,1
831,-1.0,1093.22196034573,1.0,1,1
832,0.983998593282926,1118.115217824542,1.0,1,1
833,0.983998593282926,1035.513875231816,1.0,1,1
834,0.983998593282926,1123.549211835189,1.0,1,1
835,-1.0,1044.576119913447,1.0,1,1
836,0.983998593282926,1136.950990208795,1.0,1,1
837,0.8212590117812555,1045.001287090044,1.0,1,1
838,0.42720239141902594,1160.492830799575,1.0,1,1
839,-0.12554949885704236,1024.249335952209,1.0,1,1
840,-0.45990856339018815,1095.352218661062,1.0,1,1
841,-0.550026375945138,985.45376254638,1.0,1,1
842,-1.0,1117.652614309496,1.0,1,1
843,-1.0,1093.476677812216,1.0,1,1
844,-0.9831193951116581,1115.096046422728,1.0,1,1
845,-0.550026375945138,1054.967124606247,1.0,1,1
846,-0.5876560576754,1038.156265651946,1.0,1,1
847,-0.5863372604184983,1025.768055794092,1.0,1,1
848,-0.5863372604184983,1062.511726906767,1.0,1,1
849,-0.5863372604184983,1039.641769014071,1.0,1,1
850,-1.0,1071.415778259911,1.0,1,1
851,-1.0,1073.764559286094,1.0,1,1
852,-0.9831193951116581,1076.461422864147,1.0,1,1
853,-0.5863372604184983,1042.307163890756,1.0,1,1
854,-0.626868296113944,968.438394757714,1.0,1,1
855,-0.6326710040443115,1004.762095073203,1.0,1,1
856,-0.6161420784244769,932.384270990691,1.0,1,1
857,-0.6153508000703358,1015.201992103726,1.0,1,1
858,-0.5972393177422191,922.900793198169,1.0,1,1
859,-0.5915245296289784,1012.110850999848,1.0,1,1
860,-0.5915245296289784,966.927329504691,1.0,1,1
861,-0.5915245296289784,967.934030877525,1.0,1,1
862,-1.0,924.558032630242,1.0,1,1
863,-1.0,960.053037507269,1.0,1,1
864,-0.9771408475470371,942.278442210694,1.0,1,1
865,-0.5915245296289784,973.997229067883,1.0,1,1
866,-1.0,935.482113144664,1.0,1,1
867,-1.0,964.323377929008,1.0,1,1
868,-0.9771408475470371,941.154135338962,1.0,1,1
869,-0.5915245296289784,947.275719563156,1.0,1,1
870,-0.5803587128538772,910.279171923686,1.0,1,1
871,-0.5946017232284156,905.899478176847,1.0,1,1
872,-0.5772815192544399,893.023455304107,1.0,1,1
873,-0.5772815192544399,908.563492555396,1.0,1,1
874,-1.0,877.515831908111,1.0,1,1
875,-1.0,863.04525632823,1.0,1,1
876,-0.9637770353437665,890.672287960761,1.0,1,1
877,-0.5772815192544399,869.891297724543,1.0,1,1
878,-0.6182521540355196,813.966343115321,1.0,1,1
879,-0.6098997714084755,798.416956551402,1.0,1,1
880,-0.6408475470371022,767.679969028025,1.0,1,1
881,-0.6202743098294355,756.791344572622,1.0,1,1
882,-0.6314401266045366,740.885819403206,1.0,1,1
883,-0.6219447863548444,748.05705892288,1.0,1,1
884,-0.5997889924388957,743.564660586801,1.0,1,1
885,-0.5997889924388957,727.484888110256,1.0,1,1
886,-0.5997889924388957,674.35057996924,1.0,1,1
887,-1.0,675.81724259051,1.0,1,1
888,-0.8931774221909619,667.933995524598,1.0,1,1
889,-0.5997889924388957,659.9308507533,1.0,1,1
890,-1.0,638.201833184488,1.0,1,1
891,-1.0,619.242621131138,1.0,1,1
892,-0.8931774221909619,610.080157370988,1.0,1,1
893,-0.5997889924388957,564.741665084567,1.0,1,1
894,-1.0,536.292498624282,1.0,1,1
895,-1.0,551.9898531051,1.0,1,1
896,-0.8931774221909619,493.418915749649,1.0,1,1
897,-0.5997889924388957,426.694247424012,1.0,1,1
898,-0.596887638473712,440.764519744057,1.0,1,1
899,-0.5930191665201336,410.171106497378,1.0,1,1
900,-0.594865482679796,368.854476337267,1.0,1,1
901,-0.61605415860735,301.522552675338,1.0,1,1
902,-0.5980305960963601,256.216714229483,1.0,1,1
903,-0.6427817830138913,234.781225171662,1.0,1,1
904,-0.6192192720239142,230.824716089209,1.0,1,1
905,-0.6192192720239142,225.554005329594,1.0,1,1
906,-0.6192192720239142,229.144334086945,1.0,1,1
907,-1.0,210.319015942935,1.0,1,1
908,-0.8493054334446984,222.40029809718,1.0,1,1
909,-0.6192192720239142,209.519710568527,1.0,1,1
910,-0.6089326534200808,229.124674800084,1.0,1,1
911,-0.61605415860735,212.262677835098,1.0,1,1
912,-0.6057675400035167,225.323329254251,1.0,1,1
913,-0.60567962018639,209.890063289965,1.0,1,1
914,-0.6193071918410409,221.295239627433,1.0,1,1
915,-0.6098118515913487,204.16083076807,1.0,1,1
916,-0.5982064357306136,216.202891409488,1.0,1,1
917,-0.5982064357306136,204.38858096059,1.0,1,1
918,-0.5982064357306136,217.745012085514,1.0,1,1
919,-1.0,210.064905315134,1.0,1,1
920,-0.8186214172674521,221.76878428853,1.0,1,1
921,-0.5982064357306136,213.109671984186,1.0,1,1
922,-1.0,217.686971359316,1.0,1,1
923,-1.0,218.551007469707,1.0,1,1
924,-0.8186214172674521,225.728405496749,1.0,1,1
925,-0.5982064357306136,217.0328713219,1.0,1,1
926,-0.596096360119571,228.454572439029,1.0,1,1
927,-0.621681026903464,203.046281358754,1.0,1,1
928,-0.6025145067698259,220.464026706269,1.0,1,1
929,-0.6284508528222261,205.848068563287,1.0,1,1
930,-0.6117460875681379,215.107725334592,1.0,1,1
931,-0.6396166695973272,199.384353479935,1.0,1,1
932,-0.631703886055917,213.041694015175,1.0,1,1
933,-0.631703886055917,195.033166908701,1.0,1,1
934,-0.631703886055917,213.646147709069,1.0,1,1
935,-1.0,200.961312084502,1.0,1,1
936,-0.7882890803587128,210.832411138269,1.0,1,1
937,-0.631703886055917,197.793120805724,1.0,1,1
938,-1.0,207.900326248497,1.0,1,1
939,-1.0,194.883414640181,1.0,1,1
940,-0.7882890803587128,205.909545083057,1.0,1,1
941,-0.631703886055917,189.993200513485,1.0,1,1
942,-0.6249340601371549,205.932732692059,1.0,1,1
943,-0.609284332688588,188.629432503284,1.0,1,1
944,-0.5915245296289784,205.722048679607,1.0,1,1
945,-0.5900298927378231,187.326832793043,1.0,1,1
946,-0.5915245296289784,205.645136112947,1.0,1,1
947,-0.5866010198698787,188.347111660193,1.0,1,1
948,-0.5891506945665552,206.799422462663,1.0,1,1
949,-0.5862493406013716,190.452561919001,1.0,1,1
950,-0.5862493406013716,206.923661556461,1.0,1,1
951,-1.0,194.490513554138,1.0,1,1
952,-1.0,213.129061440665,1.0,1,1
953,-0.7729910321786531,202.402240251147,1.0,1,1
954,-0.5862493406013716,210.360225175107,1.0,1,1
955,-0.5941621241427817,182.309922987094,1.0,1,1
956,-0.6130648848250395,196.114562471889,1.0,1,1
957,-0.6118340073852646,184.109810979342,1.0,1,1
958,-0.6187796729382803,193.211368129091,1.0,1,1
959,-0.6104272903112362,176.094126528552,1.0,1,1
960,-0.6204501494636891,188.718485775303,1.0,1,1
961,-0.5998769122560226,170.153584509416,1.0,1,1
962,-0.5918762088974855,186.311905437773,1.0,1,1
963,-0.5918762088974855,168.202721668528,1.0,1,1
964,-1.0,192.855648374821,1.0,1,1
965,-1.0,175.691725725953,1.0,1,1
966,-0.7853877263935292,185.923129782893,1.0,1,1
967,-0.5918762088974855,177.545353568466,1.0,1,1
968,-1.0,193.011007261332,1.0,1,1
969,-1.0,200.680235431947,1.0,1,1
970,-0.7853877263935292,200.913363812167,1.0,1,1
971,-0.5918762088974855,189.411942323214,1.0,1,1
972,-1.0,191.72739320025,1.0,1,1
973,-0.7853877263935292,185.179254862177,1.0,1,1
974,-0.5918762088974855,190.70351845305,1.0,1,1
975,-0.6089326534200808,181.223640475398,1.0,1,1
976,-0.5986460348162476,196.432434968185,1.0,1,1
977,-0.5917882890803587,180.305462023018,1.0,1,1
978,-0.5917882890803587,200.039832632497,1.0,1,1
979,-0.5917882890803587,180.404353487175,1.0,1,1
980,-1.0,203.337054867181,1.0,1,1
981,-1.0,190.9930162593,1.0,1,1
982,-0.7852998065764023,207.920698463422,1.0,1,1
983,-0.5917882890803587,187.596489004194,1.0,1,1
984,-1.0,195.877738446753,1.0,1,1
985,-0.7852998065764023,208.268703032743,1.0,1,1
986,-0.5917882890803587,186.517091111394,1.0,1,1
987,-0.5795674344997362,207.119389020467,1.0,1,1
988,-0.6013715491471778,172.290319343491,1.0,1,1
989,-0.5922278881659926,205.708358780417,1.0,1,1
990,-0.5922278881659926,168.134056096545,1.0,1,1
991,-0.5922278881659926,202.670870847276,1.0,1,1
992,-1.0,174.879389216615,1.0,1,1
993,-0.7398452611218569,198.311445918479,1.0,1,1
994,-0.5922278881659926,174.63825640409,1.0,1,1
995,-1.0,215.413408610094,1.0,1,1
996,-0.7398452611218569,179.622456078983,1.0,1,1
997,-0.5922278881659926,212.375169657981,1.0,1,1
998,-0.5952171619483031,183.687137123202,1.0,1,1
999,-0.6339018814840864,197.914253454225,1.0,1,1
1000,-0.6316159662387901,178.803408564132,1.0,1,1
1001,-0.6093722525057148,193.305554250565,1.0,1,1
1002,-0.5917882890803587,177.154296086837,1.0,1,1
1003,-0.5917882890803587,197.663486665013,1.0,1,1
1004,-1.0,180.311080270105,1.0,1,1
1005,-0.758220502901354,211.03703888097,1.0,1,1
1006,-0.5917882890803587,186.85341516516,1.0,1,1
1007,-0.5917882890803587,217.723068825226,1.0,1,1
1008,-0.5917882890803587,189.56376619689,1.0,1,1
1009,-1.0,219.393846037531,1.0,1,1
1010,-0.758220502901354,188.172558453621,1.0,1,1
1011,-0.5917882890803587,218.717579965339,1.0,1,1
1012,-1.0,194.049859819277,1.0,1,1
1013,-1.0,226.637248341841,1.0,1,1
1014,-0.758220502901354,202.614530835166,1.0,1,1
1015,-0.5917882890803587,221.552807296982,1.0,1,1
1016,-0.6028661860383331,198.427572380192,1.0,1,1
1017,-0.6017232284156848,215.469705049836,1.0,1,1
1018,-0.5917882890803587,197.974702445351,1.0,1,1
1019,-1.0,209.550620488622,1.0,1,1
1020,-1.0,196.026459392774,1.0,1,1
1021,-0.7681554422366801,209.588316059746,1.0,1,1
1022,-0.5917882890803587,195.672108843387,1.0,1,1
1023,-0.6086688939687006,220.848421219653,1.0,1,1
1024,-0.5969755582908387,198.783531008748,1.0,1,1
1025,-0.5917003692632319,220.74087649367,1.0,1,1
1026,-0.5917003692632319,187.016732939744,1.0,1,1
1027,-1.0,219.306976400245,1.0,1,1
1028,-0.7769474239493581,192.115217997343,1.0,1,1
1029,-0.5917003692632319,205.147741971163,1.0,1,1
1030,-1.0,197.574523410221,1.0,1,1
1031,-0.7831018111482329,208.281993650504,1.0,1,1
1032,-0.5917003692632319,189.111133039308,1.0,1,1
1033,-1.0,211.498649649203,1.0,1,1
1034,-0.7888165992614735,188.692344246851,1.0,1,1
1035,-0.5917003692632319,211.789276071253,1.0,1,1
1036,-0.5955688412168103,186.793935385772,1.0,1,1
1037,-0.5945138034112889,196.72725352199,1.0,1,1
1038,-0.5913486899947248,191.879965008016,1.0,1,1
1039,-1.0,197.20138175168,1.0,1,1
1040,-1.0,193.979655940576,1.0,1,1
1041,-0.7888165992614735,195.035455648312,1.0,1,1
1042,-0.5913486899947248,193.502349164768,1.0,1,1
1043,-0.5913486899947248,201.987466205492,1.0,1,1
1044,-0.5913486899947248,192.213955335909,1.0,1,1
1045,-1.0,192.983811787083,1.0,1,1
1046,-0.7888165992614735,193.020938444466,1.0,1,1
1047,-0.5913486899947248,196.498112131174,1.0,1,1
1048,-0.5913486899947248,191.978964345055,1.0,1,1
1049,-0.5913486899947248,195.075649485708,1.0,1,1
1050,-0.5913486899947248,190.552676321755,1.0,1,1
1051,-0.5913486899947248,191.95212774402,1.0,1,1
1052,-1.0,193.148264632758,1.0,1,1
1053,-1.0,206.024166060846,1.0,1,1
1054,-0.7888165992614735,185.951206778587,1.0,1,1
1055,-0.5913486899947248,209.652249160359,1.0,1,1
1056,-0.6054158607350096,185.253213452478,1.0,1,1
1057,-0.6033057851239669,209.669759790246,1.0,1,1
1058,-0.5917003692632319,188.882699133095,1.0,1,1
1059,-0.5917003692632319,209.097599159437,1.0,1,1
1060,-0.5917003692632319,200.900815956952,1.0,1,1
1061,-1.0,201.874800790204,1.0,1,1
1062,-1.0,206.11852682536,1.0,1,1
1063,-0.7888165992614735,196.426413930077,1.0,1,1
1064,-0.5917003692632319,208.187935012733,1.0,1,1
1065,-0.5917003692632319,207.632340573052,1.0,1,1
1066,-0.5917003692632319,203.738735341286,1.0,1,1
1067,-1.0,212.270302279742,1.0,1,1
1068,-1.0,208.865987422183,1.0,1,1
1069,-0.8540531035695446,211.840355766824,1.0,1,1
1070,-0.5917003692632319,209.949473800452,1.0,1,1
1071,-1.0,218.787234603388,1.0,1,1
1072,-0.7052927729910321,211.865751085787,1.0,1,1
1073,-0.5917003692632319,207.255766154971,1.0,1,1
1074,-1.0,225.251224403235,1.0,1,1
1075,-1.0,213.18933357135,1.0,1,1
1076,-0.7052927729910321,215.602365912496,1.0,1,1
1077,-0.5917003692632319,205.494261703245,1.0,1,1
1078,-0.593282925971514,196.099818790536,1.0,1,1
1079,-0.5877439774925268,201.557317647694,1.0,1,1
1080,-0.5891506945665552,200.638815104074,1.0,1,1
1081,-0.5850184631615967,199.344625032868,1.0,1,1
1082,-0.5850184631615967,198.205922736398,1.0,1,1
1083,-0.5850184631615967,198.110241477511,1.0,1,1
1084,-1.0,197.691349829971,1.0,1,1
1085,-1.0,194.031497955758,1.0,1,1
1086,-0.6609811851591348,202.876272394874,1.0,1,1
1087,-0.5850184631615967,195.867662677134,1.0,1,1
1088,-0.5966238790223316,210.801991056311,1.0,1,1
1089,-0.6328468436785651,197.330612533064,1.0,1,1
1090,-0.6222085458062248,206.797620394597,1.0,1,1
1091,-0.6222964656233515,188.970443672711,1.0,1,1
1092,-0.6127132055565324,204.353627203587,1.0,1,1
1093,-0.6221206259890979,191.900273379487,1.0,1,1
1094,-0.602074907684192,199.379212452771,1.0,1,1
1095,-0.6238790223316335,186.917955892888,1.0,1,1
1096,-0.6238790223316335,199.43605478524,1.0,1,1
1097,-0.6238790223316335,197.345116845698,1.0,1,1
1098,-0.6238790223316335,194.90352414028,1.0,1,1
1099,-1.0,197.118475038689,1.0,1,1
1100,-0.6998417443291718,207.837748695118,1.0,1,1
1101,-0.6238790223316335,205.285289719246,1.0,1,1
1102,-0.6217689467205908,205.960269276425,1.0,1,1
1103,-0.6351327589238615,207.59063135445,1.0,1,1
1104,-0.6272199753824512,188.868609825222,1.0,1,1
1105,-0.6096360119570952,204.193950427301,1.0,1,1
1106,-0.6279233339194654,180.005112213778,1.0,1,1
1107,-0.6200105503780552,200.424627454393,1.0,1,1
1108,-0.612097766836645,195.89205327815,1.0,1,1
1109,-0.612097766836645,197.008720597839,1.0,1,1
1110,-0.612097766836645,198.07037337152,1.0,1,1
1111,-1.0,193.928550091804,1.0,1,1
1112,-1.0,205.522974333008,1.0,1,1
1113,-0.71135924037278,186.445088133408,1.0,1,1
1114,-0.612097766836645,198.689892207893,1.0,1,1
1115,-0.6113064884825039,193.276944881086,1.0,1,1
1116,-0.6342535607525936,195.284758585788,1.0,1,1
1117,-0.6271320555653244,183.924984597162,1.0,1,1
1118,-0.6113064884825039,186.068984705581,1.0,1,1
1119,-0.6302971689818885,188.111981309324,1.0,1,1
1120,-0.6293300509934939,188.388455016767,1.0,1,1
1121,-0.6293300509934939,186.084360354674,1.0,1,1
1122,-0.6293300509934939,183.678896640594,1.0,1,1
1123,-1.0,189.338135493491,1.0,1,1
1124,-0.6947423949358185,189.692233654879,1.0,1,1
1125,-0.6293300509934939,179.492629782198,1.0,1,1
1126,-0.6185159134868999,184.143298833643,1.0,1,1
1127,-0.6073500967117988,173.189539150379,1.0,1,1
1128,-0.5909090909090908,184.965406351004,1.0,1,1
1129,-0.5909090909090908,170.321104944763,1.0,1,1
1130,-0.5909090909090908,183.315369807542,1.0,1,1
1131,-1.0,173.924431428869,1.0,1,1
1132,-1.0,186.469481876103,1.0,1,1
1133,-0.6448039388078073,171.776784731891,1.0,1,1
1134,-0.5909090909090908,179.934893140331,1.0,1,1
1135,-0.5906453314577105,169.251693215758,1.0,1,1
1136,-0.5973272375593459,178.689736129269,1.0,1,1
1137,-0.6220327061719712,167.385051637908,1.0,1,1
1138,-0.6081413750659399,172.845511057029,1.0,1,1
1139,-0.594074204325655,164.431163937883,1.0,1,1
1140,-0.5922278881659926,169.422303501092,1.0,1,1
1141,-0.5922278881659926,164.839271606471,1.0,1,1
1142,-0.5922278881659926,178.531242320242,1.0,1,1
1143,-1.0,164.251594808442,1.0,1,1
1144,-1.0,194.482253108441,1.0,1,1
1145,-0.646122736064709,173.341584620753,1.0,1,1
1146,-0.5922278881659926,189.357034441683,1.0,1,1
1147,-0.5922278881659926,175.366883796072,1.0,1,1
1148,-1.0,181.602827907603,1.0,1,1
1149,-1.0,182.502919986447,1.0,1,1
1150,-0.646122736064709,184.292528955355,1.0,1,1
1151,-0.5922278881659926,182.332257624026,1.0,1,1
1152,-0.5972393177422191,188.514800795063,1.0,1,1
1153,-0.5935466854228943,178.893966749521,1.0,1,1
1154,-0.5917882890803587,191.465897234998,1.0,1,1
1155,-0.5917882890803587,175.950205083496,1.0,1,1
1156,-1.0,197.400811575094,1.0,1,1
1157,-1.0,184.660197809757,1.0,1,1
1158,-0.6456831369790751,200.221334848232,1.0,1,1
1159,-0.5917882890803587,186.150035251745,1.0,1,1
1160,-0.5917882890803587,196.235702781762,1.0,1,1
1161,-0.5917882890803587,186.06409461339,1.0,1,1
1162,-1.0,202.498020806964,1.0,1,1
1163,-1.0,191.019530696264,1.0,1,1
1164,-0.6456831369790751,214.556951938813,1.0,1,1
1165,-0.5917882890803587,196.151612542979,1.0,1,1
1166,-1.0,219.15579192143,1.0,1,1
1167,-1.0,204.43912212611,1.0,1,1
1168,-0.6474415333216107,219.904538665794,1.0,1,1
1169,-0.5917882890803587,198.31241929333,1.0,1,1
1170,-0.5917882890803587,218.386524999636,1.0,1,1
1171,-0.5917882890803587,186.022532022326,1.0,1,1
1172,-1.0,229.933703836582,1.0,1,1
1173,-1.0,202.147495886616,1.0,1,1
1174,-0.6474415333216107,226.262676036334,1.0,1,1
1175,-0.5917882890803587,205.848625618924,1.0,1,1
1176,-0.5917882890803587,212.209865621228,1.0,1,1
1177,-0.5917882890803587,205.557364085436,1.0,1,1
1178,-1.0,217.373526285666,1.0,1,1
1179,-1.0,214.494948458052,1.0,1,1
1180,-0.6474415333216107,222.403021557996,1.0,1,1
1181,-0.5917882890803587,218.135633504941,1.0,1,1
1182,-0.5917882890803587,213.809912941448,1.0,1,1
1183,-0.5917882890803587,220.828790820452,1.0,1,1
1184,-1.0,222.72029172477,1.0,1,1
1185,-0.6474415333216107,219.40443385071,1.0,1,1
1186,-0.5917882890803587,224.430823505819,1.0,1,1
1187,-0.5879198171267803,217.057397728536,1.0,1,1
1188,-0.5758748021804114,219.834510560154,1.0,1,1
1189,-0.5635660277826622,214.136912994254,1.0,1,1
1190,-0.5557411640583787,219.566772800755,1.0,1,1
1191,-0.544047828380517,217.031888821309,1.0,1,1
1192,-0.46720590821171093,229.50260353253,1.0,1,1
1193,-0.4626340777211183,220.448846131284,1.0,1,1
1194,-0.4626340777211183,228.082111356902,1.0,1,1
1195,-1.0,228.105586676941,1.0,1,1
1196,-1.0,241.413291853298,1.0,1,1
1197,-0.48470195181994025,230.864309715213,1.0,1,1
1198,-0.4626340777211183,251.347970003597,1.0,1,1
1199,-1.0,235.033789123036,1.0,1,1
1200,-1.0,255.242478031143,1.0,1,1
1201,-0.5238262704413574,241.01600901491,1.0,1,1
1202,-0.4626340777211183,258.058376419177,1.0,1,1
1203,-0.42825742922454724,255.178302336524,1.0,1,1
1204,-0.35088799015298044,254.926767285785,1.0,1,1
1205,-0.298224019694039,258.679814956628,1.0,1,1
1206,-0.25030771935994367,254.357420513067,1.0,1,1
1207,-0.22630560928433263,270.873058357031,1.0,1,1
1208,-0.2063478107965535,275.593399084669,1.0,1,1
1209,-0.20256725866010195,281.444775480822,1.0,1,1
1210,-1.0,279.794527266051,1.0,1,1
1211,-1.0,286.624344436648,1.0,1,1
1212,-0.2645507297344821,305.195528635586,1.0,1,1
1213,-0.20256725866010195,296.081636088918,1.0,1,1
1214,-1.0,317.995628990406,1.0,1,1
1215,-1.0,307.11079885394,1.0,1,1
1216,-0.2645507297344821,325.954622636451,1.0,1,1
1217,-0.20256725866010195,319.914542458745,1.0,1,1
1218,-1.0,335.665569323198,1.0,1,1
1219,-1.0,322.271453858046,1.0,1,1
1220,-0.2645507297344821,342.865775593378,1.0,1,1
1221,-0.20256725866010195,318.168216935921,1.0,1,1
1222,-0.16238790223316335,353.057131328163,1.0,1,1
1223,-0.1355723580094953,332.972940933859,1.0,1,1
1224,-0.11974679092667484,359.57929520156,1.0,1,1
1225,-0.108493054334447,341.777764524163,1.0,1,1
1226,-0.0957446808510638,365.22664274924,1.0,1,1
1227,-0.05512572533849125,343.454093947216,1.0,1,1
1228,-0.03288201160541582,371.141141402782,1.0,1,1
1229,-0.03288201160541582,364.883370745692,1.0,1,1
1230,-1.0,382.94413506117,1.0,1,1
1231,-1.0,369.85891091377,1.0,1,1
1232,-0.094865482679796,405.547523991868,1.0,1,1
1233,-0.03288201160541582,391.52139673867,1.0,1,1
1234,-1.0,415.088648696453,1.0,1,1
1235,-1.0,407.418963649561,1.0,1,1
1236,-0.094865482679796,420.075654322889,1.0,1,1
1237,-0.03288201160541582,403.03484651328,1.0,1,1
1238,-0.010550378055213638,420.24106458697,1.0,1,1
1239,0.06558818357657814,408.421245507348,1.0,1,1
1240,0.08361174608756827,427.318144890739,1.0,1,1
1241,0.08932653420080894,412.472740268563,1.0,1,1
1242,0.08932653420080894,436.173790253255,1.0,1,1
1243,0.08932653420080894,410.960815912813,1.0,1,1
1244,-1.0,437.881735495108,1.0,1,1
1245,-1.0,412.827723126894,1.0,1,1
1246,0.018111482328116768,473.164620957612,1.0,1,1
1247,0.08932653420080894,410.817862830874,1.0,1,1
1248,-1.0,483.153977881558,1.0,1,1
1249,-1.0,404.812922163522,1.0,1,1
1250,0.018111482328116768,504.22608465674,1.0,1,1
1251,0.08932653420080894,410.327392939698,1.0,1,0
1252,-1.0,516.662161066764,1.0,1,0
1253,-1.0,426.626970464447,1.0,1,0
1254,0.004483910673465763,528.358167175492,1.0,1,0
1255,0.08932653420080894,431.556117274164,1.0,1,0
1256,0.09073325127483733,543.28459121555,1.0,1,0
1257,0.08413926499032875,431.833778386455,1.0,1,0
1258,0.08809565676103404,539.797317287597,1.0,1,0
1259,0.04369614911200981,442.063031304462,1.0,1,0
1260,0.0644452259539301,531.581049548654,1.0,1,0
1261,0.08343590645331456,444.697763037188,1.0,1,0
1262,0.08343590645331456,525.779713424266,1.0,1,0
1263,0.08343590645331456,454.042404526289,1.0,1,0
1264,-1.0,503.085579637376,1.0,1,0
1265,-1.0,476.481981727169,1.0,1,0
1266,-0.0014067170740283963,504.03900984251,1.0,1,0
1267,0.08343590645331456,479.575654212376,1.0,1,0
1268,0.07851239669421495,498.77991325856,1.0,1,0
1269,0.08378758572182177,481.63173470592,1.0,1,0
1270,0.08378758572182177,516.068022376878,1.0,1,0
1271,0.08378758572182177,485.689354082829,1.0,1,0
1272,0.08378758572182177,509.835790067944,1.0,1,0
1273,-1.0,489.943038288585,1.0,1,0
1274,-0.0010550378055212972,531.623951292242,1.0,1,0
1275,0.08378758572182177,487.888692092297,1.0,1,0
1276,-1.0,548.878610181433,1.0,1,0
1277,-0.0010550378055212972,515.070474788654,1.0,1,0
1278,0.08378758572182177,520.032426722601,1.0,1,0
1279,0.08774397749252683,498.827281252931,1.0,1,0
1280,0.08255670828204686,517.359004650968,1.0,1,0
1281,0.0805345524881309,503.264226002154,1.0,1,0
1282,0.054949885704237866,512.545614020239,1.0,1,0
1283,0.07499560400914373,475.587147333,1.0,1,0
1284,0.08730437840689298,512.414240998197,1.0,1,0
1285,0.09152452962897839,492.303176140683,1.0,1,0
1286,0.09152452962897839,509.281885379652,1.0,1,0
1287,-1.0,520.244446700508,1.0,1,0
1288,-1.0,518.865947169148,1.0,1,0
1289,-0.0670828204677334,540.554260361436,1.0,1,0
1290,0.09152452962897839,514.110061013849,1.0,1,0
1291,0.07402848602074918,539.924408922589,1.0,1,0
1292,0.08158959029365231,511.075866583123,1.0,1,0
1293,0.05011429576226489,520.828982007073,1.0,1,0
1294,0.08844733602954102,493.125478229394,1.0,1,0
1295,0.08844733602954102,506.416087213036,1.0,1,0
1296,0.08844733602954102,473.896476202218,1.0,1,0
1297,-1.0,524.326180837217,1.0,1,0
1298,-1.0,508.554863503641,1.0,1,0
1299,-0.10576754000351674,528.558591172109,1.0,1,0
1300,0.08844733602954102,515.36763575459,1.0,1,0
1301,-1.0,543.48578404885,1.0,1,0
1302,-1.0,528.329114885693,1.0,1,0
1303,-0.10576754000351674,555.197312524907,1.0,1,0
1304,0.08844733602954102,522.398229361087,1.0,1,0
1305,0.08844733602954102,551.648534479239,1.0,1,0
1306,0.08844733602954102,517.868889811841,1.0,1,0
1307,-1.0,560.91096317282,1.0,1,0
1308,-0.10594337963777034,521.254646002327,1.0,1,0
1309,0.08844733602954102,545.865376760441,1.0,1,0
1310,0.06822577809038166,507.191905945846,1.0,1,0
1311,0.07736943907156668,546.562915979999,1.0,1,0
1312,0.08405134517320212,500.982368092589,1.0,1,0
1313,0.08405134517320212,505.284684957404,1.0,1,0
1314,0.08405134517320212,478.034158551947,1.0,1,0
1315,-1.0,511.10855623507,1.0,1,0
1316,-1.0,479.494095202916,1.0,1,0
1317,-0.13187972569017048,498.313891404299,1.0,1,0
1318,0.08405134517320212,476.165343312206,1.0,1,0
1319,-1.0,500.358863394783,1.0,1,0
1320,-1.0,506.259803417331,1.0,1,0
1321,0.012836293300509949,514.474318032699,1.0,1,0
1322,0.08405134517320212,509.203238155006,1.0,1,0
1323,0.0770177598030597,521.134857101552,1.0,1,0
1324,0.07200633022683323,511.972699995553,1.0,1,0
1325,0.0808862317566379,524.421741235582,1.0,1,0
1326,0.0962721997538245,491.028977896824,1.0,1,0
1327,0.0962721997538245,509.481019341751,1.0,1,0
1328,-1.0,493.253119701044,1.0,1,0
1329,-1.0,501.515018547044,1.0,1,0
1330,0.026991383857921658,493.518554909255,1.0,1,0
1331,0.0962721997538245,502.564687611045,1.0,1,0
1332,0.07455600492350989,489.720173133592,1.0,1,0
1333,0.07640232108317213,539.791218923612,1.0,1,0
1334,0.08202918937928616,494.973394084063,1.0,1,0
1335,0.056972041498153825,562.447880118899,1.0,1,0
1336,0.08413926499032875,518.926200090485,1.0,1,0
1337,0.08413926499032875,548.971142398266,1.0,1,0
1338,0.08413926499032875,514.766543108721,1.0,1,0
1339,-1.0,545.023026985012,1.0,1,0
1340,0.004132231404958775,518.310908715408,1.0,1,0
1341,0.08413926499032875,528.502024661503,1.0,1,0
1342,0.08413926499032875,508.840340412788,1.0,1,0
1343,0.08413926499032875,531.888777106651,1.0,1,0
1344,-1.0,537.527095340862,1.0,1,0
1345,-1.0,565.677432439674,1.0,1,0
1346,0.004132231404958775,555.222023964903,1.0,1,0
1347,0.08413926499032875,558.649926900921,1.0,1,0
1348,0.07736943907156668,541.80829765538,1.0,1,0
1349,0.08405134517320212,560.586599085425,1.0,1,0
1350,0.08405134517320212,547.135404317396,1.0,1,0
1351,0.08405134517320212,552.20737224236,1.0,1,0
1352,0.08405134517320212,540.216233906392,1.0,1,0
1353,-1.0,539.94488890785,1.0,1,0
1354,0.004044311587831917,526.138809436612,1.0,1,0
1355,0.08405134517320212,554.103185610672,1.0,1,0
1356,-1.0,511.896978830135,1.0,1,0
1357,-1.0,552.020200948273,1.0,1,0
1358,0.004044311587831917,522.164729287614,1.0,1,0
1359,0.08405134517320212,571.432485380203,1.0,1,0
1360,0.08369966590469491,541.479245254979,1.0,1,0
1361,0.08369966590469491,571.732669716706,1.0,1,0
1362,0.08369966590469491,520.647185361453,1.0,1,0
1363,0.07350096711798848,559.716924284541,1.0,1,0
1364,0.08290838755055385,526.075712207634,1.0,1,0
1365,0.08106207139089161,543.170366131938,1.0,1,0
1366,0.08176542992790581,507.771218327548,1.0,1,0
1367,0.08299630736768071,522.202283333497,1.0,1,0
1368,0.08299630736768071,495.264119484136,1.0,1,0
1369,0.08299630736768071,515.979173441094,1.0,1,0
1370,-1.0,502.455719360922,1.0,1,0
1371,-1.0,529.742652995341,1.0,1,0
1372,0.0007033585370141981,494.72853782965,1.0,1,0
1373,0.08299630736768071,519.746800611756,1.0,1,0
1374,0.05820291893792873,498.994747433313,1.0,1,0
1375,0.06822577809038166,535.245261815094,1.0,1,0
1376,0.07719359943731319,503.084477341823,1.0,1,0
1377,0.08035871285387719,538.279809967812,1.0,1,0
1378,0.08062247230525754,524.443804209027,1.0,1,0
1379,0.08299630736768071,530.701463846458,1.0,1,0
1380,0.08299630736768071,512.405262206828,1.0,1,0
1381,0.08299630736768071,508.770502622891,1.0,1,0
1382,-1.0,501.149474334397,1.0,1,0
1383,-1.0,521.830902691922,1.0,1,0
1384,-0.0030771935994372557,486.700072307365,1.0,1,0
1385,0.08299630736768071,509.770672436609,1.0,1,0
1386,0.0651485844909443,496.027405895787,1.0,1,0
1387,0.07227008967821358,505.163396024098,1.0,1,0
1388,0.08299630736768071,530.487894343169,1.0,1,0
1389,0.08299630736768071,486.735099147437,1.0,1,0
1390,0.08299630736768071,523.387579982818,1.0,1,0
1391,-1.0,483.817786432634,1.0,1,0
1392,-1.0,543.01953424278,1.0,1,0
1393,-0.00852822226129768,469.052768003042,1.0,1,0
1394,0.08299630736768071,505.884210190063,1.0,1,0
1395,-1.0,474.617751089992,1.0,1,0
1396,-1.0,547.800757380195,1.0,1,0
1397,0.0007033585370141981,482.612762609143,1.0,1,0
1398,0.08299630736768071,541.890269101357,1.0,1,0
1399,0.07842447687708809,483.705374116576,1.0,1,0
1400,0.061807631440126576,540.70137757377,1.0,1,0
1401,0.07376472656936883,522.037910060315,1.0,1,0
1402,0.08273254791630036,525.249465521517,1.0,1,0
1403,0.08387550553894862,515.331655794128,1.0,1,0
1404,0.08387550553894862,490.019565929452,1.0,1,0
1405,-1.0,519.491489685305,1.0,1,0
1406,0.0015825567082821124,480.455466303819,1.0,1,0
1407,0.08387550553894862,513.146307962249,1.0,1,0
1408,0.08387550553894862,442.12452551075,1.0,1,0
1409,-1.0,499.046090428652,1.0,1,0
1410,0.0015825567082821124,416.773828213229,1.0,1,0
1411,0.08387550553894862,507.883075589776,1.0,1,0
1412,0.04026727624406545,444.527628969545,1.0,1,0
1413,0.06101635308598552,505.323449700803,1.0,1,0
1414,0.07710567962018633,495.666648947535,1.0,1,0
1415,0.08343590645331456,483.103073972882,1.0,1,0
1416,0.08369966590469491,505.645488972794,1.0,1,0
1417,0.08369966590469491,452.73751156288,1.0,1,0
1418,0.08369966590469491,476.175677377448,1.0,1,0
1419,-1.0,477.461938859864,1.0,1,0
1420,-0.0023738350624230575,475.013324853852,1.0,1,0
1421,0.08369966590469491,435.908769919669,1.0,1,0
1422,0.08906277474942859,462.957495278007,1.0,1,0
1423,0.08730437840689298,435.281311027273,1.0,1,0
1424,0.0906453314577107,455.724164716684,1.0,1,0
1425,0.08888693511517509,439.158606137665,1.0,1,0
1426,0.09046949182345698,452.774990800467,1.0,1,0
1427,0.08967821346931593,475.759212896864,1.0,1,0
1428,0.07016001406717076,454.517848272755,1.0,1,0
1429,0.07016001406717076,499.871626812532,1.0,1,0
1430,-1.0,469.375237309384,1.0,1,0
1431,-1.0,523.768131111169,1.0,1,0
1432,-0.01213293476349564,482.699766367261,1.0,1,0
1433,0.07016001406717076,538.443533126798,1.0,1,0
1434,0.07183049059257951,469.471625973717,1.0,1,0
1435,0.09046949182345698,512.237916011382,1.0,1,0
1436,0.06892913662739586,456.445089441537,1.0,1,0
1437,0.07921575523122915,506.684436948963,1.0,1,0
1438,0.08369966590469491,461.515704486738,1.0,1,0
1439,0.08369966590469491,502.751833612198,1.0,1,0
1440,0.0550378055213645,476.504332985084,1.0,1,0
1441,0.08765605767539997,476.261015842476,1.0,1,0
1442,0.08862317566379474,469.255488781919,1.0,1,0
1443,0.08862317566379474,457.619889021793,1.0,1,0
1444,0.08862317566379474,450.512874399311,1.0,1,0
1445,-1.0,471.79097852705,1.0,1,0
1446,-0.00017583963425349403,477.795102982596,1.0,1,0
1447,0.08862317566379474,462.504982257312,1.0,1,0
1448,-1.0,469.889301275403,1.0,1,0
1449,-0.0029013539651837617,486.260479158848,1.0,1,0
1450,0.08862317566379474,469.652707088092,1.0,1,0
1451,0.08862317566379474,471.409973151811,1.0,1,0
1452,-1.0,483.788966700252,1.0,1,0
1453,-1.0,504.741337921212,1.0,1,0
1454,-0.0029013539651837617,510.373048230397,1.0,1,0
1455,0.08862317566379474,461.846927127888,1.0,1,0
1456,-1.0,503.148303323456,1.0,1,0
1457,-1.0,491.490142405652,1.0,1,0
1458,0.006330226833128227,526.900737960525,1.0,1,0
1459,0.08862317566379474,477.08453586097,1.0,1,0
1460,0.08176542992790581,511.099923554058,1.0,1,0
1461,0.0814137506593986,460.698601504127,1.0,1,0
1462,0.08369966590469491,510.3746553573,1.0,1,0
1463,0.08369966590469491,464.132534086382,1.0,1,0
1464,-1.0,510.496296635733,1.0,1,0
1465,-1.0,503.005903675389,1.0,1,0
1466,-0.07974327413398974,493.996977281722,1.0,1,0
1467,0.08369966590469491,523.10497922568,1.0,1,0
1468,0.06857745735888865,467.549955449624,1.0,1,0
1469,0.08334798663618792,509.917086252978,1.0,1,0
1470,0.08334798663618792,461.401065409356,1.0,1,0
1471,0.08334798663618792,500.826968236391,1.0,1,0
1472,-1.0,490.73477481718,1.0,1,0
1473,-1.0,513.813749362136,1.0,1,0
1474,-0.10383330402672764,487.34821974076,1.0,1,0
1475,0.08334798663618792,516.667301023647,1.0,1,0
1476,0.08334798663618792,513.968266922237,1.0,1,0
1477,0.08334798663618792,509.946602790054,1.0,1,0
1478,-1.0,543.008974634349,1.0,1,0
1479,-0.13548443819236855,491.758356738974,1.0,1,0
1480,0.08334798663618792,549.675063842883,1.0,1,0
1481,0.0557411640583787,472.864217471561,1.0,1,0
1482,0.06629154211359234,517.16699564313,1.0,1,0
1483,0.07666608053455248,523.156890137912,1.0,1,0
1484,0.05837875857218222,507.357769853696,1.0,1,0
1485,0.07464392474063652,542.951813790829,1.0,1,0
1486,0.08255670828204686,533.294605749645,1.0,1,0
1487,0.08343590645331456,529.6294468084,1.0,1,0
1488,0.08343590645331456,540.385633739727,1.0,1,0
1489,0.08343590645331456,502.614233960262,1.0,1,0
1490,-1.0,531.838148013983,1.0,1,0
1491,-1.0,544.256032623709,1.0,1,0
1492,-0.13979250923158082,536.33427938392,1.0,1,0
1493,0.08343590645331456,563.396545631749,1.0,1,0
1494,0.06277474942852113,533.202301997004,1.0,1,0
1495,0.07622648144891864,539.362914338722,1.0,1,0
1496,0.08334798663618792,530.755406965948,1.0,1,0
1497,0.08334798663618792,493.876929568114,1.0,1,0
1498,0.08334798663618792,524.905448282738,1.0,1,0
1499,-1.0,471.905404775186,1.0,1,0
1500,-1.0,517.33188943218,1.0,1,0
1501,-0.14454017935642693,467.126038832254,1.0,1,0
1502,0.08334798663618792,507.401257707183,1.0,1,0
1503,-1.0,469.70978833053,1.0,1,0
1504,-1.0,537.411811883711,1.0,1,0
1505,-0.14418850008791984,473.97730804026,1.0,1,0
1506,0.08334798663618792,535.73516665006,1.0,1,0
1507,-1.0,499.980896757309,1.0,1,0
1508,-1.0,557.894302671657,1.0,1,0
1509,-0.3693511517496043,533.9403104628,1.0,1,0
1510,0.08158959029365231,549.079812183528,1.0,1,0
1511,0.08334798663618792,582.476070000941,1.0,1,0
1512,0.08748021804114647,531.20858801284,1.0,1,0
1513,0.09073325127483733,560.383935425758,1.0,1,0
1514,0.09407420432565505,533.505621304908,1.0,1,0
1515,0.09407420432565505,552.73347535941,1.0,1,0
1516,0.09407420432565505,511.247903577469,1.0,1,0
1517,-1.0,533.567737266844,1.0,1,0
1518,-1.0,509.990701379719,1.0,1,0
1519,-0.1247582205029013,565.891306681993,1.0,1,0
1520,0.09407420432565505,524.773777123674,1.0,1,0
1521,-1.0,549.26927491511,1.0,1,0
1522,-1.0,543.85768466243,1.0,1,0
1523,-0.09310708633726039,553.359823117712,1.0,1,0
1524,0.09407420432565505,522.314101934807,1.0,1,0
1525,0.08994197292069628,547.390897207302,1.0,1,0
1526,0.08994197292069628,516.327858581151,1.0,1,0
1527,0.08994197292069628,542.498497999114,1.0,1,0
1528,-1.0,524.754746454326,1.0,1,0
1529,-1.0,544.562216837002,1.0,1,0
1530,-0.133286442764199,536.223374456384,1.0,1,0
1531,0.08994197292069628,544.382388997355,1.0,1,0
1532,0.07086337260418496,540.771488569669,1.0,1,0
1533,0.07965535431686299,540.682521465924,1.0,1,0
1534,0.0770177598030597,567.827531049809,1.0,1,0
1535,0.07798487779145424,546.494758695042,1.0,1,0
1536,0.07886407596272194,572.518934681494,1.0,1,0
1537,0.08238086864779315,537.695169127568,1.0,1,0
1538,0.08211710919641302,554.017768066028,1.0,1,0
1539,0.07402848602074918,542.297535885178,1.0,1,0
1540,0.07402848602074918,519.434010390896,1.0,1,0
1541,-1.0,536.915324102106,1.0,1,0
1542,-1.0,515.606996124454,1.0,1,0
1543,-0.15350800070335846,543.662127407097,1.0,1,0
1544,0.07402848602074918,505.254087245547,1.0,1,0
1545,-1.0,549.037161461334,1.0,1,0
1546,-0.15385967997186567,507.834282983884,1.0,1,0
1547,0.07402848602074918,550.823121712664,1.0,1,0
1548,-1.0,515.944050460651,1.0,1,0
1549,-1.0,572.708369750507,1.0,1,0
1550,-0.15570599613152802,520.144766554378,1.0,1,0
1551,0.07402848602074918,560.896140744018,1.0,1,0
1552,0.0814137506593986,515.479871741311,1.0,1,0
1553,0.08853525584666788,574.227195376376,1.0,1,0
1554,0.09161244944610525,499.992990761341,1.0,1,0
1555,0.09161244944610525,571.896019049899,1.0,1,0
1556,0.09161244944610525,467.990692840466,1.0,1,0
1557,-1.0,564.340122537239,1.0,1,0
1558,-1.0,489.755289937537,1.0,1,0
1559,-0.13988042904870757,568.221432764075,1.0,1,0
1560,0.09161244944610525,551.8047622819,1.0,1,0
1561,0.060928433268858884,555.213034610874,1.0,1,0
1562,0.07789695797432739,579.619197568756,1.0,1,0
1563,0.08501846316159667,548.71872405706,1.0,1,0
1564,0.08501846316159667,575.947094414711,1.0,1,0
1565,0.08501846316159667,538.682375842813,1.0,1,0
1566,-1.0,586.358132710273,1.0,1,0
1567,-0.1755758748021804,540.812075046848,1.0,1,0
1568,0.08501846316159667,566.130261721465,1.0,1,0
1569,0.08501846316159667,526.216891165994,1.0,1,0
1570,0.08501846316159667,557.591519645557,1.0,1,0
1571,-1.0,529.786801929073,1.0,1,0
1572,-1.0,557.641569197372,1.0,1,0
1573,-0.31633550202215577,530.51071432748,1.0,1,0
1574,0.08501846316159667,536.342369479846,1.0,1,0
1575,0.08501846316159667,538.585479542189,1.0,1,0
1576,0.08501846316159667,533.157756022896,1.0,1,0
1577,-1.0,546.34987686123,1.0,1,0
1578,-1.0,542.77228925544,1.0,1,0
1579,-0.38218744505011426,525.951367283826,1.0,1,0
1580,0.08501846316159667,558.144801198097,1.0,1,0
1581,0.0826446280991735,524.530981770105,1.0,1,0
1582,0.06954457534728342,542.306948069972,1.0,1,0
1583,-1.0,538.693089652594,1.0,1,0
1584,-0.02751890276068225,557.246686820235,1.0,1,0
1585,0.06954457534728342,510.165750713515,1.0,1,0
1586,0.08765605767539997,556.59567400734,1.0,1,0
1587,0.09477756286266925,518.763131583511,1.0,1,0
1588,0.09477756286266925,557.263162836049,1.0,1,0
1589,0.09477756286266925,514.16977257281,1.0,1,0
1590,-1.0,560.51651842932,1.0,1,0
1591,-1.0,540.48635868035,1.0,1,0
1592,-0.01274837348338309,567.003558512413,1.0,1,0
1593,0.09477756286266925,553.504262478927,1.0,1,0
1594,-1.0,542.204010164324,1.0,1,0
1595,-1.0,574.365957036298,1.0,1,0
1596,-0.01274837348338309,539.359061553527,1.0,1,0
1597,0.09477756286266925,556.601392776549,1.0,1,0
1598,-1.0,538.758369125743,1.0,1,0
1599,-1.0,557.532414301976,1.0,1,0
1600,-0.01274837348338309,547.408889401789,1.0,1,0
1601,0.09477756286266925,547.954750763429,1.0,1,0
1602,0.06954457534728342,561.239705405911,1.0,1,0
1603,0.07684192016880598,543.749757105901,1.0,1,0
1604,0.08888693511517509,580.307635348325,1.0,1,0
1605,0.08888693511517509,548.814849523172,1.0,1,0
1606,0.08888693511517509,556.786516924333,1.0,1,0
1607,0.08888693511517509,518.742294700607,1.0,1,0
1608,-1.0,551.684244479144,1.0,1,0
1609,0.005626868296114029,553.453328691093,1.0,1,0
1610,0.08888693511517509,547.549290612387,1.0,1,0
1611,-1.0,610.108816463369,1.0,1,0
1612,-1.0,578.101600105203,1.0,1,0
1613,0.0,604.550223479606,1.0,1,0
1614,0.08888693511517509,574.273025556172,1.0,1,0
1615,-1.0,587.908554876787,1.0,1,0
1616,-1.0,600.556544899074,1.0,1,0
1617,-0.00360471250219796,627.116885679497,1.0,1,0
1618,0.08888693511517509,580.871365697611,1.0,1,0
1619,0.08888693511517509,626.159833346105,1.0,1,0
1620,0.08888693511517509,582.586500778455,1.0,1,0
1621,-1.0,647.58776330721,1.0,1,0
1622,-1.0,595.045133400711,1.0,1,0
1623,0.0,647.703427832522,1.0,1,0
1624,0.08888693511517509,589.927528842839,1.0,1,0
1625,-1.0,633.642208955079,1.0,1,0
1626,-1.0,593.130793340103,1.0,1,0
1627,-0.00360471250219796,616.012553890225,1.0,1,0
1628,0.08888693511517509,556.609120244651,1.0,1,0
1629,-1.0,618.708888853607,1.0,1,0
1630,-1.0,539.876731924611,1.0,1,0
1631,-0.00360471250219796,603.046960430168,1.0,1,0
1632,0.08888693511517509,559.727740683024,1.0,1,0
1633,-1.0,611.879367363613,1.0,1,0
1634,-0.009143660981185131,617.48498346358,1.0,1,0
1635,0.08888693511517509,611.460864741363,1.0,1,0
1636,0.0906453314577107,617.261216206829,1.0,1,0
1637,0.08844733602954102,622.7141903399,1.0,1,0
1638,0.08844733602954102,615.798386403222,1.0,1,0
1639,-1.0,625.775170803802,1.0,1,0
1640,0.005187269210480183,595.756763892626,1.0,1,0
1641,0.08844733602954102,586.55753584548,1.0,1,0
1642,0.08326006681906106,569.879616682896,1.0,1,0
1643,0.08326006681906106,562.275883029673,1.0,1,0
1644,0.08326006681906106,576.414768066737,1.0,1,0
1645,-1.0,593.404664613968,1.0,1,0
1646,-1.0,603.031939197501,1.0,1,0
1647,0.0,593.675840991206,1.0,1,0
1648,0.08326006681906106,561.964642325187,1.0,1,0
1649,0.07939159486548264,588.981993953148,1.0,1,0
1650,0.08396342535607526,558.258739623116,1.0,1,0
1651,0.08396342535607526,621.324938072411,1.0,1,0
1652,-1.0,564.391768935086,1.0,1,0
1653,-1.0,649.389212983328,1.0,1,0
1654,0.0007033585370141981,608.042425874315,1.0,1,0
1655,0.08396342535607526,626.498700203414,1.0,1,0
1656,0.08369966590469491,599.854404003647,1.0,1,0
1657,0.08369966590469491,649.248578333266,1.0,1,0
1658,0.08369966590469491,561.483962318063,1.0,1,0
1659,-1.0,625.573420437112,1.0,1,0
1660,-1.0,495.320578884505,1.0,1,0
1661,0.0004395990856338461,673.520569932593,1.0,1,0
1662,0.08369966590469491,511.191150889824,1.0,1,0
1663,-1.0,677.029167777855,1.0,1,0
1664,0.0004395990856338461,580.124247774524,1.0,1,0
1665,0.08369966590469491,675.925178177228,1.0,1,0
1666,-1.0,584.360834601183,1.0,1,0
1667,-0.1383857921575523,651.808657855912,1.0,1,0
1668,0.08369966590469491,552.56084113747,1.0,1,0
1669,0.08721645858976612,641.973690758654,1.0,1,0
1670,0.08897485493230173,573.3279184909,1.0,1,0
1671,0.08897485493230173,644.757760919774,1.0,1,0
1672,-1.0,584.75540326932,1.0,1,0
1673,-0.13741867416915765,618.395843901496,1.0,1,0
1674,0.08897485493230173,592.480317629488,1.0,1,0
1675,0.08668893968700542,614.394942855015,1.0,1,0
1676,0.08668893968700542,591.913205603878,1.0,1,0
1677,0.08668893968700542,611.192589584157,1.0,1,0
1678,-1.0,585.746313466406,1.0,1,0
1679,-1.0,632.332775720038,1.0,1,0
1680,-0.13970458941445396,582.785734127881,1.0,1,0
1681,0.08668893968700542,632.179112690549,1.0,1,0
1682,-1.0,583.882030541981,1.0,1,0
1683,-1.0,659.429915038165,1.0,1,0
1684,-0.13970458941445396,592.316768592717,1.0,1,0
1685,0.08668893968700542,632.675982588209,1.0,1,0
1686,-1.0,568.420571674651,1.0,1,0
1687,-0.14155090557411643,551.025852210054,1.0,1,0
1688,0.08668893968700542,570.537492116485,1.0,1,0
1689,0.0642693863196766,486.624742475291,1.0,1,0
1690,0.08334798663618792,576.64964585341,1.0,1,0
1691,0.08888693511517509,519.410881302271,1.0,1,0
1692,0.08888693511517509,617.733372985858,1.0,1,0
1693,0.08888693511517509,577.021160835189,1.0,1,0
1694,-1.0,616.930280264355,1.0,1,0
1695,-1.0,582.219534666481,1.0,1,0
1696,-0.1645858976613328,606.968105104665,1.0,1,0
1697,0.08888693511517509,628.566325643772,1.0,1,0
1698,0.08888693511517509,589.481058694594,1.0,1,0
1699,0.08888693511517509,629.374380459103,1.0,1,0
1700,-1.0,627.709046372197,1.0,1,0
1701,-1.0,628.743261845311,1.0,1,0
1702,-0.17003692632319323,639.314123137754,1.0,1,0
1703,0.08888693511517509,621.77139707001,1.0,1,0
1704,-1.0,603.57357387728,1.0,1,0
1705,-1.0,632.050636856762,1.0,1,0
1706,-0.27492526815544216,592.615369990652,1.0,1,0
1707,0.08888693511517509,642.234114782394,1.0,1,0
1708,-1.0,612.780943893588,1.0,1,0
1709,-1.0,656.682766837273,1.0,1,0
1710,-0.09715139792509231,603.716116272429,1.0,1,0
1711,0.08888693511517509,583.420321552357,1.0,1,0
1712,0.09002989273782314,554.362567202111,1.0,1,0
1713,0.08774397749252683,550.7168084375,1.0,1,0
1714,0.08967821346931593,547.9952353312,1.0,1,0
1715,0.08967821346931593,537.391604130434,1.0,1,0
1716,-1.0,564.64134164223,1.0,1,0
1717,-1.0,529.491226727261,1.0,1,0
1718,-0.013187972569017048,565.758482816735,1.0,1,0
1719,0.08967821346931593,528.06496396134,1.0,1,0
1720,-1.0,561.862813410789,1.0,1,0
1721,-1.0,553.020576991689,1.0,1,0
1722,-0.09636011957095125,580.256651337074,1.0,1,0
1723,0.08967821346931593,552.006800107997,1.0,1,0
1724,0.08994197292069628,566.4658612366,1.0,1,0
1725,0.07033585370142426,536.034645250768,1.0,1,0
1726,0.0794795146826095,580.313104897259,1.0,1,0
1727,0.08580974151573773,513.939623333907,1.0,1,0
1728,0.0938104448742747,545.605062488074,1.0,1,0
1729,0.0938104448742747,509.075783308082,1.0,1,0
1730,0.0938104448742747,543.534986662267,1.0,1,0
1731,-1.0,504.425314803936,1.0,1,0
1732,-1.0,552.57257383185,1.0,1,0
1733,-0.09222788816599259,548.732985312559,1.0,1,0
1734,0.0938104448742747,541.070951848802,1.0,1,0
1735,0.08871109548092138,558.084204923087,1.0,1,0
1736,0.08871109548092138,564.793904251328,1.0,1,0
1737,0.08871109548092138,527.465527054369,1.0,1,0
1738,-1.0,569.299973147334,1.0,1,0
1739,-1.0,528.708443861571,1.0,1,0
1740,-0.12897837172498683,583.337414689396,1.0,1,0
1741,0.08871109548092138,581.731499520339,1.0,1,0
1742,0.08871109548092138,587.998891687269,1.0,1,0
1743,0.08871109548092138,606.958702181808,1.0,1,0
1744,-1.0,622.38874723457,1.0,1,0
1745,-1.0,609.604115357526,1.0,1,0
1746,-0.12897837172498683,614.573160679655,1.0,1,0
1747,0.08871109548092138,573.164706145394,1.0,1,0
1748,-1.0,612.703048726793,1.0,1,0
1749,-0.009319500615438736,586.327995125314,1.0,1,0
1750,0.08871109548092138,573.635713430418,1.0,1,0
1751,0.07886407596272194,612.009356333805,1.0,1,0
1752,0.07534728327765072,572.383083478455,1.0,1,0
1753,0.0805345524881309,593.663423199919,1.0,1,0
1754,0.0831721470019342,548.427995787211,1.0,1,0
1755,0.0831721470019342,596.450370187471,1.0,1,0
1756,0.0831721470019342,547.880623776367,1.0,1,0
1757,-1.0,599.170093206932,1.0,1,0
1758,-1.0,551.182422683822,1.0,1,0
1759,-0.01863900123087736,603.776640851885,1.0,1,0
1760,0.0831721470019342,548.816482277994,1.0,1,0
1761,0.053631088447336106,583.845708459867,1.0,1,0
1762,0.0651485844909443,535.852400841021,1.0,1,0
1763,0.08853525584666788,586.57991995653,1.0,1,0
1764,0.07675400035167934,524.912200775358,1.0,1,0
1765,0.08879901529804823,536.044384592872,1.0,1,0
1766,0.08879901529804823,509.525445947963,1.0,1,0
1767,0.08879901529804823,549.290751569227,1.0,1,0
1768,-1.0,515.948074886786,1.0,1,0
1769,-1.0,552.53508214366,1.0,1,0
1770,-0.014067170740284851,531.40379191797,1.0,1,0
1771,0.08879901529804823,563.60250567002,1.0,1,0
1772,-1.0,549.629719898315,1.0,1,0
1773,-1.0,568.922968376556,1.0,1,0
1774,-0.03402496922806397,561.271320786188,1.0,1,0
1775,0.08879901529804823,559.746070784173,1.0,1,0
1776,-1.0,565.015700122919,1.0,1,0
1777,-1.0,591.316007947886,1.0,1,0
1778,-0.09723931774221906,608.370475388976,1.0,1,0
1779,0.08879901529804823,606.087681400288,1.0,1,0
1780,0.08879901529804823,591.196088939751,1.0,1,0
1781,0.08879901529804823,575.625843199504,1.0,1,0
1782,-1.0,597.479775690236,1.0,1,0
1783,-1.0,585.59312014402,1.0,1,0
1784,-0.03402496922806397,624.231705315256,1.0,1,0
1785,0.08879901529804823,577.471717130018,1.0,1,0
1786,0.08879901529804823,615.38279151208,1.0,1,0
1787,0.08879901529804823,594.015051791805,1.0,1,0
1788,-1.0,635.296700666504,1.0,1,0
1789,-1.0,610.581923892444,1.0,1,0
1790,-0.09723931774221906,658.999177809914,1.0,1,0
1791,0.08879901529804823,598.345193141776,1.0,1,0
1792,-1.0,649.26347983049,1.0,1,0
1793,-1.0,619.048960750955,1.0,1,0
1794,-0.12889045190785997,632.37140270089,1.0,1,0
1795,0.08879901529804823,603.866280568526,1.0,1,0
1796,0.08879901529804823,616.996645464929,1.0,1,0
1797,0.08879901529804823,568.597463778999,1.0,1,0
1798,0.061895551257253434,610.332448933125,1.0,1,0
1799,0.056268682961139405,563.175430435338,1.0,1,0
1800,0.016880604888341866,614.413829504014,1.0,1,0
1801,-0.05741164058378756,554.281876836625,1.0,1,0
1802,-0.06128011253736587,591.439042341629,1.0,1,0
1803,-0.11543871988746257,544.59825479639,1.0,1,0
1804,-0.15579391594865477,591.953461772907,1.0,1,0
1805,-1.0,574.822495627763,1.0,1,0
1806,-1.0,634.88056927677,1.0,1,0
1807,-0.32627044135748196,586.047873799636,1.0,1,0
1808,-0.15579391594865477,621.479572633188,1.0,1,0
1809,-0.12933005099349393,526.591279548982,1.0,1,0
1810,-0.08879901529804812,597.808195739188,1.0,1,0
1811,0.017583963425356064,544.844790805608,1.0,1,0
1812,0.08563390188148423,574.00721467045,1.0,1,0
1813,0.08563390188148423,550.680683931984,1.0,1,0
1814,0.08563390188148423,580.462060995292,1.0,1,0
1815,-1.0,559.30490791248,1.0,1,0
1816,-0.31756637946193067,607.296295386632,1.0,1,0
1817,0.08563390188148423,540.409712362448,1.0,1,0
1818,-1.0,609.143943584288,1.0,1,0
1819,-1.0,550.640442660431,1.0,1,0
1820,-0.31756637946193067,575.653140272498,1.0,1,0
1821,0.08563390188148423,547.505617817713,1.0,1,0
1822,0.08721645858976612,550.274886772181,1.0,1,0
1823,0.08721645858976612,542.131069876204,1.0,1,0
1824,0.08721645858976612,573.687284068962,1.0,1,0
1825,-1.0,533.5719161731,1.0,1,0
1826,-0.310620713908915,577.669535160358,1.0,1,0
1827,0.08721645858976612,555.12027335233,1.0,1,0
1828,0.08721645858976612,593.061120537802,1.0,1,0
1829,0.08721645858976612,549.371401986449,1.0,1,0
1830,-1.0,596.775065700316,1.0,1,0
1831,-1.0,570.467565558222,1.0,1,0
1832,-0.31492878494812726,598.788833047581,1.0,1,0
1833,0.08721645858976612,563.409707765382,1.0,1,0
1834,-1.0,589.664251292606,1.0,1,0
1835,-1.0,602.725118144083,1.0,1,0
1836,-0.3167751011077897,588.856013215734,1.0,1,0
1837,0.08721645858976612,588.666161401661,1.0,1,0
1838,0.08528222261297702,553.678985163348,1.0,1,0
1839,0.0918762088974856,578.790877727677,1.0,1,0
1840,0.0918762088974856,546.357938474255,1.0,1,0
1841,0.0918762088974856,537.586878368206,1.0,1,0
1842,-1.0,521.482424978431,1.0,1,0
1843,-1.0,528.831273650196,1.0,1,0
1844,-0.32433620538069274,514.40176616192,1.0,1,0
1845,0.0918762088974856,529.026170258917,1.0,1,0
1846,0.07323720766660813,517.945096570336,1.0,1,0
1847,0.0826446280991735,516.251131372819,1.0,1,0
1848,0.08457886407596282,498.190729460642,1.0,1,0
1849,0.08457886407596282,516.878870054479,1.0,1,0
1850,0.08457886407596282,513.951443930334,1.0,1,0
1851,-1.0,536.103464222999,1.0,1,0
1852,-1.0,580.794495526542,1.0,1,0
1853,-0.3520309477756286,521.685358550884,1.0,1,0
1854,0.08457886407596282,560.506975426979,1.0,1,0
1855,0.0844030244417091,507.016470350814,1.0,1,0
1856,0.0844030244417091,545.44808936994,1.0,1,0
1857,-1.0,526.363588682243,1.0,1,0
1858,-0.40645331457710565,530.808703155714,1.0,1,0
1859,0.0844030244417091,551.174735461687,1.0,1,0
1860,0.07420432565500268,518.97770524279,1.0,1,0
1861,0.0794795146826095,576.18605952253,1.0,1,0
1862,0.08721645858976612,550.553849850278,1.0,1,0
1863,0.08721645858976612,580.314940491172,1.0,1,0
1864,0.08721645858976612,544.145202632764,1.0,1,0
1865,-1.0,591.918828994606,1.0,1,0
1866,-0.406717074028486,511.682940413047,1.0,1,0
1867,0.08721645858976612,589.930814646396,1.0,1,0
1868,-1.0,492.107150485027,1.0,1,0
1869,-1.0,586.139615798069,1.0,1,0
1870,-0.21496395287497805,520.32692510895,1.0,1,0
1871,0.08721645858976612,566.444754593438,1.0,1,0
1872,-1.0,550.024016154685,1.0,1,0
1873,-1.0,548.615496531895,1.0,1,0
1874,-0.3567786179004747,566.284674333881,1.0,1,0
1875,0.08721645858976612,512.332381150797,1.0,1,0
1876,0.08985405310356964,553.617245074063,1.0,1,0
1877,0.08985405310356964,520.475130902134,1.0,1,0
1878,-1.0,570.692285861438,1.0,1,0
1879,-1.0,516.04842214394,1.0,1,0
1880,-0.3389308950237383,571.531507541576,1.0,1,0
1881,0.08985405310356964,542.18059883009,1.0,1,0
1882,0.09170036926323188,564.547047714042,1.0,1,0
1883,0.09170036926323188,533.684252695779,1.0,1,0
1884,0.09170036926323188,521.676229752074,1.0,1,0
1885,-1.0,523.840817177855,1.0,1,0
1886,-1.0,510.852143411596,1.0,1,0
1887,-0.33708457886407595,526.067106711264,1.0,1,0
1888,0.09170036926323188,529.457589185413,1.0,1,0
1889,0.09170036926323188,548.810843702643,1.0,1,0
1890,0.09170036926323188,521.666768218492,1.0,1,0
1891,-1.0,585.317305502877,1.0,1,0
1892,-1.0,546.64948293928,1.0,1,0
1893,-0.3413926499032882,596.50623689839,1.0,1,0
1894,0.09170036926323188,538.538566890406,1.0,1,0
1895,0.08721645858976612,582.001984519029,1.0,1,0
1896,0.08721645858976612,537.707931136223,1.0,1,0
1897,0.08721645858976612,568.315491117927,1.0,1,0
1898,0.08721645858976612,511.967077327754,1.0,1,0
1899,-1.0,550.47909637566,1.0,1,0
1900,-1.0,478.92995696169,1.0,1,0
1901,-0.34323896606295057,544.265733539919,1.0,1,0
1902,0.08721645858976612,438.555864676939,1.0,1,0
1903,-1.0,548.511812435306,1.0,1,0
1904,-1.0,500.826119054839,1.0,1,0
1905,-0.3450852822226129,581.560353654937,1.0,1,0
1906,0.08721645858976612,535.20908367041,1.0,1,0
1907,0.08721645858976612,586.072835770611,1.0,1,0
1908,-1.0,556.759535395818,1.0,1,0
1909,-1.0,619.812451178935,1.0,1,0
1910,-0.3450852822226129,565.74721470309,1.0,1,0
1911,0.08721645858976612,585.184562209804,1.0,1,0
1912,-1.0,576.813108512988,1.0,1,0
1913,-0.34666783893089503,542.753260970806,1.0,1,0
1914,0.08721645858976612,574.671459724293,1.0,1,0
1915,0.08721645858976612,525.063222162593,1.0,1,0
1916,0.08721645858976612,535.874152040846,1.0,1,0
1917,-1.0,528.108454973914,1.0,1,0
1918,-1.0,540.489304227644,1.0,1,0
1919,-0.41726745208369964,560.95499596963,1.0,1,0
1920,0.08721645858976612,561.68059860586,1.0,1,0
1921,0.08721645858976612,564.779074695072,1.0,1,0
1922,0.08721645858976612,594.89576431331,1.0,1,0
1923,0.08721645858976612,616.733667093751,1.0,1,0
1924,-1.0,590.746919615251,1.0,1,0
1925,-1.0,674.366396349424,1.0,1,0
1926,-0.41102514506769827,573.782887825281,1.0,1,0
1927,0.08721645858976612,663.147026139272,1.0,1,0
1928,-1.0,526.984431256344,1.0,1,0
1929,-0.406717074028486,645.875205955993,1.0,1,0
1930,0.08721645858976612,582.209730272093,1.0,1,0
1931,-0.02558466678389304,651.88126430909,1.0,1,0
1932,-0.06224723052576042,625.198448057293,1.0,1,0
1933,-0.10787761561455944,681.969563356816,1.0,1,0
1934,-0.15693687357130293,618.54782998642,1.0,1,0
1935,-1.0,682.83478041967,1.0,1,0
1936,-1.0,618.705425163627,1.0,1,0
1937,-0.44452259539300154,628.06563581974,1.0,1,0
1938,-0.15693687357130293,598.593743181545,1.0,1,0
1939,-0.1483207314928785,595.043455568577,1.0,1,0
1940,-0.06347810796553544,590.083441480124,1.0,1,0
1941,-0.013715491471777752,599.061981542202,1.0,1,0
1942,0.0952171619483031,573.871830719543,1.0,1,0
1943,0.0952171619483031,611.419781938998,1.0,1,0
1944,-1.0,556.643467633858,1.0,1,0
1945,-1.0,633.334749742906,1.0,1,0
1946,-0.3988922103042025,548.9199868936,1.0,1,0
1947,0.0952171619483031,630.4662460085,1.0,1,0
1948,0.08660101986987878,550.32923060119,1.0,1,0
1949,0.08660101986987878,622.110479176194,1.0,1,0
1950,0.08660101986987878,540.714277881011,1.0,1,0
1951,0.08660101986987878,588.228087196795,1.0,1,0
1952,-1.0,534.713999874518,1.0,1,0
1953,-1.0,589.613304179933,1.0,1,0
1954,-0.43019166520133634,520.574159873955,1.0,1,0
1955,0.08660101986987878,583.851003634042,1.0,1,0
1956,0.07156673114119916,519.272195680776,1.0,1,0
1957,0.08405134517320212,566.84655230317,1.0,1,0
1958,0.08405134517320212,517.477148752923,1.0,1,0
1959,0.08405134517320212,556.39876116217,1.0,1,0
1960,-1.0,527.963517425687,1.0,1,0
1961,-0.4286970283101811,556.337956323712,1.0,1,0
1962,0.08405134517320212,534.820492128692,1.0,1,0
1963,-1.0,561.531849139583,1.0,1,0
1964,-1.0,534.572757775942,1.0,1,0
1965,-0.43564269386319676,567.538935047034,1.0,1,0
1966,0.08405134517320212,530.273899624165,1.0,1,0
1967,0.06945665553015656,572.626161190831,1.0,1,0
1968,0.08290838755055385,512.554996834878,1.0,1,0
1969,0.08361174608756827,542.823529895693,1.0,1,0
1970,0.08361174608756827,503.258393126682,1.0,1,0
1971,0.08361174608756827,552.188419587346,1.0,1,0
1972,-1.0,494.749457806288,1.0,1,0
1973,-1.0,558.975800166184,1.0,1,0
1974,-0.44751186917531205,495.406824485966,1.0,1,0
1975,0.08361174608756827,569.983837116647,1.0,1,0
1976,-1.0,491.176290853092,1.0,1,0
1977,-1.0,549.012113667416,1.0,1,0
1978,-0.44839106734657985,488.701795887672,1.0,1,0
1979,0.08361174608756827,560.83739336811,1.0,1,0
1980,0.08378758572182177,493.708656608362,1.0,1,0
1981,0.0789519957798488,548.357342006028,1.0,1,0
1982,0.08449094425883596,490.22469421588,1.0,1,0
1983,0.08449094425883596,544.35077633279,1.0,1,0
1984,-1.0,491.86224627266,1.0,1,0
1985,-1.0,559.786542249988,1.0,1,0
1986,-0.44751186917531205,498.317424103173,1.0,1,0
1987,0.08449094425883596,574.62636252146,1.0,1,0
1988,-1.0,501.255162894131,1.0,1,0
1989,-1.0,567.408486933516,1.0,1,0
1990,-0.44751186917531205,503.897905473487,1.0,1,0
1991,0.08449094425883596,564.838185178282,1.0,1,0
1992,0.07183049059257951,510.542643484991,1.0,1,0
1993,0.08369966590469491,541.974757770225,1.0,1,0
1994,0.08369966590469491,504.899118058488,1.0,1,0
1995,0.08369966590469491,587.533192263465,1.0,1,0
1996,-1.0,507.254825414269,1.0,1,0
1997,-1.0,601.427515847534,1.0,1,0
1998,-0.4483031475294531,521.433520214152,1.0,1,0
1999,0.08369966590469491,609.719134085597,1.0,1,0
2000,0.07692983998593284,530.977343653159,1.0,1,0
2001,0.08308422718480757,597.47818963567,1.0,1,0
2002,0.08308422718480757,535.394370779834,1.0,1,0
2003,0.08308422718480757,610.01813455795,1.0,1,0
2004,-1.0,532.387631519933,1.0,1,0
2005,-1.0,616.14362027942,1.0,1,0
2006,-0.44891858624934056,567.711046398191,1.0,1,0
2007,0.08308422718480757,617.154502515509,1.0,1,0
2008,-1.0,546.976304422045,1.0,1,0
2009,-1.0,601.635876374736,1.0,1,0
2010,-0.31106031299454895,547.687622145628,1.0,1,0
2011,0.08308422718480757,598.182344091172,1.0,1,0
2012,0.08449094425883596,522.182280197539,1.0,1,0
2013,0.08167751011077895,587.7018195609,1.0,1,0
2014,0.07868823632846844,509.933883860498,1.0,1,0
2015,0.10559170036926324,590.078069675026,1.0,1,0
2016,0.11042729031123621,520.050983689964,1.0,1,0
2017,0.11411992263056092,571.721393693634,1.0,1,0
2018,0.11411992263056092,539.920087135088,1.0,1,0
2019,0.11411992263056092,582.819669924624,1.0,1,0
2020,-1.0,557.079298863614,1.0,1,0
2021,0.11411992263056092,591.845922145595,1.0,1,0
2022,-1.0,540.17290220646,1.0,1,0
2023,-1.0,603.063531973233,1.0,1,0
2024,0.11411992263056092,550.454392278841,1.0,1,0
2025,0.07649024090029899,586.777574637775,1.0,1,0
2026,0.0674344997362406,550.45908800658,1.0,1,0
2027,0.11051521012836307,578.496264734859,1.0,1,0
2028,0.10752593634605234,575.0590397,1.0,1,0
2029,0.07253384912959393,542.451836215697,1.0,1,0
2030,0.08774397749252683,568.539348933938,1.0,1,0
2031,0.07042377351855111,548.082906857043,1.0,1,0
2032,0.07042377351855111,572.57786887041,1.0,1,0
2033,0.07042377351855111,554.020851952291,1.0,1,0
2034,-1.0,570.323144701898,1.0,1,0
2035,-1.0,573.66577891885,1.0,1,0
2036,0.07042377351855111,586.344524926482,1.0,1,0
2037,-1.0,564.588146159112,1.0,1,0
2038,-1.0,573.971875037925,1.0,1,0
2039,0.07042377351855111,587.579867406475,1.0,1,0
2040,-1.0,585.589462604552,1.0,1,0
2041,-1.0,561.817578025087,1.0,1,0
2042,0.07042377351855111,601.145159267509,1.0,1,0
2043,0.06769825918762096,562.219088667914,1.0,1,0
2044,0.07974327413398985,600.41556511485,1.0,1,0
2045,0.09231580798311945,554.916558725839,1.0,1,0
2046,0.09231580798311945,630.337968893184,1.0,1,0
2047,-1.0,551.2072091402,1.0,1,0
2048,-1.0,641.354542130213,1.0,1,0
2049,0.09231580798311945,567.937605119225,1.0,1,0
2050,-1.0,632.804873507523,1.0,1,0
2051,-1.0,594.151821977335,1.0,1,0
2052,0.09231580798311945,637.593906838166,1.0,1,0
2053,0.06418146650254974,570.702957307646,1.0,1,0
2054,0.07772111834007389,590.902276166208,1.0,1,0
2055,0.10269034640407959,564.909850973914,1.0,1,0
2056,0.10269034640407959,562.752114319022,1.0,1,0
2057,0.10269034640407959,543.561956543232,1.0,1,0
2058,-1.0,571.795598607724,1.0,1,0
2059,-1.0,543.208789662812,1.0,1,0
2060,0.10269034640407959,564.384638624274,1.0,1,0
2061,0.06901705644452272,541.032563338832,1.0,1,0
2062,0.09803059609636011,573.3762519085,1.0,1,0
2063,0.09803059609636011,533.398902541347,1.0,1,0
2064,-1.0,597.900354729641,1.0,1,0
2065,-1.0,554.78167415986,1.0,1,0
2066,-0.2590997010726217,613.616217965096,1.0,1,0
2067,0.09803059609636011,573.097252715322,1.0,1,0
2068,0.09803059609636011,599.881172091378,1.0,1,0
2069,0.09803059609636011,571.782089069696,1.0,1,0
2070,-1.0,589.95216607786,1.0,1,0
2071,-1.0,616.821800531688,1.0,1,0
2072,-0.24854932301740806,603.296765555845,1.0,1,0
2073,0.09803059609636011,617.462207932077,1.0,1,0
2074,-1.0,579.415250580348,1.0,1,0
2075,-0.2590997010726217,617.727320400312,1.0,1,0
2076,0.09803059609636011,577.200052945689,1.0,1,0
2077,0.09803059609636011,601.157427043989,1.0,1,0
2078,-1.0,555.705306630027,1.0,1,0
2079,-0.3245999648320731,560.195907781517,1.0,1,0
2080,0.09803059609636011,592.264338861012,1.0,1,0
2081,0.04826797960260243,569.851739910695,1.0,1,0
2082,0.0632143485141552,577.92883919917,1.0,1,0
2083,0.09636011957095136,597.533918500702,1.0,1,0
2084,0.09636011957095136,570.949570495885,1.0,1,0
2085,-1.0,593.445486807201,1.0,1,0
2086,-1.0,570.7480832088,1.0,1,0
2087,-0.3398100931950061,581.43774501249,1.0,1,0
2088,0.09636011957095136,601.053679980017,1.0,1,0
2089,0.09636011957095136,608.349868787466,1.0,1,0
2090,-1.0,600.644273419022,1.0,1,0
2091,-1.0,630.037705138287,1.0,1,0
2092,-0.3398100931950061,598.930714934356,1.0,1,0
2093,0.09636011957095136,635.748669804681,1.0,1,0
2094,0.09636011957095136,600.9225626403,1.0,1,0
2095,0.09636011957095136,645.427506087543,1.0,1,0
2096,-1.0,628.587723875721,1.0,1,0
2097,-0.3398100931950061,647.292450624576,1.0,1,0
2098,0.09636011957095136,620.476470997393,1.0,1,0
2099,-1.0,632.599640570418,1.0,1,0
2100,-1.0,599.753947298724,1.0,1,0
2101,-0.3398100931950061,600.608924558302,1.0,1,0
2102,0.09636011957095136,606.756617695695,1.0,1,0
2103,-1.0,576.002919254781,1.0,1,0
2104,-1.0,617.389387114696,1.0,1,0
2105,-0.3398100931950061,550.467037506602,1.0,1,0
2106,0.09636011957095136,625.422113300646,1.0,1,0
2107,-1.0,540.73004145589,1.0,1,0
2108,-0.3398100931950061,640.049939884528,1.0,1,0
2109,0.09636011957095136,571.804019399713,1.0,1,0
2110,0.09926147353613501,607.14423715069,1.0,1,0
2111,0.09926147353613501,597.970943670331,1.0,1,0
2112,-1.0,560.27272341138,1.0,1,0
2113,-1.0,597.636258189973,1.0,1,0
2114,-0.3387550553894848,560.473202661108,1.0,1,0
2115,0.09926147353613501,579.645931766196,1.0,1,0
2116,0.09548092139968345,566.963071760411,1.0,1,0
2117,0.09548092139968345,573.792433618251,1.0,1,0
2118,0.09548092139968345,563.788842298057,1.0,1,0
2119,-1.0,574.836141350792,1.0,1,0
2120,-1.0,599.823612435883,1.0,1,0
2121,-0.34253560752593637,575.889647065654,1.0,1,0
2122,0.09548092139968345,609.259406330709,1.0,1,0
2123,0.09548092139968345,508.638872393288,1.0,1,0
2124,0.09548092139968345,590.622875021912,1.0,1,0
2125,-1.0,522.522784753595,1.0,1,0
2126,-1.0,575.84740843059,1.0,1,0
2127,-0.3722525057147881,515.125972493574,1.0,1,0
2128,0.09548092139968345,598.90660079717,1.0,1,0
2129,0.08387550553894862,478.43438240465,1.0,1,0
2130,0.10119570951292434,589.93729512889,1.0,1,0
2131,0.10119570951292434,521.549563178351,1.0,1,0
2132,0.10119570951292434,585.169103479498,1.0,1,0
2133,-1.0,606.097205784527,1.0,1,0
2134,-1.0,539.450478057058,1.0,1,0
2135,-0.3787585721821698,601.429099312165,1.0,1,0
2136,0.10119570951292434,483.015041205743,1.0,1,0
2137,-1.0,560.718863046881,1.0,1,0
2138,-1.0,506.130001904225,1.0,1,0
2139,0.10119570951292434,567.157101736412,1.0,1,0
2140,0.0644452259539301,519.808202787681,1.0,1,0
2141,0.0814137506593986,591.842132519138,1.0,1,0
2142,0.0826446280991735,524.462199650494,1.0,1,0
2143,0.06382978723404253,595.692969647354,1.0,1,0
2144,0.06259890979426763,513.446256450951,1.0,1,0
2145,0.07306136803235463,574.233376798648,1.0,1,0
2146,0.09425004395990855,515.240558341705,1.0,1,0
2147,0.09425004395990855,535.347693640162,1.0,1,0
2148,0.05160893265342015,521.639938806984,1.0,1,0
2149,0.06655530156497269,531.575146729943,1.0,1,0
2150,0.07965535431686299,497.753048547646,1.0,1,0
2151,0.07420432565500268,518.869535956008,1.0,1,0
2152,0.08528222261297702,473.947987142573,1.0,1,0
2153,0.09715139792509242,512.506265480419,1.0,1,0
2154,0.09715139792509242,489.469586373411,1.0,1,0
2155,0.09715139792509242,516.986710917921,1.0,1,0
2156,-1.0,543.577021945879,1.0,1,0
2157,-0.46483207314928787,528.162326615394,1.0,1,0
2158,0.09715139792509242,557.15127186943,1.0,1,0
2159,0.05152101283629329,541.146484058943,1.0,1,0
2160,0.09178828908035874,530.559317031387,1.0,1,0
2161,0.0952171619483031,524.240678889471,1.0,1,0
2162,0.0952171619483031,506.690238113569,1.0,1,0
2163,0.0952171619483031,481.99017773849,1.0,1,0
2164,-1.0,518.509812878231,1.0,1,0
2165,-1.0,491.351613602005,1.0,1,0
2166,-0.45498505363108843,618.723450933598,1.0,1,0
2167,0.0952171619483031,537.374384275807,1.0,1,0
2168,0.05705996131528046,595.736983891901,1.0,1,0
2169,0.07956743449973636,584.149365028815,1.0,1,0
2170,0.07596272199753829,591.923989949039,1.0,1,0
2171,0.11271320555653253,562.586394367882,1.0,1,0
2172,0.11332864427641987,560.875089181924,1.0,1,0
2173,0.0632143485141552,538.83288262026,1.0,1,0
2174,0.09495340249692275,556.91900295857,1.0,1,0
2175,0.10365746439247414,529.031164488453,1.0,1,0
2176,0.10365746439247414,559.65754400128,1.0,1,0
2177,0.10365746439247414,532.627280288831,1.0,1,0
2178,-1.0,542.820365350946,1.0,1,0
2179,-1.0,523.429930344212,1.0,1,0
2180,-0.4428521188675927,550.470950407406,1.0,1,0
2181,0.10365746439247414,532.292256420502,1.0,1,0
2182,-1.0,557.602203763319,1.0,1,0
2183,-1.0,563.346427661738,1.0,1,0
2184,-0.4428521188675927,536.668854048655,1.0,1,0
2185,0.10365746439247414,533.84076454005,1.0,1,0
2186,0.06892913662739586,525.367749285525,1.0,1,0
2187,0.08853525584666788,511.065247752566,1.0,1,0
2188,0.10049235097590992,520.074771793014,1.0,1,0
2189,0.10049235097590992,497.837273488191,1.0,1,0
2190,0.10049235097590992,481.666010768099,1.0,1,0
