spacecraft,channel,method,dims,threshold,tp,fp,fn,tn,roc_auc,pr_auc,n_components
SMAP,P-1,pca,25,0.9045890318047242,4,52,747,7702,0.480296239868637,0.09082432026414189,9.0
SMAP,P-1,iforest,25,0.25563603582608724,4,27,747,7727,0.5140620690768426,0.0933585898020971,
SMAP,S-1,pca,25,0.14051321379553966,1,99,447,6784,0.6527159629833336,0.10398234866316361,11.0
SMAP,S-1,iforest,25,0.2319342122729578,1,18,447,6865,0.5762875277599053,0.08851395872626827,
SMAP,E-1,pca,25,0.9044476092701251,2,29,506,7979,0.6760197233868495,0.13616146670131676,10.0
SMAP,E-1,iforest,25,0.265416570219388,1,4,507,8004,0.6591011105036695,0.11739562677123264,
SMAP,E-2,pca,25,0.177051462762392,4,163,1394,6971,0.639495105547474,0.24784909024790946,10.0
SMAP,E-2,iforest,25,0.24754758771399576,1,25,1397,7109,0.613618999146925,0.20281537947265982,
SMAP,E-3,pca,25,0.5965760670118746,15,81,3198,5013,0.2767310998909881,0.2926019336236615,11.0
SMAP,E-3,iforest,25,0.2487724192184062,12,20,3201,5074,0.3647824570651888,0.38364676539588033,
SMAP,E-4,pca,25,0.4795085045485079,7,52,2805,5490,0.29592050977072537,0.24735067777397324,11.0
SMAP,E-4,iforest,25,0.24724135442950507,5,19,2807,5523,0.33197070553430597,0.25388583568401973,
SMAP,E-5,pca,25,0.5960924025264966,6,86,315,7887,0.48803477312252835,0.03957514353481769,10.0
SMAP,E-5,iforest,25,0.25573228810936965,3,0,318,7973,0.48672583833365957,0.051515769004283035,
SMAP,E-6,pca,25,0.3247517110536804,16,55,50,8179,0.6237312400173707,0.2249243193800487,11.0
SMAP,E-6,iforest,25,0.25091688009000107,3,25,63,8209,0.5253301168105637,0.03352801370210993,
SMAP,E-7,pca,25,0.9276763907164217,41,24,240,8005,0.6169772031900377,0.18914756674029068,11.0
SMAP,E-7,iforest,25,0.22369987945800376,1,29,280,8000,0.5758562488559045,0.05092826553003813,
SMAP,E-8,pca,25,0.7767456514350046,9,82,614,7827,0.7209156035944178,0.21464416605843548,11.0
SMAP,E-8,iforest,25,0.2440437663935915,5,19,618,7890,0.7287594420238073,0.1660898376718495,
SMAP,E-9,pca,25,0.7471755748914152,3,68,348,7883,0.7233172483455468,0.08860494074950187,11.0
SMAP,E-9,iforest,25,0.25179249536426795,5,1,346,7950,0.6714482687945146,0.08547671944669419,
SMAP,E-10,pca,25,0.9071527575098934,6,51,316,8132,0.8248607361269349,0.15486738816852208,10.0
SMAP,E-10,iforest,25,0.24446908213641805,1,11,321,8172,0.830724657922082,0.17295342687167775,
SMAP,E-11,pca,25,0.5864069759269986,6,91,289,8128,0.8969060939823188,0.275524821560268,10.0
SMAP,E-11,iforest,25,0.26059541466124025,0,26,295,8193,0.7818292051695019,0.09654942979709459,
SMAP,E-12,pca,25,0.6700139228870995,7,62,576,7867,0.32839986180958064,0.05784742112023345,10.0
SMAP,E-12,iforest,25,0.2629021633289321,1,5,582,7924,0.6210128829900531,0.1003473758276951,
SMAP,E-13,pca,25,1.4200167540776736,0,12,264,8364,0.5270594103643889,0.03245433766995645,10.0
SMAP,E-13,iforest,25,0.23516527170812965,4,69,260,8307,0.4940391558855026,0.031303562760243736,
SMAP,A-1,pca,25,0.9537430705193559,2,56,83,8499,0.5014322549592602,0.012965327896203912,10.0
SMAP,A-1,iforest,25,0.24962387171188494,0,25,85,8530,0.4905036614295046,0.010587562825214761,
SMAP,D-1,pca,25,0.9183622030578236,4,38,3255,5212,0.9111378892152135,0.8460843580020116,11.0
SMAP,D-1,iforest,25,0.24554371737405767,7,20,3252,5230,0.7706835576206549,0.6715676818331012,
SMAP,P-2,pca,25,0.8967369095001806,2,22,1224,6961,0.8964019820683136,0.5555254552028903,11.0
SMAP,P-2,iforest,25,0.2047244047922774,12,26,1214,6957,0.8633357193033933,0.5064846487319035,
SMAP,P-3,pca,25,0.5919439518141314,4,77,1332,7080,0.5349333469431125,0.1688574906506323,11.0
SMAP,P-3,iforest,25,0.23945700962046856,4,20,1332,7137,0.65498864643216,0.23497073720087241,
SMAP,D-2,pca,25,0.8204614650726383,56,40,4162,4337,0.9272263046206988,0.9012193907568058,11.0
SMAP,D-2,iforest,25,0.25542683769632735,5,4,4213,4373,0.4972191808705642,0.48819564098108986,
SMAP,D-3,pca,25,0.603307849753126,699,217,2577,5147,0.9381617455582779,0.7980898407806566,12.0
SMAP,D-3,iforest,25,0.21969755690724052,11,39,3265,5325,0.7599326992503725,0.5997434027767837,
SMAP,D-4,pca,25,0.8414597002924721,344,49,2904,5176,0.971917086996488,0.9122187731999354,12.0
SMAP,D-4,iforest,25,0.21472366329591916,14,36,3234,5189,0.6673671247083225,0.5829669589914027,
SMAP,A-2,pca,25,0.9506025676093467,0,61,111,7742,0.5960551093192386,0.024033866394761308,10.0
SMAP,A-2,iforest,25,0.23985819019479826,0,51,111,7752,0.5829531954099428,0.023141427128335182,
SMAP,A-3,pca,25,0.9176951016354509,0,33,186,7986,0.6692770664295953,0.04356800785210605,11.0
SMAP,A-3,iforest,25,0.22949368299361828,0,43,186,7976,0.5987573866904812,0.034684858551870576,
SMAP,A-4,pca,25,0.9502595825256864,0,34,111,7935,0.7151501482659723,0.03513965489563847,11.0
SMAP,A-4,iforest,25,0.24398415604837895,0,38,111,7931,0.7095292682568375,0.031694685583092505,
SMAP,G-1,pca,25,0.9307832564983591,0,50,121,8298,0.2618422980512975,0.01334406543574052,11.0
SMAP,G-1,iforest,25,0.25151339480359997,0,32,121,8316,0.5496956761059213,0.020309292547303074,
SMAP,G-2,pca,25,0.9180671431609495,2,59,39,7261,0.5768909103025457,0.016274297527651877,9.0
SMAP,G-2,iforest,25,0.2503278444066188,0,0,41,7320,0.5524473543915768,0.00872559296053824,
SMAP,D-5,pca,25,0.9402409113284667,47,7577,4,0,0.6698017995636951,0.04900137531522007,10.0
SMAP,D-5,iforest,25,0.23537597215688974,2,53,49,7524,0.6158019496567269,0.011487269708031003,
SMAP,D-6,pca,25,0.9742995070264868,0,32,81,7771,0.5775232064906977,0.017640138796644046,10.0
SMAP,D-6,iforest,25,0.22033648356168822,4,78,77,7725,0.582459579490636,0.021162203962642293,
SMAP,D-7,pca,25,0.852039578134774,38,52,2664,4888,0.9315340338690489,0.7791644453431119,11.0
SMAP,D-7,iforest,25,0.25472175499180916,3,6,2699,4934,0.5086383755322943,0.35709639289141487,
SMAP,F-1,pca,25,0.9825183048712026,0,6,101,8477,0.5228797723577615,0.011775784972242163,10.0
SMAP,F-1,iforest,25,0.24392174553687504,0,5,101,8478,0.4996008324161428,0.011208063741514807,
SMAP,P-4,pca,25,0.9544843718127559,0,2,443,7338,0.5047038091781942,0.0745262898954063,10.0
SMAP,P-4,iforest,25,0.26595115453846485,0,0,443,7340,0.48739782016348776,0.0569189258640627,
SMAP,G-3,pca,25,1.015393053130461,0,36,51,7820,0.5367509783954314,0.008439780911368483,10.0
SMAP,G-3,iforest,25,0.21228543456873128,0,61,51,7795,0.5322633381254742,0.00737375470794396,
SMAP,T-1,pca,25,7.892460912098892e-33,6,98,1530,6978,0.7295361208515875,0.33393356978381183,2.0
SMAP,T-1,iforest,25,0.16669098689483053,0,5,1536,7071,0.2742898990278171,0.13308061164498783,
SMAP,T-2,pca,25,0.0003441733786348795,1,82,1784,6758,0.668364252133602,0.2704758803458516,8.0
SMAP,T-2,iforest,25,0.05959329023266263,1,77,1784,6763,0.3080460546791816,0.16145291005371384,
SMAP,D-8,pca,25,9.858367129774296e-06,1,79,50,7744,0.5048035831998656,0.0072837195160851565,8.0
SMAP,D-8,iforest,25,-0.09858667069998356,0,79,51,7744,0.49495078614342325,0.006477012954025908,
SMAP,D-9,pca,25,3.250496087551251e-05,915,102,241,6148,0.890153356401384,0.7973553129218311,8.0
SMAP,D-9,iforest,25,-0.11104058065167594,1,103,1155,6147,0.49219446366782005,0.15597681219799078,
SMAP,F-2,pca,25,6.365338834576189e-05,4,66,2953,5603,0.2422153292267667,0.24674801770609234,9.0
SMAP,F-2,iforest,25,0.15553821638601653,4,53,2953,5616,0.6129610260741469,0.43395372706171226,
SMAP,G-4,pca,25,3.11375535927666e-05,2,2,29,7599,0.4775432774125645,0.035932198533291805,8.0
SMAP,G-4,iforest,25,-0.037010173394490475,0,2,31,7599,0.46933128493279747,0.0038733603548846175,
SMAP,T-3,pca,25,4.698160347582143e-05,2,446,182,7949,0.5173974544889556,0.02313648876539441,8.0
SMAP,T-3,iforest,25,0.01741408905530273,2,452,182,7943,0.4546634254343942,0.019204224341363832,
SMAP,D-11,pca,25,9.979711219377598e-05,0,200,61,7170,0.2836866338946104,0.008541886710002174,5.0
SMAP,D-11,iforest,25,0.06330963018364033,0,125,61,7245,0.3803167471139088,0.008543188370182284,
SMAP,D-12,pca,25,0.0,0,109,2740,5069,0.4894747006566242,0.3460469815610003,1.0
SMAP,D-12,iforest,25,8.881784197001252e-16,0,0,2740,5178,0.5,0.3460469815610003,
SMAP,B-1,pca,25,4.0963984868905654e-06,54,3044,17,4929,0.6928692435561569,0.01582179516635638,7.0
SMAP,B-1,iforest,25,-0.08755152203675004,0,131,71,7842,0.4917847736109369,0.008826454500248633,
SMAP,G-6,pca,25,0.00012994598866857056,19,135,82,8404,0.9760365660643825,0.18527813073360527,9.0
SMAP,G-6,iforest,25,0.06624804180740329,0,133,101,8406,0.5884149487673911,0.014535554614167176,
SMAP,G-7,pca,25,0.0,0,128,268,7633,0.491753639994846,0.033379001120936606,1.0
SMAP,G-7,iforest,25,0.3252517819483589,0,0,268,7761,0.6793282812839553,0.26917116063721747,
SMAP,P-7,pca,25,1.0271082014020272e-05,41,104,1610,6316,0.7373240233899592,0.41842377689617594,6.0
SMAP,P-7,iforest,25,0.1425536275300891,41,85,1610,6335,0.5806591304052486,0.3084019889307027,
SMAP,R-1,pca,25,1.8668300456774139e-06,81,7163,0,0,0.5004265748367382,0.011866667575606773,5.0
SMAP,R-1,iforest,25,-0.07120809207716494,0,83,81,7080,0.4942063381264833,0.011181667586968525,
SMAP,A-5,pca,25,9.516821132080846e-05,46,2378,5,2264,0.7623488861292039,0.4798507489913677,6.0
SMAP,A-5,iforest,25,0.18806340219466997,44,1908,7,2734,0.7213612286793218,0.02101328062276544,
SMAP,A-6,pca,25,2.675417083496056,0,0,41,4412,0.7366467284346461,0.6144575018387348,5.0
SMAP,A-6,iforest,25,0.13865893130578355,0,0,41,4412,0.43902439024390244,0.03223722042371678,
SMAP,A-7,pca,25,0.0005807016654043852,0,10,2401,6220,0.2600815738225713,0.20622296455787847,5.0
SMAP,A-7,iforest,25,0.23011491002039963,0,0,2401,6230,0.5390004699753915,0.2922987018655717,
SMAP,D-13,pca,25,0.0,0,324,161,7178,0.47840575846440947,0.021010048283961896,1.0
SMAP,D-13,iforest,25,7.771561172376096e-16,0,0,161,7502,0.5,0.021010048283961896,
SMAP,P-2,pca,25,0.8967369095001806,3,21,1118,7067,0.8864910703318345,0.5478679042882904,11.0
SMAP,P-2,iforest,25,0.2047244047922774,15,23,1106,7065,0.858742169298212,0.49106165482559416,
SMAP,A-8,pca,25,1.2440474262348338e-05,176,1270,3630,3299,0.55556989361581,0.5052166190598701,5.0
SMAP,A-8,iforest,25,0.0965402555726782,2453,58,1353,4511,0.9306948388848654,0.9285943628587641,
SMAP,A-9,pca,25,1.1911607972355646e-05,3865,4120,0,449,0.9872034015159816,0.9417492160138918,5.0
SMAP,A-9,iforest,25,0.06550220484520819,0,57,3865,4512,0.00043498609930186914,0.2869878591267058,
SMAP,F-3,pca,25,0.13062422759412845,8,175,33,8160,0.6891421715656869,0.024863468157907662,11.0
SMAP,F-3,iforest,25,0.22142254520787688,5,24,36,8311,0.5959412995449691,0.10070682814228243,
