dataset,split,method,span,tp,fp,fn,tn,events,hits,delay_sum,alerts,hit_alerts,auroc,ap
SMAP,development,trajectory_lof50,1,85,8491,0,0,1,1,0,1,1,0.6441810359758083,0.10308768909585982
SMAP,development,trajectory_lof50,64,85,8491,0,0,1,1,0,1,1,0.4837495756752825,0.0464221857115666
SMAP,development,subspace_lof50,1,85,8491,0,0,1,1,0,1,1,0.6441810359758083,0.10308768909585982
SMAP,development,subspace_lof50,64,85,8491,0,0,1,1,0,1,1,0.4837495756752825,0.0464221857115666
SMAP,development,trajectory_lof50,1,0,7,2401,6159,1,0,0,3,0,0.8499779054651113,0.5314817726498644
SMAP,development,trajectory_lof50,64,0,38,2401,6128,1,0,0,2,0,0.8617134740727961,0.5709970961671476
SMAP,development,subspace_lof50,1,192,205,2209,5961,1,1,2156,14,2,0.8678608342858547,0.5919913153623998
SMAP,development,subspace_lof50,64,240,228,2161,5938,1,1,2161,6,1,0.8968720190784384,0.6895355695670268
SMAP,development,trajectory_lof50,1,37,3385,24,3921,1,1,0,2,1,0.5699582198327896,0.06800357681693282
SMAP,development,trajectory_lof50,64,61,3583,0,3723,1,1,0,2,1,0.8691486449493567,0.10917019634202971
SMAP,development,subspace_lof50,1,45,3309,16,3997,1,1,0,5,3,0.6555267846324377,0.024637421047130348
SMAP,development,subspace_lof50,64,61,3505,0,3801,1,1,0,2,1,0.8520214689924741,0.028346410728104527
SMAP,development,trajectory_lof50,1,139,2432,22,5006,1,1,22,1,1,0.6270469420918934,0.027342073629325035
SMAP,development,trajectory_lof50,64,139,2432,22,5006,1,1,22,1,1,0.6270469420918934,0.026833774877298086
SMAP,development,subspace_lof50,1,139,2432,22,5006,1,1,22,1,1,0.6270469420918934,0.027342073629325035
SMAP,development,subspace_lof50,64,139,2432,22,5006,1,1,22,1,1,0.6270469420918934,0.026833774877298086
MSL,development,trajectory_lof50,1,163,8,478,1445,1,1,73,52,51,0.9656496376854385,0.8977031632542262
MSL,development,trajectory_lof50,64,547,17,94,1436,1,1,89,2,2,0.9691412570473912,0.9311984518675183
MSL,development,subspace_lof50,1,23,5,618,1448,1,1,90,16,16,0.8153586157210914,0.6461079973533758
MSL,development,subspace_lof50,64,84,3,557,1450,1,1,246,5,3,0.9608126926591172,0.9134870309717162
SMAP,development,trajectory_lof50,1,3276,382,0,4918,1,1,0,1,1,0.9737735849056603,0.8643089961787296
SMAP,development,trajectory_lof50,64,3276,406,0,4894,1,1,0,1,1,0.9737735849056603,0.8643089961787298
SMAP,development,subspace_lof50,1,3276,382,0,4918,1,1,0,1,1,0.9737735849056603,0.8643089961787297
SMAP,development,subspace_lof50,64,3276,406,0,4894,1,1,0,1,1,0.9737735849056603,0.8643089961787298
SMAP,development,trajectory_lof50,1,51,7513,0,0,1,1,0,1,1,0.0326023128537985,0.0034867687333909395
SMAP,development,trajectory_lof50,64,51,7513,0,0,1,1,0,1,1,0.049501126152577346,0.003524453368766937
SMAP,development,subspace_lof50,1,51,7513,0,0,1,1,0,1,1,0.03198638699456888,0.0034848015271788236
SMAP,development,subspace_lof50,64,51,7513,0,0,1,1,0,1,1,0.04768727669425282,0.0035187169598156344
SMAP,development,trajectory_lof50,1,2604,0,98,4876,1,1,98,1,1,0.9818652849740932,0.9766627420252517
SMAP,development,trajectory_lof50,64,2604,0,98,4876,1,1,98,1,1,0.9818652849740932,0.9766627420252517
SMAP,development,subspace_lof50,1,2604,0,98,4876,1,1,98,1,1,0.9818652849740932,0.9766627420252517
SMAP,development,subspace_lof50,64,2604,0,98,4876,1,1,98,1,1,0.9818652849740932,0.9766627420252517
SMAP,development,trajectory_lof50,1,35,29,16,7730,1,1,16,1,1,0.8412684573765065,0.37735502811880195
SMAP,development,trajectory_lof50,64,35,3453,16,4306,1,1,16,1,1,0.768117480269592,0.1507642376383851
SMAP,development,subspace_lof50,1,35,29,16,7730,1,1,16,1,1,0.8412684573765065,0.37735502811880195
SMAP,development,subspace_lof50,64,35,3453,16,4306,1,1,16,1,1,0.768117480269592,0.1507642376383851
SMAP,development,trajectory_lof50,1,933,0,223,6186,1,1,223,1,1,0.9035467128027681,0.8374666209201644
SMAP,development,trajectory_lof50,64,933,0,223,6186,1,1,223,1,1,0.9035467128027681,0.8374666209201644
SMAP,development,subspace_lof50,1,933,0,223,6186,1,1,223,1,1,0.9035467128027681,0.8374666209201644
SMAP,development,subspace_lof50,64,933,0,223,6186,1,1,223,1,1,0.9035467128027681,0.8374666209201644
SMAP,development,trajectory_lof50,1,7,1622,59,6548,1,1,16,52,1,0.7737546826898112,0.10827168521169707
SMAP,development,trajectory_lof50,64,50,4620,16,3550,1,1,16,47,1,0.8065613293275472,0.7333441309097112
SMAP,development,subspace_lof50,1,2,12,64,8158,1,1,38,14,2,0.553239864990171,0.038928073699913066
SMAP,development,subspace_lof50,64,28,254,38,7916,1,1,38,12,1,0.5816698193687178,0.3600385482695351
SMAP,development,trajectory_lof50,1,175,962,448,6883,1,1,301,63,2,0.5345247558279547,0.09472509880161012
SMAP,development,trajectory_lof50,64,214,1486,409,6359,1,1,301,30,1,0.47668378198380135,0.11049491818234208
SMAP,development,subspace_lof50,1,63,1009,560,6836,1,1,370,62,3,0.5208533719630031,0.07591468268406845
SMAP,development,subspace_lof50,64,195,1512,428,6333,1,1,318,29,2,0.44555886676753753,0.07182002090012926
MSL,development,trajectory_lof50,1,48,147,103,3560,1,1,27,17,4,0.8251008919942046,0.23199470326545124
MSL,development,trajectory_lof50,64,119,570,32,3137,1,1,32,14,1,0.9093981852839714,0.4204443195840151
MSL,development,subspace_lof50,1,121,491,30,3216,1,1,30,27,1,0.8688073574783344,0.5973818701788689
MSL,development,subspace_lof50,64,124,1546,27,2161,1,1,0,11,2,0.8811716512701047,0.4475840489100622
SMAP,development,trajectory_lof50,1,0,824,121,7460,1,0,0,9,0,0.47535625780654533,0.013013130505726583
SMAP,development,trajectory_lof50,64,0,1006,121,7278,1,0,0,3,0,0.5044814059563193,0.013748836424373152
SMAP,development,subspace_lof50,1,0,0,121,8284,1,0,0,0,0,0.40599921784900495,0.011353370326069784
SMAP,development,subspace_lof50,64,0,218,121,8066,1,0,0,1,0,0.49941737732001545,0.013826751771887155
SMAP,development,trajectory_lof50,1,15,166,16,7371,1,1,16,41,1,0.7065016884445339,0.4685785481955199
SMAP,development,trajectory_lof50,64,15,240,16,7297,1,1,16,1,1,0.7335510406724676,0.03844198840501183
SMAP,development,subspace_lof50,1,15,76,16,7461,1,1,16,16,1,0.6309389805989377,0.19508970537825243
SMAP,development,subspace_lof50,64,15,300,16,7237,1,1,16,3,1,0.6872375849037222,0.03580649490457113
MSL,development,trajectory_lof50,1,9,359,1132,713,1,1,85,6,2,0.4636553756197104,0.453838447694206
MSL,development,trajectory_lof50,64,973,841,168,231,1,1,25,10,6,0.34838597328868365,0.4044483181360536
MSL,development,subspace_lof50,1,3,203,1138,869,1,1,71,13,3,0.19083482674271063,0.35472673656606296
MSL,development,subspace_lof50,64,0,354,1141,718,1,0,0,2,0,0.13499303438983873,0.3412964795327616
MSL,development,trajectory_lof50,1,0,54,251,1758,1,0,0,8,0,0.24683825404782633,0.07643443805703092
MSL,development,trajectory_lof50,64,0,0,251,1812,1,0,0,0,0,0.16394906027105705,0.07139742927962728
MSL,development,subspace_lof50,1,36,386,215,1426,1,1,14,60,6,0.4327326455766339,0.1004457687461503
MSL,development,subspace_lof50,64,16,498,235,1314,1,1,56,24,2,0.37631592833962163,0.08954052312243516
MSL,development,trajectory_lof50,1,0,179,251,1544,1,0,0,21,0,0.22474466614100766,0.07902474487408284
MSL,development,trajectory_lof50,64,0,777,251,946,1,0,0,10,0,0.10579619999398805,0.07209542051668882
MSL,development,subspace_lof50,1,0,74,251,1649,1,0,0,17,0,0.23655580810825186,0.07857768243398328
MSL,development,subspace_lof50,64,0,0,251,1723,1,0,0,0,0,0.161693331144372,0.07310094960944766
MSL,development,trajectory_lof50,1,153,62,75,3181,2,2,75,7,2,0.9331637372802961,0.7234413956093689
MSL,development,trajectory_lof50,64,139,216,89,3027,2,2,89,4,2,0.8549886124500273,0.5373722470694504
MSL,development,subspace_lof50,1,142,49,86,3194,2,2,67,18,5,0.9133207285868077,0.6493709291797497
MSL,development,subspace_lof50,64,123,124,105,3119,2,2,105,2,2,0.7660088395518553,0.3399583637049982
MSL,development,trajectory_lof50,1,21,2499,0,272,1,1,0,8,1,0.3543846986647419,0.005840983286109264
MSL,development,trajectory_lof50,64,21,2607,0,164,1,1,0,2,1,0.3338660617621282,0.005577423182743608
MSL,development,subspace_lof50,1,19,2379,2,392,1,1,2,12,1,0.5384337784193431,0.04447927222162273
MSL,development,subspace_lof50,64,21,2597,0,174,1,1,0,2,1,0.34855905552405014,0.005709786864816765
SMAP,development,trajectory_lof50,1,1336,7093,0,0,1,1,0,1,1,0.9269561117438041,0.8950624343441783
SMAP,development,trajectory_lof50,64,1336,7093,0,0,1,1,0,1,1,0.960909634277195,0.9396437865353275
SMAP,development,subspace_lof50,1,1119,0,217,7093,1,1,16,2,2,0.9267426833911481,0.8947255705147817
SMAP,development,subspace_lof50,64,1210,42,126,7051,1,1,23,2,2,0.9885269992933913,0.9846801938262857
MSL,development,trajectory_lof50,1,0,0,69,2084,1,0,0,0,0,0.5836601852624552,0.03690776914339462
MSL,development,trajectory_lof50,64,0,0,69,2084,1,0,0,0,0,0.3943155581518262,0.024535885875229244
MSL,development,subspace_lof50,1,0,5,69,2079,1,0,0,4,0,0.7847297560432835,0.07441733351487738
MSL,development,subspace_lof50,64,0,0,69,2084,1,0,0,0,0,0.7362861275696125,0.05404738871736392
SMAP,confirmation,trajectory_lof50,1,97,1877,14,5862,1,1,14,71,1,0.9387704023961938,0.38144786548621673
SMAP,confirmation,trajectory_lof50,64,96,3097,15,4642,1,1,15,13,1,0.9171261971365343,0.29411056138114816
SMAP,confirmation,subspace_lof50,1,71,122,40,7617,1,1,15,21,2,0.9022477704477964,0.45089738041289007
SMAP,confirmation,subspace_lof50,64,92,458,19,7281,1,1,19,15,1,0.9433790943029863,0.36242811703942845
SMAP,confirmation,trajectory_lof50,1,128,1130,58,6825,1,1,58,44,1,0.7998688861404539,0.4261517042579569
SMAP,confirmation,trajectory_lof50,64,123,1662,63,6293,1,1,63,13,1,0.7635327750856633,0.3516616894058885
SMAP,confirmation,subspace_lof50,1,126,344,60,7611,1,1,59,39,2,0.8176861783013321,0.44487350102085876
SMAP,confirmation,subspace_lof50,64,121,1193,65,6762,1,1,65,8,1,0.7609361799909437,0.3337367389042428
SMAP,confirmation,trajectory_lof50,1,101,1035,10,6870,1,1,10,43,1,0.9278470120974865,0.4413034260257628
SMAP,confirmation,trajectory_lof50,64,94,1628,17,6277,1,1,17,16,1,0.9204335265056327,0.29409009243214973
SMAP,confirmation,subspace_lof50,1,101,235,10,7670,1,1,10,137,1,0.9442113840595815,0.4575926279218147
SMAP,confirmation,subspace_lof50,64,106,744,5,7161,1,1,0,18,2,0.9831296191827501,0.3754910708720378
SMAP,confirmation,trajectory_lof50,1,44,2926,7,1652,1,1,7,93,1,0.5199633370167639,0.011682668413527853
SMAP,confirmation,trajectory_lof50,64,51,4578,0,0,1,1,0,1,1,0.5160786026949007,0.011635158276589248
SMAP,confirmation,subspace_lof50,1,44,1904,7,2674,1,1,7,2,1,0.5510026640625669,0.012313712697074328
SMAP,confirmation,subspace_lof50,64,51,4578,0,0,1,1,0,1,1,0.5568019256632316,0.012343597973922985
SMAP,confirmation,trajectory_lof50,1,0,0,41,4348,1,0,0,0,0,0.9184963089281306,0.29765131248055643
SMAP,confirmation,trajectory_lof50,64,0,0,41,4348,1,0,0,0,0,0.9161739627975857,0.158066600132559
SMAP,confirmation,subspace_lof50,1,0,0,41,4348,1,0,0,0,0,0.1484366235106693,0.02958470676521743
SMAP,confirmation,subspace_lof50,64,0,0,41,4348,1,0,0,0,0,0.03963414634146342,0.005006977176989983
SMAP,confirmation,trajectory_lof50,1,3806,4505,0,0,1,1,0,1,1,0.045405612844489365,0.286833994060564
SMAP,confirmation,trajectory_lof50,64,3806,4505,0,0,1,1,0,1,1,0.040153551580161706,0.27913288131279407
SMAP,confirmation,subspace_lof50,1,3806,4505,0,0,1,1,0,1,1,0.04872766465473348,0.2883718836284758
SMAP,confirmation,subspace_lof50,64,3806,4505,0,0,1,1,0,1,1,0.04261312968658051,0.2793313947162276
SMAP,confirmation,trajectory_lof50,1,3865,4505,0,0,1,1,0,1,1,0.20728079911209765,0.3223558295341006
SMAP,confirmation,trajectory_lof50,64,3865,4505,0,0,1,1,0,1,1,0.20877570271927268,0.32262205615858297
SMAP,confirmation,subspace_lof50,1,3865,4505,0,0,1,1,0,1,1,0.208319633352621,0.3226089976547705
SMAP,confirmation,subspace_lof50,64,3865,4505,0,0,1,1,0,1,1,0.20994398921422652,0.32290931362708786
SMAP,confirmation,trajectory_lof50,1,54,2913,17,4996,1,1,17,1,1,0.5560611106263323,0.009222060813646406
SMAP,confirmation,trajectory_lof50,64,54,2913,17,4996,1,1,17,1,1,0.5560611106263323,0.009222060813646406
SMAP,confirmation,subspace_lof50,1,54,2913,17,4996,1,1,17,1,1,0.5560611106263323,0.009222060813646406
SMAP,confirmation,subspace_lof50,64,54,2913,17,4996,1,1,17,1,1,0.5560611106263323,0.009222060813646406
MSL,confirmation,trajectory_lof50,1,26,18,286,1870,2,2,118,7,3,0.7860050657322902,0.4493789288576938
MSL,confirmation,trajectory_lof50,64,193,49,119,1839,2,2,78,5,2,0.8281861147327249,0.6577899892800798
MSL,confirmation,subspace_lof50,1,113,32,199,1856,2,2,65,20,6,0.8307104927205562,0.5735540234739648
MSL,confirmation,subspace_lof50,64,194,146,118,1742,2,1,7,3,1,0.8348985495436767,0.6684624750763518
MSL,confirmation,trajectory_lof50,1,137,1650,0,200,2,2,0,1,1,0.8544170447820083,0.6882643899087225
MSL,confirmation,trajectory_lof50,64,137,1706,0,144,2,2,0,1,1,0.8101874136910633,0.43077807177567223
MSL,confirmation,subspace_lof50,1,137,1650,0,200,2,2,0,1,1,0.8544170447820083,0.6882643899087225
MSL,confirmation,subspace_lof50,64,137,1706,0,144,2,2,0,1,1,0.8101874136910633,0.43077807177567223
SMAP,confirmation,trajectory_lof50,1,3027,1237,232,3949,1,1,0,57,2,0.9406031202329495,0.9577584144216622
SMAP,confirmation,trajectory_lof50,64,3074,3590,185,1596,1,1,0,26,2,0.9448785037063108,0.9620000662708553
SMAP,confirmation,subspace_lof50,1,2902,74,357,5112,1,1,357,9,1,0.9261000448844561,0.9472641911840913
SMAP,confirmation,subspace_lof50,64,2901,70,358,5116,1,1,358,2,1,0.9275490566513307,0.9475032136069348
SMAP,confirmation,trajectory_lof50,1,2578,0,162,5114,1,1,162,1,1,0.9704379562043796,0.9615023447998974
SMAP,confirmation,trajectory_lof50,64,2578,0,162,5114,1,1,162,1,1,0.9704379562043796,0.9615023447998974
SMAP,confirmation,subspace_lof50,1,2578,0,162,5114,1,1,162,1,1,0.9704379562043796,0.9615023447998974
SMAP,confirmation,subspace_lof50,64,2578,0,162,5114,1,1,162,1,1,0.9704379562043796,0.9615023447998974
MSL,confirmation,trajectory_lof50,1,203,109,19,2230,2,2,19,2,2,0.9489723798188955,0.8604673404622512
MSL,confirmation,trajectory_lof50,64,218,773,4,1566,2,2,4,1,1,0.9533507427906743,0.7295023585973548
MSL,confirmation,subspace_lof50,1,203,109,19,2230,2,2,19,2,2,0.9489723798188955,0.8604673404622512
MSL,confirmation,subspace_lof50,64,218,773,4,1566,2,2,4,1,1,0.9533507427906743,0.7295023585973548
MSL,confirmation,trajectory_lof50,1,581,940,70,536,1,1,2,14,14,0.3377896835803995,0.2370956387458294
MSL,confirmation,trajectory_lof50,64,649,940,2,536,1,1,2,1,1,0.36286575999400544,0.24014944374704442
MSL,confirmation,subspace_lof50,1,649,940,2,536,1,1,2,1,1,0.5365239635499273,0.48119258639022755
MSL,confirmation,subspace_lof50,64,649,940,2,536,1,1,2,1,1,0.5370099783947148,0.48168957743539786
SMAP,confirmation,trajectory_lof50,1,3847,21,371,4292,1,1,371,1,1,0.955795560897029,0.9555178688163349
SMAP,confirmation,trajectory_lof50,64,3847,58,371,4255,1,1,371,1,1,0.9552830894765315,0.955367660386068
SMAP,confirmation,subspace_lof50,1,3847,21,371,4292,1,1,371,1,1,0.955795560897029,0.9555178688163349
SMAP,confirmation,subspace_lof50,64,3847,58,371,4255,1,1,371,1,1,0.9552830894765315,0.955367660386068
SMAP,confirmation,trajectory_lof50,1,3238,0,10,5161,1,1,10,1,1,1.0,1.0
SMAP,confirmation,trajectory_lof50,64,3232,0,16,5161,1,1,16,1,1,1.0,1.0
SMAP,confirmation,subspace_lof50,1,3236,0,12,5161,1,1,12,1,1,1.0,1.0
SMAP,confirmation,subspace_lof50,64,3231,0,17,5161,1,1,17,1,1,1.0,1.0
SMAP,confirmation,trajectory_lof50,1,0,0,81,7739,1,0,0,0,0,0.482802352682182,0.15109086170469876
SMAP,confirmation,trajectory_lof50,64,22,73,59,7666,1,1,59,1,1,0.49660130906631317,0.07770666811697297
SMAP,confirmation,subspace_lof50,1,29,26,52,7713,1,1,49,2,2,0.4786658562770894,0.2237605061603206
SMAP,confirmation,subspace_lof50,64,21,64,60,7675,1,1,60,1,1,0.4864730346058683,0.08327235968935927
SMAP,confirmation,trajectory_lof50,1,2,48,506,7896,2,1,306,50,2,0.6985765516092967,0.13979806549724205
SMAP,confirmation,trajectory_lof50,64,6,50,502,7894,2,2,480,22,2,0.3358398058059963,0.04610457715236731
SMAP,confirmation,subspace_lof50,1,4,23,504,7921,2,1,391,27,4,0.38970257352649645,0.0551709907418244
SMAP,confirmation,subspace_lof50,64,3,103,505,7841,2,1,449,21,1,0.2141553373615307,0.03614329956393027
SMAP,confirmation,trajectory_lof50,1,0,10,322,8109,2,0,0,10,0,0.8698696945054123,0.17032474978931314
SMAP,confirmation,trajectory_lof50,64,0,36,322,8083,2,0,0,11,0,0.25750195653321434,0.024913795869672354
SMAP,confirmation,subspace_lof50,1,0,26,322,8093,2,0,0,26,0,0.39057911088092573,0.0295290033547162
SMAP,confirmation,subspace_lof50,64,0,95,322,8024,2,0,0,20,0,0.1155054587850445,0.020229294725838225
SMAP,confirmation,trajectory_lof50,1,0,0,295,8155,2,0,0,0,0,0.8902104355235948,0.16740318002557728
SMAP,confirmation,trajectory_lof50,64,1,53,294,8102,2,1,13,21,1,0.2709790187989068,0.023457709848769777
SMAP,confirmation,subspace_lof50,1,0,34,295,8121,2,0,0,28,0,0.36776190129794556,0.026259456994873944
SMAP,confirmation,subspace_lof50,64,0,129,295,8026,2,0,0,25,0,0.1126358997807314,0.018482606905327815
SMAP,confirmation,trajectory_lof50,1,47,50,536,7815,2,1,19,54,4,0.6830451475859242,0.2676629741964579
SMAP,confirmation,trajectory_lof50,64,257,51,326,7814,2,2,34,24,3,0.8204950826500803,0.5563689031329949
SMAP,confirmation,subspace_lof50,1,34,28,549,7837,2,1,22,33,5,0.5226735684399804,0.1412103135796645
SMAP,confirmation,subspace_lof50,64,64,88,519,7777,2,1,32,21,3,0.5784260336575946,0.18080077101826725
SMAP,confirmation,trajectory_lof50,1,20,192,244,8120,3,3,129,82,7,0.6327669287922536,0.0666214575251244
SMAP,confirmation,trajectory_lof50,64,120,927,144,7385,3,3,144,30,3,0.6049504914399044,0.09399926786053471
SMAP,confirmation,subspace_lof50,1,13,57,251,8255,3,1,28,22,1,0.539235898445475,0.05822780646105626
SMAP,confirmation,subspace_lof50,64,0,261,264,8051,3,0,0,17,0,0.4824045009770467,0.029389991772787942
SMAP,confirmation,trajectory_lof50,1,274,925,1124,6145,1,1,406,74,20,0.7829555962953745,0.3762598438987797
SMAP,confirmation,trajectory_lof50,64,586,370,812,6700,1,1,131,37,9,0.8349737855453234,0.582677679548661
SMAP,confirmation,subspace_lof50,1,161,19,1237,7051,1,1,407,47,41,0.7713912378362299,0.453893729600248
SMAP,confirmation,subspace_lof50,64,746,338,652,6732,1,1,408,31,8,0.8579341471854114,0.6782024227980883
SMAP,confirmation,trajectory_lof50,1,902,0,2311,5030,1,1,535,2,2,0.6335881690869412,0.6423786774082931
SMAP,confirmation,trajectory_lof50,64,922,0,2291,5030,1,1,653,1,1,0.6437610255058507,0.6478290721484108
SMAP,confirmation,subspace_lof50,1,1004,0,2209,5030,1,1,533,4,4,0.7312427334530013,0.762613519024256
SMAP,confirmation,subspace_lof50,64,1058,0,2155,5030,1,1,590,1,1,0.7555898347852505,0.78164664866751
SMAP,confirmation,trajectory_lof50,1,226,0,2586,5478,1,1,340,13,13,0.49712707028813563,0.5094888863817381
SMAP,confirmation,trajectory_lof50,64,265,0,2547,5478,1,1,350,7,7,0.6365633229932532,0.6247291854016003
SMAP,confirmation,subspace_lof50,1,284,409,2528,5069,1,1,335,92,47,0.5222156893447318,0.4105655214254613
SMAP,confirmation,subspace_lof50,64,480,259,2332,5219,1,1,344,32,11,0.569013672691542,0.470012813984605
SMAP,confirmation,trajectory_lof50,1,224,6486,97,1423,1,1,0,52,4,0.46670164397277597,0.04573255597928816
SMAP,confirmation,trajectory_lof50,64,321,7879,0,30,1,1,0,2,1,0.4363229870619417,0.1654154639805089
SMAP,confirmation,subspace_lof50,1,85,3982,236,3927,1,1,0,566,19,0.3575247883932064,0.04819744685371975
SMAP,confirmation,subspace_lof50,64,224,6802,97,1107,1,1,0,47,3,0.33584397915699177,0.026724590672879946
SMAP,confirmation,trajectory_lof50,1,234,134,47,7831,1,1,46,27,2,0.9134496339635372,0.8198847172119734
SMAP,confirmation,trajectory_lof50,64,235,300,46,7665,1,1,46,9,1,0.9280307752109428,0.7373603565170986
SMAP,confirmation,subspace_lof50,1,227,108,54,7857,1,1,46,81,9,0.938784674052181,0.8229313989778346
SMAP,confirmation,subspace_lof50,64,235,508,46,7457,1,1,46,15,1,0.946849763087172,0.7667299588763715
SMAP,confirmation,trajectory_lof50,1,0,0,351,7887,1,0,0,0,0,0.29971387154092877,0.029287521701437974
SMAP,confirmation,trajectory_lof50,64,0,29,351,7858,1,0,0,2,0,0.17329393061610637,0.023777394019054866
SMAP,confirmation,subspace_lof50,1,0,2,351,7885,1,0,0,1,0,0.3922860547686211,0.052004051716912435
SMAP,confirmation,subspace_lof50,64,20,497,331,7390,1,1,273,13,2,0.3123662328683249,0.035249720362621875
SMAP,confirmation,trajectory_lof50,1,0,105,101,8314,1,0,0,10,0,0.6102121674336337,0.019091507571401517
SMAP,confirmation,trajectory_lof50,64,0,147,101,8272,1,0,0,4,0,0.6213291717578933,0.01769803670355284
SMAP,confirmation,subspace_lof50,1,0,98,101,8321,1,0,0,36,0,0.596583164671141,0.022637945168320205
SMAP,confirmation,subspace_lof50,64,0,155,101,8264,1,0,0,11,0,0.5559995719253598,0.016230014412594692
SMAP,confirmation,trajectory_lof50,1,82,0,2875,5605,1,1,455,4,4,0.7973700953633058,0.7563679481911791
SMAP,confirmation,trajectory_lof50,64,142,0,2815,5605,1,1,493,2,2,0.8551608439370495,0.8419089215282439
SMAP,confirmation,subspace_lof50,1,91,0,2866,5605,1,1,475,12,12,0.8249757677468635,0.8307967375193039
SMAP,confirmation,subspace_lof50,64,247,0,2710,5605,1,1,488,4,4,0.8742767053306735,0.869731487640367
SMAP,confirmation,trajectory_lof50,1,0,71,41,8200,1,0,0,1,0,0.6693265626889131,0.007601446712577075
SMAP,confirmation,trajectory_lof50,64,0,134,41,8137,1,0,0,1,0,0.6693265626889131,0.007601446712577076
SMAP,confirmation,subspace_lof50,1,0,71,41,8200,1,0,0,1,0,0.6693265626889131,0.007601446712577077
SMAP,confirmation,subspace_lof50,64,0,134,41,8137,1,0,0,1,0,0.6693265626889131,0.007601446712577076
MSL,confirmation,trajectory_lof50,1,0,113,71,3174,1,0,0,8,0,0.6096958997673293,0.02946212256441934
MSL,confirmation,trajectory_lof50,64,0,283,71,3004,1,0,0,5,0,0.4478547586094603,0.017754132849564102
MSL,confirmation,subspace_lof50,1,0,45,71,3242,1,0,0,18,0,0.4958800567322401,0.019602356192671318
MSL,confirmation,subspace_lof50,64,0,158,71,3129,1,0,0,3,0,0.35048012443385596,0.015443421800145005
MSL,confirmation,trajectory_lof50,1,0,16,423,4551,3,0,0,16,0,0.3016474958342845,0.056540637760288406
MSL,confirmation,trajectory_lof50,64,0,0,423,4567,3,0,0,0,0,0.3380469717745922,0.05905374839024611
MSL,confirmation,subspace_lof50,1,74,96,349,4471,3,3,283,81,20,0.6851417896193319,0.2463066035085097
MSL,confirmation,subspace_lof50,64,41,282,382,4285,3,2,281,4,2,0.5708513278266689,0.13665962869465742
MSL,confirmation,trajectory_lof50,1,0,1,537,1885,1,0,0,1,0,0.48734179714884346,0.22540154948728253
MSL,confirmation,trajectory_lof50,64,0,0,537,1886,1,0,0,0,0,0.5371461973060343,0.23050454818308477
MSL,confirmation,subspace_lof50,1,1,23,536,1863,1,1,73,8,1,0.5059667332160326,0.2707058736836699
MSL,confirmation,subspace_lof50,64,0,35,537,1851,1,0,0,1,0,0.5497125738806574,0.29226085302584937
SMAP,confirmation,trajectory_lof50,1,30,34,11,7222,1,1,11,1,1,0.8635107698927044,0.34449527370085264
SMAP,confirmation,trajectory_lof50,64,30,3290,11,3966,1,1,11,1,1,0.7982325812784037,0.1279350171716648
SMAP,confirmation,subspace_lof50,1,30,34,11,7222,1,1,11,1,1,0.8635107698927044,0.34449527370085264
SMAP,confirmation,subspace_lof50,64,30,3290,11,3966,1,1,11,1,1,0.7982325812784037,0.1279350171716648
SMAP,confirmation,trajectory_lof50,1,39,89,12,7703,1,1,12,2,1,0.8797824314530741,0.4675226738342921
SMAP,confirmation,trajectory_lof50,64,39,3656,12,4136,1,1,12,1,1,0.8211287595120185,0.1892132213076653
SMAP,confirmation,subspace_lof50,1,39,89,12,7703,1,1,12,2,1,0.8797824314530741,0.4675226738342921
SMAP,confirmation,subspace_lof50,64,39,3656,12,4136,1,1,12,1,1,0.8211287595120185,0.1892132213076653
SMAP,confirmation,trajectory_lof50,1,101,187,0,8288,1,1,0,1,1,0.9995046584304448,0.9333768452878424
SMAP,confirmation,trajectory_lof50,64,101,414,0,8061,1,1,0,1,1,0.9982300884955753,0.7203521506679919
SMAP,confirmation,subspace_lof50,1,53,179,48,8296,1,1,0,1,1,0.6997996436811823,0.5342889656421076
SMAP,confirmation,subspace_lof50,64,62,395,39,8080,1,1,0,1,1,0.847591343205117,0.5830396796688501
SMAP,confirmation,trajectory_lof50,1,6,5,262,7692,3,1,24,2,1,0.7152495932704932,0.11274886671045362
SMAP,confirmation,trajectory_lof50,64,0,0,268,7697,3,0,0,0,0,0.6221027188340484,0.10134403828037947
SMAP,confirmation,subspace_lof50,1,1,1,267,7696,3,1,52,2,1,0.7604624984729464,0.22888929190456203
SMAP,confirmation,subspace_lof50,64,0,0,268,7697,3,0,0,0,0,0.731944894211546,0.11407228417864858
MSL,confirmation,trajectory_lof50,1,597,15,544,1057,1,1,94,23,22,0.945458945413162,0.9563056178685229
MSL,confirmation,trajectory_lof50,64,1033,71,108,1001,1,1,108,3,1,0.9420423626826429,0.9641326287219425
MSL,confirmation,subspace_lof50,1,1041,25,100,1047,1,1,80,14,13,0.9604677096550551,0.9755358813734119
MSL,confirmation,subspace_lof50,64,1037,53,104,1019,1,1,104,2,1,0.9450567059531438,0.967215113392797
MSL,confirmation,trajectory_lof50,1,0,24,301,1914,1,0,0,6,0,0.26494073761695625,0.08609133745192342
MSL,confirmation,trajectory_lof50,64,0,87,301,1851,1,0,0,4,0,0.2869074190263621,0.08878328479744638
MSL,confirmation,subspace_lof50,1,5,58,296,1880,1,1,241,15,2,0.6256218521680398,0.16572768540874927
MSL,confirmation,subspace_lof50,64,15,18,286,1920,1,1,92,3,2,0.8001604558592101,0.31422391922430065
MSL,confirmation,trajectory_lof50,1,181,858,0,946,1,1,0,1,1,0.9912655731278559,0.852216830123295
MSL,confirmation,trajectory_lof50,64,181,858,0,946,1,1,0,1,1,0.9900221729490022,0.763521482548882
MSL,confirmation,subspace_lof50,1,181,858,0,946,1,1,0,1,1,0.9912655731278559,0.852216830123295
MSL,confirmation,subspace_lof50,64,181,858,0,946,1,1,0,1,1,0.9900221729490022,0.763521482548882
MSL,confirmation,trajectory_lof50,1,101,1991,0,0,1,1,0,1,1,0.22587286352944685,0.14912420708812874
MSL,confirmation,trajectory_lof50,64,101,1991,0,0,1,1,0,1,1,0.8349553187362936,0.783833519950578
MSL,confirmation,subspace_lof50,1,101,1991,0,0,1,1,0,1,1,0.606431913909623,0.29092109952607875
MSL,confirmation,subspace_lof50,64,101,1991,0,0,1,1,0,1,1,0.99831419606049,0.9585542217070826
SMAP,confirmation,trajectory_lof50,1,0,0,751,7690,3,0,0,0,0,0.42109714139275073,0.07152318185384823
SMAP,confirmation,trajectory_lof50,64,0,0,751,7690,3,0,0,0,0,0.34866004408512963,0.0625862823725947
SMAP,confirmation,subspace_lof50,1,0,2,751,7688,3,0,0,2,0,0.3531353946796556,0.064657616488455
SMAP,confirmation,subspace_lof50,64,0,0,751,7690,3,0,0,0,0,0.2763642408301718,0.05650115129989336
MSL,confirmation,trajectory_lof50,1,104,1379,27,4526,1,1,27,1,1,0.7340757929300439,0.03882331841117296
MSL,confirmation,trajectory_lof50,64,104,1379,27,4526,1,1,27,1,1,0.7117399538494353,0.03671689957570004
MSL,confirmation,subspace_lof50,1,104,1379,27,4526,1,1,27,1,1,0.7238554466068994,0.03795819064499155
MSL,confirmation,subspace_lof50,64,104,1379,27,4526,1,1,27,1,1,0.7140267983530583,0.0368812400098718
MSL,confirmation,trajectory_lof50,1,181,5855,0,0,1,1,0,1,1,0.660123330392402,0.05362564695911721
MSL,confirmation,trajectory_lof50,64,181,5855,0,0,1,1,0,1,1,0.6684677118768018,0.046579975187574
MSL,confirmation,subspace_lof50,1,181,5855,0,0,1,1,0,1,1,0.658668277101783,0.053750352145757144
MSL,confirmation,subspace_lof50,64,181,5855,0,0,1,1,0,1,1,0.6674212435893203,0.04652137405192795
SMAP,confirmation,trajectory_lof50,1,269,49,174,7227,3,3,154,4,4,0.800515191414428,0.5405791132746623
SMAP,confirmation,trajectory_lof50,64,365,6390,78,886,3,3,78,1,1,0.723088337674683,0.4077905446318653
SMAP,confirmation,subspace_lof50,1,269,49,174,7227,3,3,154,4,4,0.800515191414428,0.5405791132746623
SMAP,confirmation,subspace_lof50,64,365,6390,78,886,3,3,78,1,1,0.723088337674683,0.4077905446318653
SMAP,confirmation,trajectory_lof50,1,1296,1246,355,5110,1,1,90,70,19,0.8786568889156561,0.7394622474494337
SMAP,confirmation,trajectory_lof50,64,1547,3132,104,3224,1,1,104,19,1,0.9275606370111902,0.8742473441736749
SMAP,confirmation,subspace_lof50,1,535,36,1116,6320,1,1,89,155,125,0.8500779892347412,0.7266725428899856
SMAP,confirmation,subspace_lof50,64,1449,489,202,5867,1,1,101,16,3,0.9348786078121121,0.9003778302607091
SMAP,confirmation,trajectory_lof50,1,81,7099,0,0,1,1,0,1,1,0.694407489143837,0.18199661243810164
SMAP,confirmation,trajectory_lof50,64,81,7099,0,0,1,1,0,1,1,0.580935586476273,0.081758520512895
SMAP,confirmation,subspace_lof50,1,81,7099,0,0,1,1,0,1,1,0.694407489143837,0.18199661243810164
SMAP,confirmation,subspace_lof50,64,81,7099,0,0,1,1,0,1,1,0.580935586476273,0.081758520512895
SMAP,confirmation,trajectory_lof50,1,305,21,143,6798,1,1,53,8,2,0.7980115302830326,0.7212338971404553
SMAP,confirmation,trajectory_lof50,64,375,131,73,6688,1,1,59,5,1,0.9286149650137221,0.8656049706202964
SMAP,confirmation,subspace_lof50,1,277,13,171,6806,1,1,56,19,9,0.7834785420987576,0.6936400146498767
SMAP,confirmation,subspace_lof50,64,351,50,97,6769,1,1,62,3,1,0.9043916813315733,0.8304799515700574
MSL,confirmation,trajectory_lof50,1,6,60,5,1692,1,1,5,1,1,0.7528019925280199,0.04166322096675146
MSL,confirmation,trajectory_lof50,64,6,916,5,836,1,1,5,1,1,0.6103154836031548,0.015450967462814831
MSL,confirmation,subspace_lof50,1,6,60,5,1692,1,1,5,1,1,0.7528019925280199,0.04166322096675146
MSL,confirmation,subspace_lof50,64,6,916,5,836,1,1,5,1,1,0.6103154836031548,0.015450967462814831
SMAP,confirmation,trajectory_lof50,1,36,944,1500,6068,2,1,0,84,13,0.3673022586280662,0.1381956680477343
SMAP,confirmation,trajectory_lof50,64,274,5403,1262,1609,2,2,0,83,14,0.12799180200014262,0.1013749283069084
SMAP,confirmation,subspace_lof50,1,24,0,1512,7012,2,1,103,15,15,0.39179431242869367,0.16788680753950724
SMAP,confirmation,subspace_lof50,64,229,2357,1307,4655,2,2,2,86,17,0.3520034293889047,0.13653629727196956
MSL,confirmation,trajectory_lof50,1,90,321,31,1924,1,1,0,11,2,0.8607888972740158,0.24827262100633896
MSL,confirmation,trajectory_lof50,64,120,573,1,1672,1,1,1,6,1,0.9105928693699499,0.21231567032064938
MSL,confirmation,subspace_lof50,1,111,583,10,1662,1,1,0,23,2,0.8872719910176885,0.19772115833545678
MSL,confirmation,subspace_lof50,64,121,992,0,1253,1,1,0,8,1,0.9239890297999227,0.2593443457043939
MSL,confirmation,trajectory_lof50,1,29,379,223,1735,2,1,122,1,1,0.6301790031685963,0.1484874806193608
MSL,confirmation,trajectory_lof50,64,36,379,216,1735,2,1,115,1,1,0.6628542145334955,0.15243933396413778
MSL,confirmation,subspace_lof50,1,33,379,219,1735,2,1,118,1,1,0.6385528825216621,0.14905034294022357
MSL,confirmation,subspace_lof50,64,36,379,216,1735,2,1,115,1,1,0.6626646243486356,0.15236219791860164
SMAP,confirmation,trajectory_lof50,1,63,902,1722,5874,1,1,75,83,14,0.3771395748381997,0.1633437758788326
SMAP,confirmation,trajectory_lof50,64,409,5235,1376,1541,1,1,0,84,16,0.15317622916935367,0.12230341154667121
SMAP,confirmation,subspace_lof50,1,18,3,1767,6773,1,1,76,15,14,0.393901031486975,0.18367046847753835
SMAP,confirmation,subspace_lof50,64,248,2158,1537,4618,1,1,0,87,19,0.3483123828043614,0.15191198097875028
SMAP,confirmation,trajectory_lof50,1,174,6722,10,1609,2,2,0,247,3,0.79993528622797,0.21389457250912464
SMAP,confirmation,trajectory_lof50,64,184,8331,0,0,2,2,0,1,1,0.7047753805848247,0.11240922092923983
SMAP,confirmation,subspace_lof50,1,153,5092,31,3239,2,2,3,208,5,0.7275113118629739,0.21088607016790492
SMAP,confirmation,subspace_lof50,64,184,8331,0,0,2,2,0,1,1,0.6811861669093433,0.1127097068384096
MSL,confirmation,trajectory_lof50,1,14,54,12,2074,1,1,12,1,1,0.7550607287449392,0.09920326415667811
MSL,confirmation,trajectory_lof50,64,14,992,12,1136,1,1,12,1,1,0.6324284268363216,0.03622243098846469
MSL,confirmation,subspace_lof50,1,14,54,12,2074,1,1,12,1,1,0.7550607287449392,0.09920326415667811
MSL,confirmation,subspace_lof50,64,14,992,12,1136,1,1,12,1,1,0.6324284268363216,0.03622243098846469
MSL,confirmation,trajectory_lof50,1,92,445,10,908,2,2,8,85,4,0.8613393620567222,0.3392851730294094
MSL,confirmation,trajectory_lof50,64,43,337,59,1016,2,1,18,5,1,0.6828036462182804,0.1150719869380687
MSL,confirmation,subspace_lof50,1,39,184,63,1169,2,2,36,119,18,0.8078670492587279,0.19103202944896058
MSL,confirmation,subspace_lof50,64,44,377,58,976,2,1,17,6,1,0.6581670362158167,0.10153703778027891
MSL,confirmation,trajectory_lof50,1,112,920,0,0,2,2,0,1,1,0.9268245341614907,0.700612695403233
MSL,confirmation,trajectory_lof50,64,112,920,0,0,2,2,0,1,1,0.8931871118012422,0.4616674113404531
MSL,confirmation,subspace_lof50,1,112,920,0,0,2,2,0,1,1,0.8626455745341616,0.36615799438559055
MSL,confirmation,subspace_lof50,64,112,920,0,0,2,2,0,1,1,0.8240780279503105,0.2330927931670178
