dataset,method,tp,fp,fn,f1
MSL,dae,3457,22102,4309,0.20747186796699174
MSL,gru_context,3213,19074,4553,0.21382224736299205
MSL,gru_target,3747,22988,4019,0.21721109533057012
MSL,hankel_pca_fixed,3863,17075,3903,0.26916109253065773
MSL,iforest,2399,16860,5367,0.17753931544865864
MSL,multi_context,3627,20639,4139,0.22646103896103897
MSL,multi_target,3793,22964,3973,0.21973756626017438
MSL,pca,1644,11542,6122,0.15693012600229095
MSL,subsequence_knn,4122,25363,3644,0.22130949504711284
MSL,subspace_lof50,3449,18833,4317,0.2295660276890309
MSL,trajectory_gaussian_fixed,3560,18950,4206,0.23516977143612103
MSL,trajectory_lof20,4804,23907,2962,0.2633988540724292
MSL,trajectory_lof50,4927,23137,2839,0.27502093217973766
MSL,usad,3406,23373,4360,0.19719206831668837
MSL,zmax,2105,11190,5661,0.1998955415222449
MSL,ztarget,3303,23143,4463,0.19309014380918976
SMAP,dae,29464,49772,25232,0.4399844697309082
SMAP,gru_context,34544,106083,20152,0.3537115444673694
SMAP,gru_target,27865,61850,26831,0.385912430493522
SMAP,hankel_pca_fixed,24725,64204,29971,0.3442993907745866
SMAP,iforest,9525,76344,45171,0.13552449044925835
SMAP,multi_context,35607,100331,19089,0.3735640022241573
SMAP,multi_target,28670,71725,26026,0.36971842337724303
SMAP,pca,15809,72304,38887,0.2214006120062461
SMAP,subsequence_knn,41248,124455,13448,0.37430296870675456
SMAP,subspace_lof50,32601,55561,22095,0.4564112615324308
SMAP,trajectory_gaussian_fixed,27396,55980,27300,0.39683643316530504
SMAP,trajectory_lof20,36548,119397,18148,0.34701696250967284
SMAP,trajectory_lof50,35901,120027,18795,0.34090132178669097
SMAP,usad,24625,36445,30071,0.4254271547777413
SMAP,zmax,10037,46315,44659,0.18076867660831353
SMAP,ztarget,25389,50992,29307,0.38739061772851074
