dataset,method,span,policy,f1,precision,recall,fpr,event_recall,macro_ap
MSL,dae,1,cal995,0.14975486554746692,0.12669683257918551,0.18307301126044315,0.19445843828715365,0.8888888888888888,0.33602120148056513
MSL,dae,1,dynamic,0.08818579602827331,0.6009174311926605,0.04758445332364693,0.004869857262804366,0.4444444444444444,0.33602120148056513
MSL,dae,16,cal995,0.16233031674208145,0.13290113452188007,0.20849981837994916,0.20962776378393508,0.8888888888888888,0.31605077906174706
MSL,dae,16,dynamic,0.06836461126005361,0.44155844155844154,0.0370504903741373,0.007220822837951301,0.4444444444444444,0.31605077906174706
MSL,dae,64,cal995,0.15589213151089767,0.11792101341281669,0.22993098438067563,0.26504338091239854,0.8888888888888888,0.27227907599463447
MSL,dae,64,dynamic,0.02603319232020827,0.125,0.01452960406828914,0.0156731038343129,0.3333333333333333,0.27227907599463447
MSL,gru_context,1,cal995,0.06951979103877838,0.07778776978417266,0.06284053759535052,0.11480548558634202,0.8888888888888888,0.2876825022399128
MSL,gru_context,1,dynamic,0.06322444678609063,0.9574468085106383,0.03269160915365056,0.00022390148334732718,0.4444444444444444,0.2876825022399128
MSL,gru_context,16,cal995,0.14285714285714285,0.13757147662293978,0.14856520159825645,0.14352085082563673,0.8888888888888888,0.36525992518974026
MSL,gru_context,16,dynamic,0.04856052722858134,0.5384615384615384,0.025426807119505995,0.0033585222502099076,0.5555555555555556,0.36525992518974026
MSL,gru_context,64,cal995,0.2627660963823952,0.20513866231647634,0.36541954231747187,0.21819199552197033,0.8888888888888888,0.4029864793695642
MSL,gru_context,64,dynamic,0.028832630098452886,0.45054945054945056,0.014892844169996368,0.00279876854184159,0.3333333333333333,0.4029864793695642
MSL,gru_target,1,cal995,0.07126579656101098,0.08293153326904533,0.0624772974936433,0.10646515533165407,0.8888888888888888,0.3044601477730365
MSL,gru_target,1,dynamic,0.06792717086834735,0.941747572815534,0.03523428986560116,0.00033585222502099076,0.5555555555555556,0.3044601477730365
MSL,gru_target,16,cal995,0.13197788478687356,0.1296426068675543,0.13439883763167454,0.13904282115869018,0.8888888888888888,0.3515356942441415
MSL,gru_target,16,dynamic,0.061732725359522976,0.8979591836734694,0.03196512895023611,0.000559753708368318,0.3333333333333333,0.3515356942441415
MSL,gru_target,64,cal995,0.1914505956552207,0.15586490187129165,0.24809298946603706,0.2070528967254408,0.8888888888888888,0.4014210368242161
MSL,gru_target,64,dynamic,0.035149384885764495,0.5434782608695652,0.018162005085361425,0.0023509655751469353,0.3333333333333333,0.4014210368242161
MSL,hankel_pca,1,cal995,0.14985862393967955,0.13202324937724882,0.17326552851434798,0.1755387629443045,1.0,0.33805134174358775
MSL,hankel_pca,1,dynamic,0.07539548973409627,0.5137614678899083,0.04068289139120959,0.005933389308704171,0.5555555555555556,0.33805134174358775
MSL,hankel_pca,16,cal995,0.15748930099857344,0.12966878083157152,0.20050853614239011,0.2073887489504618,0.8888888888888888,0.3040782582618139
MSL,hankel_pca,16,dynamic,0.0628514720476348,0.35185185185185186,0.03450780966218671,0.009795689896445563,0.6666666666666666,0.3040782582618139
MSL,hankel_pca,64,cal995,0.18447422431486177,0.13815551537070525,0.2775154377043226,0.26677861740834036,0.7777777777777778,0.26603427628125653
MSL,hankel_pca,64,dynamic,0.03901782711066263,0.2636363636363636,0.021067925899019253,0.00906801007556675,0.3333333333333333,0.26603427628125653
MSL,hankel_pca_fixed,1,cal995,0.14985862393967955,0.13202324937724882,0.17326552851434798,0.1755387629443045,1.0,0.33805119642673703
MSL,hankel_pca_fixed,1,dynamic,0.07539548973409627,0.5137614678899083,0.04068289139120959,0.005933389308704171,0.5555555555555556,0.33805119642673703
MSL,hankel_pca_fixed,16,cal995,0.15748930099857344,0.12966878083157152,0.20050853614239011,0.2073887489504618,0.8888888888888888,0.30407828548502275
MSL,hankel_pca_fixed,16,dynamic,0.0628514720476348,0.35185185185185186,0.03450780966218671,0.009795689896445563,0.6666666666666666,0.30407828548502275
MSL,hankel_pca_fixed,64,cal995,0.18447422431486177,0.13815551537070525,0.2775154377043226,0.26677861740834036,0.7777777777777778,0.2660344188353109
MSL,hankel_pca_fixed,64,dynamic,0.03901782711066263,0.2636363636363636,0.021067925899019253,0.00906801007556675,0.3333333333333333,0.2660344188353109
MSL,iforest,1,cal995,0.03760356915232632,0.15324675324675324,0.02143116600072648,0.018247970892807164,0.6666666666666666,0.21235474420071251
MSL,iforest,1,dynamic,0.023874488403819918,0.19553072625698323,0.012713403559752997,0.008060453400503778,0.5555555555555556,0.21235474420071251
MSL,iforest,16,cal995,0.14296098861158227,0.21470160116448325,0.10715583000363241,0.0603974251329415,0.6666666666666666,0.30086325730688035
MSL,iforest,16,dynamic,0.08208955223880597,0.6205128205128205,0.043952052306574646,0.004142177441925553,0.4444444444444444,0.30086325730688035
MSL,iforest,64,cal995,0.1954189620179762,0.16260554885404102,0.244823828550672,0.19429051217464316,0.7777777777777778,0.34781642871144886
MSL,iforest,64,dynamic,0.026751143963393172,0.4318181818181818,0.013803123864874683,0.00279876854184159,0.3333333333333333,0.34781642871144886
MSL,multi_context,1,cal995,0.08238172920065252,0.09390980939098094,0.07337450054486015,0.10909599776098516,0.7777777777777778,0.3638695705599706
MSL,multi_context,1,dynamic,0.010071942446043168,0.5185185185185185,0.005085361423901199,0.0007276798208788133,0.4444444444444444,0.3638695705599706
MSL,multi_context,16,cal995,0.10530303030303029,0.11001187178472498,0.10098074827460951,0.1258886090120347,0.5555555555555556,0.3535794086611836
MSL,multi_context,16,dynamic,0.06698895027624309,0.6783216783216783,0.03523428986560116,0.0025748670584942626,0.3333333333333333,0.3535794086611836
MSL,multi_context,64,cal995,0.21512151215121514,0.18323536928188092,0.2604431529240828,0.17889728519451442,0.7777777777777778,0.39373969887570465
MSL,multi_context,64,dynamic,0.04495159059474412,0.4676258992805755,0.02361060661096985,0.004142177441925553,0.3333333333333333,0.39373969887570465
MSL,multi_target,1,cal995,0.0833505260986177,0.0964660936007641,0.07337450054486015,0.10590540162328575,0.7777777777777778,0.3021218710754249
MSL,multi_target,1,dynamic,0.016242937853107344,0.2911392405063291,0.008354522339266255,0.0031346207668625807,0.5555555555555556,0.3021218710754249
MSL,multi_target,16,cal995,0.10711718188353703,0.10601209533973675,0.10824555030875409,0.1406661069129583,0.6666666666666666,0.346513942807905
MSL,multi_target,16,dynamic,0.07363667940257033,0.8412698412698413,0.03850345078096622,0.001119507416736636,0.5555555555555556,0.346513942807905
MSL,multi_target,64,cal995,0.18801766979569298,0.1516366065464262,0.2473665092626226,0.21326616288832914,0.7777777777777778,0.3827254085752707
MSL,multi_target,64,dynamic,0.04131652661064426,0.5728155339805825,0.02143116600072648,0.0024629163168205987,0.2222222222222222,0.3827254085752707
MSL,pca,1,cal995,0.04820875718708536,0.06161673261729791,0.039593171086087904,0.09291911558914077,0.5555555555555556,0.17375116143766028
MSL,pca,1,dynamic,0.0007251631617113851,0.2,0.0003632401017072285,0.00022390148334732718,0.1111111111111111,0.17375116143766028
MSL,pca,16,cal995,0.07249544626593807,0.07270734380708806,0.07228478023973847,0.1420654911838791,0.5555555555555556,0.17988402305877765
MSL,pca,16,dynamic,0.0014383315354189142,0.07142857142857142,0.000726480203414457,0.0014553596417576267,0.2222222222222222,0.17988402305877765
MSL,pca,64,cal995,0.13291423439604852,0.11303462321792261,0.16127860515800943,0.19501819199552198,0.5555555555555556,0.22962890975783445
MSL,pca,64,dynamic,0.03006993006993007,0.40186915887850466,0.015619324373410825,0.003582423733557235,0.2222222222222222,0.22962890975783445
MSL,subsequence_knn,1,cal995,0.13355296502787634,0.1025491340727768,0.1914275335997094,0.25815841029946823,0.8888888888888888,0.3601404796832793
MSL,subsequence_knn,1,dynamic,0.10102389078498294,0.8361581920903954,0.05375953505266982,0.001623285754268122,0.4444444444444444,0.3601404796832793
MSL,subsequence_knn,16,cal995,0.143063236354893,0.1069182389937107,0.21612786051580093,0.278197593059054,0.8888888888888888,0.3518685691451875
MSL,subsequence_knn,16,dynamic,0.0910344827586207,0.8979591836734694,0.04794769342535416,0.0008396305625524769,0.4444444444444444,0.3518685691451875
MSL,subsequence_knn,64,cal995,0.15185303175108847,0.10729291716686674,0.25971667272066834,0.33299748110831234,0.8888888888888888,0.3221955897244082
MSL,subsequence_knn,64,dynamic,0.09679618268575325,0.7845303867403315,0.05158009444242644,0.00218303946263644,0.4444444444444444,0.3221955897244082
MSL,trajectory_gaussian,1,cal995,0.15799446144876841,0.13193768257059396,0.19687613512531785,0.19960817240414216,0.8888888888888888,0.34296588696383473
MSL,trajectory_gaussian,1,dynamic,0.07662082514734775,0.38870431893687707,0.04249909189974573,0.01029946823397705,0.5555555555555556,0.34296588696383473
MSL,trajectory_gaussian,16,cal995,0.15697909642616317,0.12483912483912483,0.21140573919360697,0.22837951301427373,0.8888888888888888,0.2969475234026536
MSL,trajectory_gaussian,16,dynamic,0.053500660501981503,0.29454545454545455,0.029422448238285506,0.010859221942345369,0.4444444444444444,0.2969475234026536
MSL,trajectory_gaussian,64,cal995,0.1588472622478386,0.11634582911178656,0.2502724300762804,0.2929191155891408,0.8888888888888888,0.2625894428852545
MSL,trajectory_gaussian,64,dynamic,0.0034340659340659344,0.031446540880503145,0.0018162005085361425,0.008620207108872097,0.3333333333333333,0.2625894428852545
MSL,trajectory_gaussian_fixed,1,cal995,0.15799446144876841,0.13193768257059396,0.19687613512531785,0.19960817240414216,0.8888888888888888,0.34296578527823335
MSL,trajectory_gaussian_fixed,1,dynamic,0.07662082514734775,0.38870431893687707,0.04249909189974573,0.01029946823397705,0.5555555555555556,0.34296578527823335
MSL,trajectory_gaussian_fixed,16,cal995,0.15697909642616317,0.12483912483912483,0.21140573919360697,0.22837951301427373,0.8888888888888888,0.29694753099519283
MSL,trajectory_gaussian_fixed,16,dynamic,0.053500660501981503,0.29454545454545455,0.029422448238285506,0.010859221942345369,0.4444444444444444,0.29694753099519283
MSL,trajectory_gaussian_fixed,64,cal995,0.1588472622478386,0.11634582911178656,0.2502724300762804,0.2929191155891408,0.8888888888888888,0.26258946503763736
MSL,trajectory_gaussian_fixed,64,dynamic,0.0034340659340659344,0.031446540880503145,0.0018162005085361425,0.008620207108872097,0.3333333333333333,0.26258946503763736
MSL,trajectory_lof20,1,cal995,0.10442005339661821,0.08824266733517172,0.12786051580094443,0.20358242373355723,0.6666666666666666,0.226323606413119
MSL,trajectory_lof20,1,dynamic,0.042726347914547304,0.32142857142857145,0.022884126407555393,0.007444724321298629,0.2222222222222222,0.226323606413119
MSL,trajectory_lof20,16,cal995,0.17767357040510617,0.13850528025995126,0.24772974936432982,0.23744752308984046,0.5555555555555556,0.23701091381429956
MSL,trajectory_lof20,16,dynamic,0.015556307067974298,0.11274509803921569,0.008354522339266255,0.010131542121466554,0.2222222222222222,0.23701091381429956
MSL,trajectory_lof20,64,cal995,0.31343989406980044,0.2118925831202046,0.6018888485288776,0.34497621046739435,0.5555555555555556,0.2419230316835395
MSL,trajectory_lof20,64,dynamic,0.04641775983854692,0.31363636363636366,0.025063567017798764,0.0084522809963616,0.2222222222222222,0.2419230316835395
MSL,trajectory_lof50,1,cal995,0.12175525339925834,0.10594245764990588,0.143116600072648,0.18611810803246573,0.6666666666666666,0.3128373539197023
MSL,trajectory_lof50,1,dynamic,0.01207815275310835,0.27419354838709675,0.006175081729022884,0.0025188916876574307,0.1111111111111111,0.3128373539197023
MSL,trajectory_lof50,16,cal995,0.19647696476964768,0.15668899935163172,0.26334907373774064,0.21841589700531766,0.6666666666666666,0.3155306967438388
MSL,trajectory_lof50,16,dynamic,0.036764705882352935,0.2301255230125523,0.019978205593897565,0.01029946823397705,0.2222222222222222,0.3155306967438388
MSL,trajectory_lof50,64,cal995,0.3758094840192187,0.2637443190148072,0.653468942971304,0.2811083123425693,0.6666666666666666,0.30796488995942345
MSL,trajectory_lof50,64,dynamic,0.016265912305516265,0.30666666666666664,0.008354522339266255,0.0029107192835152534,0.1111111111111111,0.30796488995942345
MSL,usad,1,cal995,0.14254774561921638,0.09777177582714382,0.2629858336360334,0.3739714525608732,1.0,0.4124258764230525
MSL,usad,1,dynamic,0.0778688524590164,0.6514285714285715,0.041409371594624045,0.0034144976210467395,0.4444444444444444,0.4124258764230525
MSL,usad,16,cal995,0.14778608395629672,0.10037755500585861,0.28005811841627315,0.3867898124825077,1.0,0.3748746353264964
MSL,usad,16,dynamic,0.08349900596421471,0.47547169811320755,0.04576825281511079,0.00778057654631962,0.4444444444444444,0.3748746353264964
MSL,usad,64,cal995,0.15325414087334782,0.09955439626127595,0.33272793316382127,0.4637559473831514,1.0,0.3206504091725264
MSL,usad,64,dynamic,0.08886027044430134,0.3909348441926346,0.05012713403559753,0.012034704729918836,0.4444444444444444,0.3206504091725264
MSL,zmax,1,cal995,0.01020644861980979,0.014120667522464698,0.007991282237559027,0.08597816960537363,0.4444444444444444,0.19014873753600597
MSL,zmax,1,dynamic,0.004308797127468582,0.1875,0.002179440610243371,0.0014553596417576267,0.2222222222222222,0.19014873753600597
MSL,zmax,16,cal995,0.0511452079163887,0.06594036697247706,0.04177261169633127,0.09118387909319899,0.6666666666666666,0.25155344345900116
MSL,zmax,16,dynamic,0.050579557428872504,0.7659574468085106,0.02615328732292045,0.0012314581584102994,0.3333333333333333,0.25155344345900116
MSL,zmax,64,cal995,0.11207373271889401,0.11377245508982035,0.11042499091899746,0.1325496781416177,0.6666666666666666,0.323073911037117
MSL,zmax,64,dynamic,0.037628682996095134,0.828125,0.01925172539048311,0.0006157290792051497,0.3333333333333333,0.323073911037117
MSL,ztarget,1,cal995,0.07081742793207846,0.05553261767134599,0.09771158735924446,0.25608732157850544,0.7777777777777778,0.3381501130779603
MSL,ztarget,1,dynamic,0.12780337941628264,0.41434262948207173,0.07555394115510353,0.01645675902602855,0.5555555555555556,0.3381501130779603
MSL,ztarget,16,cal995,0.12609069681700874,0.09528231797919762,0.1863421721758082,0.2726560313462077,1.0,0.4161106607827892
MSL,ztarget,16,dynamic,0.09485903814262023,0.5458015267175572,0.05194333454413367,0.006661069129582984,0.5555555555555556,0.4161106607827892
MSL,ztarget,64,cal995,0.2072278633038541,0.14814236653137683,0.3447148565201598,0.3054575986565911,0.8888888888888888,0.4689793721478437
MSL,ztarget,64,dynamic,0.06267217630853994,0.6026490066225165,0.033054849255357795,0.0033585222502099076,0.4444444444444444,0.4689793721478437
SMAP,dae,1,cal995,0.4170644540524329,0.29915387924853004,0.6883920468608201,0.1955503981433316,0.7857142857142857,0.4350866468445491
SMAP,dae,1,dynamic,0.22152125600401462,0.8451859956236324,0.12746473063278607,0.002831019166900084,0.7142857142857143,0.4350866468445491
SMAP,dae,16,cal995,0.4166812074681556,0.29854264894985,0.6895470670736737,0.19645072226001362,0.8571428571428571,0.4102444002307798
SMAP,dae,16,dynamic,0.2068469505178366,0.8065058889512058,0.11863707614883261,0.003451242447281021,0.7142857142857143,0.4102444002307798
SMAP,dae,64,cal995,0.4145658263305322,0.2930593014919258,0.7081923933668839,0.20714457204593653,0.8571428571428571,0.3840800665647001
SMAP,dae,64,dynamic,0.19431314086248272,0.8196319018404908,0.11022192888375547,0.002941058781161218,0.42857142857142855,0.3840800665647001
SMAP,gru_context,1,cal995,0.4591432630974334,0.36234373508922607,0.6265159640293705,0.13368812772598135,0.9285714285714286,0.33225774900712224
SMAP,gru_context,1,dynamic,0.18812839800402176,0.9670750382848392,0.10419932348816105,0.00043015485574806933,0.6428571428571429,0.33225774900712224
SMAP,gru_context,16,cal995,0.32171345298358645,0.20956258899353,0.692104611830707,0.31653395222280023,0.7857142857142857,0.43098799388671993
SMAP,gru_context,16,dynamic,0.19158739595719382,0.9655430711610486,0.10634436102631796,0.0004601656596374695,0.6428571428571429,0.43098799388671993
SMAP,gru_context,64,cal995,0.3075286968264686,0.19331904327341412,0.7515056513488986,0.3802368852787003,0.8571428571428571,0.4782630565528381
SMAP,gru_context,64,dynamic,0.19430610272801604,0.9812312312312312,0.10782938701427275,0.0002500900324116682,0.5714285714285714,0.4782630565528381
SMAP,gru_target,1,cal995,0.3864761708273159,0.28111048583755394,0.6181833182080686,0.19168900804289543,0.8571428571428571,0.43414269233691033
SMAP,gru_target,1,dynamic,0.1839492347891004,0.967032967032967,0.1016417787311278,0.0004201512544516026,0.7142857142857143,0.43414269233691033
SMAP,gru_target,16,cal995,0.38729268862415317,0.2701293623122291,0.6839369688969557,0.22407066543955825,0.8571428571428571,0.4848295555230989
SMAP,gru_target,16,dynamic,0.19193943442440434,0.9563609467455622,0.10667436680141902,0.000590212476491537,0.5714285714285714,0.4848295555230989
SMAP,gru_target,64,cal995,0.43550772792557185,0.29419601482854496,0.8380496658691527,0.24378776359489415,0.8571428571428571,0.4979539399937403
SMAP,gru_target,64,dynamic,0.1929265218358419,0.9524158125915081,0.10733437835162116,0.0006502340842703373,0.5714285714285714,0.4979539399937403
SMAP,hankel_pca,1,cal995,0.5238171202501356,0.42706274060971805,0.6772543519511591,0.11016966107798808,0.7857142857142857,0.44428237370108814
SMAP,hankel_pca,1,dynamic,0.20449569405926143,0.8861480075901328,0.11558452272914777,0.001800648233364011,0.7857142857142857,0.44428237370108814
SMAP,hankel_pca,16,cal995,0.49619519265611794,0.3913312693498452,0.677831862057586,0.12783602096754831,0.7857142857142857,0.4094394096626109
SMAP,hankel_pca,16,dynamic,0.19013307845011396,0.8736486486486487,0.10667436680141902,0.0018706734424392781,0.7142857142857143,0.4094394096626109
SMAP,hankel_pca,64,cal995,0.4664770647368569,0.3540954172366621,0.6833594587905288,0.1511444119883158,0.7857142857142857,0.3754676314653662
SMAP,hankel_pca,64,dynamic,0.1713732210714552,0.8846153846153846,0.09487666034155598,0.0015005401944700092,0.42857142857142855,0.3754676314653662
SMAP,hankel_pca_fixed,1,cal995,0.4149333868580175,0.29813239111623885,0.6822044385776751,0.1947401064383178,0.7857142857142857,0.43873935373984896
SMAP,hankel_pca_fixed,1,dynamic,0.20420376587359512,0.8848829854522454,0.11541951984159723,0.0018206554359569446,0.7857142857142857,0.43873935373984896
SMAP,hankel_pca_fixed,16,cal995,0.3987568960948228,0.28161154212603784,0.682781948684102,0.21119603057100556,0.7857142857142857,0.4090267993502406
SMAP,hankel_pca_fixed,16,dynamic,0.190238165245516,0.8725556304787593,0.10675686824519429,0.0018906806450322115,0.7142857142857143,0.4090267993502406
SMAP,hankel_pca_fixed,64,cal995,0.3831810039957746,0.26548926014319807,0.6883095454170448,0.23090312512504502,0.7857142857142857,0.3752707417656603
SMAP,hankel_pca_fixed,64,dynamic,0.17123695976154993,0.8845265588914549,0.09479415889778071,0.0015005401944700092,0.42857142857142855,0.3752707417656603
SMAP,iforest,1,cal995,0.004589696921737755,0.0562015503875969,0.002392541869482716,0.0048717538313792965,0.5,0.12948265112475568
SMAP,iforest,1,dynamic,0.002252795880601818,0.045454545454545456,0.001155020212853725,0.002941058781161218,0.42857142857142855,0.12948265112475568
SMAP,iforest,16,cal995,0.012680800475530017,0.031788079470198675,0.007920138602425542,0.029250530190868713,0.5714285714285714,0.1357075847584336
SMAP,iforest,16,dynamic,0.0012926159314913556,0.0311284046692607,0.0006600115502021285,0.0024908967228202154,0.2857142857142857,0.1357075847584336
SMAP,iforest,64,cal995,0.08718071392499269,0.06430868167202572,0.13530236779143634,0.23870593413628907,0.6428571428571429,0.17080939095573058
SMAP,iforest,64,dynamic,0.012429288502908135,0.1813953488372093,0.006435112614470754,0.003521267656356288,0.21428571428571427,0.17080939095573058
SMAP,multi_context,1,cal995,0.46864176150420583,0.3748206777145684,0.6251134394851909,0.1264255131847465,0.8571428571428571,0.4073597082490945
SMAP,multi_context,1,dynamic,0.1844935763370182,0.9747434885556433,0.1018892830624536,0.0003201152414869353,0.5714285714285714,0.4073597082490945
SMAP,multi_context,16,cal995,0.37771234428086065,0.26032657903774703,0.6878970381981685,0.23699531831459325,0.7857142857142857,0.45475127942540167
SMAP,multi_context,16,dynamic,0.20456391699283658,0.9753521126760564,0.11426449962874351,0.0003501260453763355,0.5714285714285714,0.45475127942540167
SMAP,multi_context,64,cal995,0.37150366460821815,0.2506776630716881,0.7171850507383879,0.2599435796886879,0.8571428571428571,0.49385365920933894
SMAP,multi_context,64,dynamic,0.19212152803633925,0.9862385321100917,0.10642686247009323,0.0001800648233364011,0.5714285714285714,0.49385365920933894
SMAP,multi_target,1,cal995,0.39091898616078374,0.2849801624787455,0.6222258889530566,0.1892981473330399,0.8571428571428571,0.4981620106125147
SMAP,multi_target,1,dynamic,0.1990654898761403,0.9853157121879589,0.11071693754640706,0.00020007202592933456,0.5714285714285714,0.4981620106125147
SMAP,multi_target,16,cal995,0.3708663383190721,0.2558081282484814,0.6740367956439237,0.2377655956144212,0.7857142857142857,0.48651588456708056
SMAP,multi_target,16,dynamic,0.2061203472120053,0.9511201629327902,0.11558452272914777,0.0007202592933456044,0.5714285714285714,0.48651588456708056
SMAP,multi_target,64,cal995,0.37865649464416407,0.2589323627540188,0.7043148255094465,0.24441799047657156,0.8571428571428571,0.4919777015191354
SMAP,multi_target,64,dynamic,0.1923448532144184,0.9700149925037481,0.10675686824519429,0.0004001440518586691,0.5714285714285714,0.4919777015191354
SMAP,pca,1,cal995,0.03611964632846303,0.07527443805541036,0.023760415807276627,0.03539274138689928,0.6428571428571429,0.14430309164448724
SMAP,pca,1,dynamic,0.0011459441761479906,0.07291666666666667,0.0005775101064268625,0.0008903205153855388,0.21428571428571427,0.14430309164448724
SMAP,pca,16,cal995,0.13854095224343935,0.123154922346297,0.15832027060473558,0.1366792045136249,0.6428571428571429,0.15729009461244972
SMAP,pca,16,dynamic,0.008210577155276504,0.16887417218543047,0.004207573632538569,0.0025109039254131485,0.14285714285714285,0.15729009461244972
SMAP,pca,64,cal995,0.17477985661076065,0.11824855794441531,0.334873360283805,0.30277900044015843,0.7857142857142857,0.16150572606282293
SMAP,pca,64,dynamic,0.004757751169613829,0.061224489795918366,0.002475043313257982,0.004601656596374695,0.14285714285714285,0.16150572606282293
SMAP,subsequence_knn,1,cal995,0.36735121981917723,0.24630098452883262,0.7223826416962297,0.26803649313752953,0.7857142857142857,0.4529544819596473
SMAP,subsequence_knn,1,dynamic,0.20985041955490696,0.9078282828282829,0.11863707614883261,0.0014605257892841422,0.5714285714285714,0.4529544819596473
SMAP,subsequence_knn,16,cal995,0.3633648988607776,0.24156967257696074,0.7328603250556884,0.2789904365571606,0.8571428571428571,0.4293457203508062
SMAP,subsequence_knn,16,dynamic,0.20002907399331296,0.8405620036652413,0.1135219866347661,0.002610939938377816,0.5714285714285714,0.4293457203508062
SMAP,subsequence_knn,64,cal995,0.36412963538006443,0.2270411282761994,0.919066083656464,0.37939658276979715,0.8571428571428571,0.4110412876111011
SMAP,subsequence_knn,64,dynamic,0.1996066147009543,0.8530510585305106,0.11302697797211451,0.002360849905966148,0.35714285714285715,0.4110412876111011
SMAP,trajectory_gaussian,1,cal995,0.3644223841165639,0.35393826296555475,0.37554657206501113,0.08311992317234204,0.42857142857142855,0.34085883637125985
SMAP,trajectory_gaussian,1,dynamic,0.05474018246727489,0.7128099173553719,0.028462998102466792,0.0013905005802088751,0.5,0.34085883637125985
SMAP,trajectory_gaussian,16,cal995,0.3590751808744888,0.3430245661482984,0.37670159227786487,0.08748149333760154,0.42857142857142855,0.322797354064772
SMAP,trajectory_gaussian,16,dynamic,0.05321610365571495,0.40828402366863903,0.028462998102466792,0.005001800648233364,0.5,0.322797354064772
SMAP,trajectory_gaussian,64,cal995,0.3511456163605378,0.32455894707364885,0.38247669334213347,0.09651474530831099,0.42857142857142855,0.2779246912923459
SMAP,trajectory_gaussian,64,dynamic,0.028237508824221505,0.28662420382165604,0.014850259879547892,0.004481613380817094,0.2857142857142857,0.2779246912923459
SMAP,trajectory_gaussian_fixed,1,cal995,0.41893960304117633,0.3010240876965239,0.6887220526359211,0.19390980753071105,0.7857142857142857,0.44383099748371985
SMAP,trajectory_gaussian_fixed,1,dynamic,0.21493098214930986,0.8665501165501166,0.12267964689382065,0.002290824696890881,0.7857142857142857,0.44383099748371985
SMAP,trajectory_gaussian_fixed,16,cal995,0.41272426642975246,0.29443661971830987,0.6898770728487749,0.20045216277860028,0.7857142857142857,0.40687445131343397
SMAP,trajectory_gaussian_fixed,16,dynamic,0.23588543101074086,0.7128589263420724,0.14132497318703077,0.006902484894562042,0.7142857142857143,0.40687445131343397
SMAP,trajectory_gaussian_fixed,64,cal995,0.39992411307152337,0.28062701767231335,0.6956521739130435,0.21622784202312834,0.7857142857142857,0.37057292019936733
SMAP,trajectory_gaussian_fixed,64,dynamic,0.1755549149610839,0.694017094017094,0.10048675851827407,0.005371933896202633,0.35714285714285715,0.37057292019936733
SMAP,trajectory_lof20,1,cal995,0.3400380266186331,0.22447415706584928,0.7008497648708852,0.293595694450002,0.7142857142857143,0.37812453457620077
SMAP,trajectory_lof20,1,dynamic,0.17937685459940655,0.8896247240618101,0.09974424552429667,0.0015005401944700092,0.42857142857142855,0.37812453457620077
SMAP,trajectory_lof20,16,cal995,0.31191990060659214,0.20032386003614092,0.7042323240656712,0.34087271417710374,0.7142857142857143,0.3383974275981436
SMAP,trajectory_lof20,16,dynamic,0.19091869060190075,0.6506717850287908,0.11187195775926079,0.007282621743827778,0.42857142857142855,0.3383974275981436
SMAP,trajectory_lof20,64,cal995,0.2878145041933893,0.17973258846967488,0.7219701344773534,0.39952382857828816,0.7857142857142857,0.33726133977619216
SMAP,trajectory_lof20,64,dynamic,0.15978164650339333,0.7547038327526132,0.08934906360861315,0.003521267656356288,0.21428571428571427,0.33726133977619216
SMAP,trajectory_lof50,1,cal995,0.3233991888975704,0.20877669156678597,0.7171025492946127,0.3295286303069105,0.8571428571428571,0.3873744987580175
SMAP,trajectory_lof50,1,dynamic,0.1783975210270031,0.8436845778087927,0.09974424552429667,0.002240806690408547,0.5714285714285714,0.3873744987580175
SMAP,trajectory_lof50,16,cal995,0.30259818731117827,0.19133700113527202,0.7230426532464318,0.3705333920211276,0.8571428571428571,0.4090221689745065
SMAP,trajectory_lof50,16,dynamic,0.23313552963645043,0.6728346456692913,0.1409949674119297,0.00831299267736385,0.6428571428571429,0.4090221689745065
SMAP,trajectory_lof50,64,cal995,0.2836465620063828,0.17625848841169048,0.7259302037785661,0.4113680925133048,0.8571428571428571,0.4137212077490643
SMAP,trajectory_lof50,64,dynamic,0.16913726652831307,0.8322392414296135,0.09413414734757858,0.0023008282981873476,0.35714285714285715,0.4137212077490643
SMAP,usad,1,cal995,0.4525967974243836,0.3440827894194435,0.661084068971207,0.15280500980352926,0.7857142857142857,0.4076802466198045
SMAP,usad,1,dynamic,0.21557225925400653,0.7672892478546188,0.12540219453840443,0.004611660197671162,0.6428571428571429,0.4076802466198045
SMAP,usad,16,cal995,0.4117303245152601,0.29750275431509365,0.6683441960234304,0.19135888920011204,0.7857142857142857,0.3833447036058895
SMAP,usad,16,dynamic,0.20255355983553344,0.8059701492537313,0.11583202706047356,0.003381217238205754,0.6428571428571429,0.3833447036058895
SMAP,usad,64,cal995,0.41145212554628524,0.2943057085005861,0.6835244616780793,0.19873154335560803,0.7857142857142857,0.3555490226030497
SMAP,usad,64,dynamic,0.18675477661255568,0.7218212104386452,0.10725187690784589,0.005011804249529831,0.42857142857142855,0.3555490226030497
SMAP,zmax,1,cal995,0.13233137829912023,0.255003531904874,0.08934906360861315,0.03165139450202073,0.5714285714285714,0.18212993159511687
SMAP,zmax,1,dynamic,0.0021224489795918368,0.10077519379844961,0.0010725187690784589,0.0011604177503901404,0.35714285714285715,0.18212993159511687
SMAP,zmax,16,cal995,0.10680328625496169,0.1212152959664746,0.09545417044798284,0.08391020767476291,0.5714285714285714,0.20511734332805107
SMAP,zmax,16,dynamic,0.001807278403023084,0.21153846153846154,0.0009075158815279267,0.00041014765315513585,0.07142857142857142,0.20511734332805107
SMAP,zmax,64,cal995,0.08755129958960328,0.06763806440007196,0.12408217143800017,0.2073946620783482,0.6428571428571429,0.2213778976822312
SMAP,zmax,64,dynamic,0.002945026178010471,0.17475728155339806,0.0014850259879547892,0.0008503061101996719,0.14285714285714285,0.2213778976822312
SMAP,ztarget,1,cal995,0.3846696449565013,0.28146505581893255,0.6073756290735088,0.1880076827657957,0.7857142857142857,0.3399698176899698
SMAP,ztarget,1,dynamic,0.20462240541734136,0.9488054607508533,0.11467700684761983,0.0007502700972350046,0.5714285714285714,0.3399698176899698
SMAP,ztarget,16,cal995,0.38375829187396354,0.27974009293188773,0.6109231911558453,0.19072866231843463,0.7857142857142857,0.46766749887868536
SMAP,ztarget,16,dynamic,0.20451703082468917,0.9442934782608695,0.11467700684761983,0.0008202953063102717,0.5714285714285714,0.46766749887868536
SMAP,ztarget,64,cal995,0.3762847450761987,0.2714290931667945,0.6131507301377774,0.19956184226321474,0.7857142857142857,0.4753367870725355
SMAP,ztarget,64,dynamic,0.2053175775480059,0.9795630725863284,0.11467700684761983,0.0002901044375975351,0.5714285714285714,0.4753367870725355
