dataset,channel,split,method,span,policy,threshold,tp,fp,fn,tn,events,hits,delay_sum,alerts,hit_alerts,auroc,ap
SMAP,A-1,development,zmax,64,cal995,2.673973067229529,10,218,75,8273,1,1,0,19,2,0.8467553880579439,0.03883196663052946
SMAP,A-1,development,ztarget,64,cal995,1e-06,85,8491,0,0,1,1,0,1,1,0.4864042896631035,0.30111391571554
SMAP,A-1,development,pca,64,cal995,0.09160025517729793,12,465,73,8026,1,1,73,38,1,0.46310210811447416,0.017579510160896407
SMAP,A-1,development,iforest,64,cal995,0.4519672898748047,2,143,83,8348,1,1,76,27,1,0.41959306393620927,0.01002830042697949
SMAP,A-1,development,subsequence_knn,64,cal995,1e-06,85,8491,0,0,1,1,0,1,1,0.4837495756752825,0.0464221857115666
SMAP,A-1,development,gru_target,64,cal995,4.451721906661987e-06,85,8491,0,0,1,1,0,1,1,0.4864042896631035,0.30111391571554
SMAP,A-1,development,gru_context,64,cal995,0.004273191347545335,71,1803,14,6688,1,1,0,51,2,0.8846945208421374,0.323804078909237
SMAP,A-7,development,zmax,64,cal995,1.495756084391911,0,54,2401,6112,1,0,0,4,0,0.1348098958118732,0.16591368330565515
SMAP,A-7,development,ztarget,64,cal995,1.495756084391911,0,31,2401,6135,1,0,0,3,0,0.13717126189312134,0.16640377754578506
SMAP,A-7,development,pca,64,cal995,0.000410526156103343,0,324,2401,5842,1,0,0,5,0,0.011106235738352612,0.1555749835539981
SMAP,A-7,development,iforest,64,cal995,0.5090154979532664,0,71,2401,6095,1,0,0,7,0,0.09435683558707496,0.16393079941937796
SMAP,A-7,development,subsequence_knn,64,cal995,0.9198235074909659,2264,285,137,5881,1,1,137,12,1,0.966327550567845,0.9122496886749634
SMAP,A-7,development,gru_target,64,cal995,0.40633098627240866,1663,1849,738,4317,1,1,81,128,31,0.7698401290520777,0.46977503606570026
SMAP,A-7,development,gru_context,64,cal995,0.46820095962614267,171,1236,2230,4930,1,1,2156,89,4,0.376120448245494,0.21503533119478796
SMAP,D-11,development,zmax,64,cal995,7.119413165361169,0,0,61,7306,1,0,0,0,0,0.2326518065098078,0.0050582823398612415
SMAP,D-11,development,ztarget,64,cal995,7.119413165361169,0,0,61,7306,1,0,0,0,0,0.2417191349575691,0.005158949936336147
SMAP,D-11,development,pca,64,cal995,0.0004592675809869763,0,428,61,6878,1,0,0,1,0,0.22717461058281313,0.005057213845685086
SMAP,D-11,development,iforest,64,cal995,0.5459092181750471,0,289,61,7017,1,0,0,3,0,0.24775728909093353,0.00548483441982335
SMAP,D-11,development,subsequence_knn,64,cal995,5.381647925504274,0,0,61,7306,1,0,0,0,0,0.4806334788832892,0.0076228446750171595
SMAP,D-11,development,gru_target,64,cal995,4.465382244229794,0,0,61,7306,1,0,0,0,0,0.3270386343135891,0.005896703978473026
SMAP,D-11,development,gru_context,64,cal995,4.604009972764114,0,0,61,7306,1,0,0,0,0,0.3682286734909102,0.006233361361425547
SMAP,D-13,development,zmax,64,cal995,1e-06,139,3889,22,3549,1,1,22,2,1,0.5705609435515792,0.025433341268388556
SMAP,D-13,development,ztarget,64,cal995,1e-06,139,2432,22,5006,1,1,22,1,1,0.6270469420918934,0.026833774877298086
SMAP,D-13,development,pca,64,cal995,1e-06,139,3819,22,3619,1,1,22,2,1,0.5422390310625812,0.02283651651076307
SMAP,D-13,development,iforest,64,cal995,0.5000000000000007,0,0,161,7438,1,0,0,0,0,0.5,0.021186998289248585
SMAP,D-13,development,subsequence_knn,64,cal995,1e-06,139,2432,22,5006,1,1,22,1,1,0.6270469420918934,0.026833774877298086
SMAP,D-13,development,gru_target,64,cal995,7.499009370803833e-05,139,2432,22,5006,1,1,22,1,1,0.6270469420918934,0.026833774877298086
SMAP,D-13,development,gru_context,64,cal995,0.00017925724387168884,161,7417,0,21,1,1,0,1,1,0.6063132245193809,0.02682258781575266
MSL,D-15,development,zmax,64,cal995,3.657840803518792,8,3,633,1450,1,1,360,3,2,0.7316166562698296,0.4790896039503301
MSL,D-15,development,ztarget,64,cal995,0.9274964770425455,395,33,246,1420,1,1,58,25,19,0.9647112381398216,0.8664243785028132
MSL,D-15,development,pca,64,cal995,0.021225665566185742,224,152,417,1301,1,1,82,35,15,0.7650758611211621,0.6135508300026511
MSL,D-15,development,iforest,64,cal995,0.41426769307407296,246,254,395,1199,1,1,58,29,18,0.7686072067796683,0.4732163688860145
MSL,D-15,development,subsequence_knn,64,cal995,1.1093889907281063,182,111,459,1342,1,1,112,7,4,0.8208365499107233,0.5530847728689647
MSL,D-15,development,gru_target,64,cal995,0.9470658039630024,149,67,492,1386,1,1,85,15,11,0.8442288964786395,0.6522820586959112
MSL,D-15,development,gru_context,64,cal995,0.593302123989994,480,83,161,1370,1,1,65,13,7,0.9413360705109555,0.8665379252439641
SMAP,D-3,development,zmax,64,cal995,2.9744094570122845,58,130,3218,5170,1,1,903,12,4,0.6927926947266569,0.5260617932454167
SMAP,D-3,development,ztarget,64,cal995,0.020506693190987052,3276,380,0,4920,1,1,0,1,1,0.9737735849056603,0.8643089961787297
SMAP,D-3,development,pca,64,cal995,0.08040282700712893,2047,598,1229,4702,1,1,173,41,14,0.8338260534015253,0.6969642922832886
SMAP,D-3,development,iforest,64,cal995,0.5403876898334931,55,63,3221,5237,1,1,184,24,10,0.7646984357361715,0.553363464957683
SMAP,D-3,development,subsequence_knn,64,cal995,0.01159972920278164,3276,406,0,4894,1,1,0,1,1,0.9737735849056603,0.8643089961787298
SMAP,D-3,development,gru_target,64,cal995,0.011209950631442625,3276,378,0,4922,1,1,0,1,1,0.9737735849056603,0.8643089961787298
SMAP,D-3,development,gru_context,64,cal995,0.019655799664585343,3178,232,98,5068,1,1,98,5,1,0.9715551063192572,0.8613221004240994
SMAP,D-5,development,zmax,64,cal995,2.961332888520095,14,1042,37,6471,1,1,13,66,1,0.7434590500648549,0.013585207178014643
SMAP,D-5,development,ztarget,64,cal995,0.00028256724654905033,51,7513,0,0,1,1,0,1,1,0.03264668039450574,0.0034814227708618575
SMAP,D-5,development,pca,64,cal995,0.10904575183080863,51,7513,0,0,1,1,0,1,1,0.08891255157726607,0.0035679288729937673
SMAP,D-5,development,iforest,64,cal995,0.4931909402009265,51,7470,0,43,1,1,0,4,1,0.7790966246740942,0.017815292778540725
SMAP,D-5,development,subsequence_knn,64,cal995,7.943119354161063e-05,51,7513,0,0,1,1,0,1,1,0.047893455265774605,0.003518864230543632
SMAP,D-5,development,gru_target,64,cal995,0.0002606991406352625,51,7513,0,0,1,1,0,1,1,0.03239874413761245,0.0034810953611785662
SMAP,D-5,development,gru_context,64,cal995,0.011632316964862749,51,7513,0,0,1,1,0,1,1,0.07406508457236216,0.003518825756236617
SMAP,D-7,development,zmax,64,cal995,3.121501036475706,51,62,2651,4814,1,1,471,13,6,0.7348295462480622,0.5625191966363569
SMAP,D-7,development,ztarget,64,cal995,1e-06,2604,0,98,4876,1,1,98,1,1,0.9818652849740932,0.9766627420252517
SMAP,D-7,development,pca,64,cal995,0.07130403144363845,414,691,2288,4185,1,1,142,36,14,0.5707080374941784,0.39014518692941114
SMAP,D-7,development,iforest,64,cal995,0.48970747705222395,11,0,2691,4876,1,1,1259,1,1,0.5359627875684101,0.38519497922388235
SMAP,D-7,development,subsequence_knn,64,cal995,1e-06,2604,0,98,4876,1,1,98,1,1,0.9818652849740932,0.9766627420252517
SMAP,D-7,development,gru_target,64,cal995,1.1187046766281128e-05,2604,0,98,4876,1,1,98,1,1,0.9818652849740932,0.9766627420252517
SMAP,D-7,development,gru_context,64,cal995,0.015300356739856304,2603,30,99,4846,1,1,99,4,1,0.9837237357676902,0.984230284759063
SMAP,D-8,development,zmax,64,cal995,0.19289714097976685,51,7759,0,0,1,1,0,1,1,0.754370004220273,0.02785181469240072
SMAP,D-8,development,ztarget,64,cal995,1e-06,35,318,16,7441,1,1,16,1,1,0.7733283801985802,0.688323165373704
SMAP,D-8,development,pca,64,cal995,2.0790430426131934e-05,51,7759,0,0,1,1,0,1,1,0.3894831808222709,0.006530089628681178
SMAP,D-8,development,iforest,64,cal995,0.3931209603051279,51,7759,0,0,1,1,0,1,1,0.41487305065085706,0.006530089628681178
SMAP,D-8,development,subsequence_knn,64,cal995,1e-06,35,422,16,7337,1,1,16,1,1,0.768117480269592,0.1507642376383851
SMAP,D-8,development,gru_target,64,cal995,1.12093985080719e-05,35,3453,16,4306,1,1,16,1,1,0.7733283801985802,0.6883231653737039
SMAP,D-8,development,gru_context,64,cal995,6.601214408874512e-06,51,7759,0,0,1,1,0,1,1,0.7837324902895815,0.641048041108163
SMAP,D-9,development,zmax,64,cal995,0.2409566342830658,1156,6155,0,31,1,1,0,1,1,0.8591981195399366,0.5657000309349267
SMAP,D-9,development,ztarget,64,cal995,1e-06,933,0,223,6186,1,1,223,1,1,0.9035467128027681,0.8374666209201644
SMAP,D-9,development,pca,64,cal995,6.928409857209772e-05,1156,6155,0,31,1,1,0,1,1,0.37295721335262005,0.1579841702906019
SMAP,D-9,development,iforest,64,cal995,0.3703951069942342,1156,6155,0,31,1,1,0,1,1,0.3974182829404941,0.1579836317300172
SMAP,D-9,development,subsequence_knn,64,cal995,1e-06,933,0,223,6186,1,1,223,1,1,0.9035467128027681,0.8374666209201644
SMAP,D-9,development,gru_target,64,cal995,1.1187046766281128e-05,933,0,223,6186,1,1,223,1,1,0.9035467128027681,0.8374666209201644
SMAP,D-9,development,gru_context,64,cal995,0.00011232495307922363,1156,6186,0,0,1,1,0,1,1,0.8793164495786333,0.8374666209201644
SMAP,E-6,development,zmax,64,cal995,3.884723153454951,10,14,56,8156,1,1,19,3,1,0.9579225548013799,0.30721095168029106
SMAP,E-6,development,ztarget,64,cal995,0.003556861370738713,61,150,5,8020,1,1,5,6,1,0.9649530803753571,0.9206272132562552
SMAP,E-6,development,pca,64,cal995,0.08281668992783812,65,572,1,7598,1,1,1,33,1,0.969192537368792,0.11222964711807605
SMAP,E-6,development,iforest,64,cal995,0.4576928032929585,43,1371,23,6799,1,1,5,112,2,0.8493842958347242,0.22795863506341363
SMAP,E-6,development,subsequence_knn,64,cal995,0.0018150964709719255,66,8170,0,0,1,1,0,1,1,0.9685434516523869,0.43257960234069526
SMAP,E-6,development,gru_target,64,cal995,0.0027641919456762028,61,125,5,8045,1,1,5,1,1,0.9664329958087607,0.9225497828984421
SMAP,E-6,development,gru_context,64,cal995,0.012919864699279488,61,287,5,7883,1,1,5,7,1,0.9642761766996774,0.920197553531749
SMAP,E-8,development,zmax,64,cal995,2.9053561931097867,0,67,623,7778,1,0,0,9,0,0.7674502064989099,0.1960404123857403
SMAP,E-8,development,ztarget,64,cal995,1.3308381224731247,204,22,419,7823,1,1,274,2,1,0.6906084684502198,0.4731527010774471
SMAP,E-8,development,pca,64,cal995,0.07881843672518268,78,499,545,7346,1,1,0,18,3,0.5851067073014782,0.09476145916868968
SMAP,E-8,development,iforest,64,cal995,0.47128831228283935,175,0,448,7845,1,1,70,2,2,0.796808141693956,0.4763212917969646
SMAP,E-8,development,subsequence_knn,64,cal995,0.4551141287889645,336,1984,287,5861,1,1,167,38,2,0.7379721674047839,0.5023129493421491
SMAP,E-8,development,gru_target,64,cal995,0.16838134013627074,205,0,418,7845,1,1,272,1,1,0.6829756303664396,0.46502644355488293
SMAP,E-8,development,gru_context,64,cal995,0.17922571953998373,537,5441,86,2404,1,1,14,72,3,0.7109311939698431,0.48431707176915617
MSL,F-5,development,zmax,64,cal995,2.480161075411136,109,67,42,3640,1,1,42,15,1,0.8607467168789313,0.7386122065018201
MSL,F-5,development,ztarget,64,cal995,0.36623802194650135,123,1988,28,1719,1,1,28,14,1,0.8660633096147078,0.7837105422874175
MSL,F-5,development,pca,64,cal995,1e-06,0,0,151,3707,1,0,0,0,0,0.8147624772892523,0.3447531083678634
MSL,F-5,development,iforest,64,cal995,0.38575193626261495,112,269,39,3438,1,1,39,31,1,0.8286649385358289,0.6731490478348001
MSL,F-5,development,subsequence_knn,64,cal995,0.1972541003063314,126,1350,25,2357,1,1,0,10,2,0.8961602981293669,0.5938644577587472
MSL,F-5,development,gru_target,64,cal995,0.12270899028225207,123,165,28,3542,1,1,28,7,1,0.8713548914975605,0.8139326768587011
MSL,F-5,development,gru_context,64,cal995,0.11426382534345415,123,392,28,3315,1,1,28,9,1,0.8839871587135132,0.813094963426466
SMAP,G-1,development,zmax,64,cal995,3.446691253560803,0,236,121,8048,1,0,0,17,0,0.23097796808345072,0.008698550018905866
SMAP,G-1,development,ztarget,64,cal995,2.133646992546351,0,541,121,7743,1,0,0,8,0,0.4031808803987374,0.011814359103091863
SMAP,G-1,development,pca,64,cal995,0.1266298331043118,0,641,121,7643,1,0,0,7,0,0.24852149518538175,0.008894688258440935
SMAP,G-1,development,iforest,64,cal995,0.5239897628461783,0,478,121,7806,1,0,0,11,0,0.5032543068186807,0.013211894378066663
SMAP,G-1,development,subsequence_knn,64,cal995,1.0643786595796392,0,810,121,7474,1,0,0,3,0,0.5875071331372635,0.01622718018405189
SMAP,G-1,development,gru_target,64,cal995,0.47258988963176435,0,51,121,8233,1,0,0,2,0,0.06558096659496948,0.0074594266891390365
SMAP,G-1,development,gru_context,64,cal995,0.49761115164716185,0,32,121,8252,1,0,0,4,0,0.1503425901169635,0.007841436591261058
SMAP,G-4,development,zmax,64,cal995,0.2630254626274109,15,1020,16,6517,1,1,16,1,1,0.7069767640928409,0.4747649362933618
SMAP,G-4,development,ztarget,64,cal995,0.014679789543151855,15,71,16,7466,1,1,16,1,1,0.545198525981502,0.472772897486865
SMAP,G-4,development,pca,64,cal995,2.6526500732870772e-05,15,225,16,7312,1,1,16,1,1,0.5420998343655173,0.47444400471181414
SMAP,G-4,development,iforest,64,cal995,0.4605595279302892,0,0,31,7537,1,0,0,0,0,0.17370648884856213,0.0024396612100919153
SMAP,G-4,development,subsequence_knn,64,cal995,0.0035028155374763888,15,320,16,7217,1,1,16,15,1,0.6994654328966347,0.03559853629732835
SMAP,G-4,development,gru_target,64,cal995,0.011659278025053609,15,78,16,7459,1,1,16,1,1,0.5451343265695685,0.46954732361639107
SMAP,G-4,development,gru_context,64,cal995,0.012944030383865181,15,74,16,7463,1,1,16,1,1,0.5446892106468305,0.47069741760226347
MSL,M-1,development,zmax,64,cal995,3.9143675779424343,0,28,1141,1044,1,0,0,3,0,0.15628311117506244,0.3466354635825168
MSL,M-1,development,ztarget,64,cal995,3.1286365200976314,0,0,1141,1072,1,0,0,0,0,0.1020690805394587,0.33544057857927895
MSL,M-1,development,pca,64,cal995,0.19218564572211846,1,405,1140,667,1,1,26,14,1,0.052682740983949664,0.32533304373039557
MSL,M-1,development,iforest,64,cal995,0.5217992296655082,7,0,1134,1072,1,1,132,1,1,0.5146498554554135,0.4874965522074219
MSL,M-1,development,subsequence_knn,64,cal995,1.4728839637903777,82,745,1059,327,1,1,0,1,1,0.1289618951692022,0.34160149920918764
MSL,M-1,development,gru_target,64,cal995,3.7516540709941353,0,0,1141,1072,1,0,0,0,0,0.1139768401637736,0.3386069889635465
MSL,M-1,development,gru_context,64,cal995,3.7158149896127943,0,0,1141,1072,1,0,0,0,0,0.09642709982079087,0.33497809147263286
MSL,M-3,development,zmax,64,cal995,2.3654429421450436,57,277,194,1535,1,1,41,17,3,0.5406387694256087,0.13810890116533422
MSL,M-3,development,ztarget,64,cal995,1.3137100947563174,68,254,183,1558,1,1,183,4,1,0.6270920732082705,0.17507647250652036
MSL,M-3,development,pca,64,cal995,0.04393129522307796,68,306,183,1506,1,1,183,9,1,0.5025373121201727,0.14440280418314252
MSL,M-3,development,iforest,64,cal995,0.40531189499841247,61,323,190,1489,1,1,185,17,1,0.634561093374845,0.1688110320128647
MSL,M-3,development,subsequence_knn,64,cal995,0.7102398924662516,59,131,192,1681,1,1,192,4,1,0.4670325321231629,0.16802775945353704
MSL,M-3,development,gru_target,64,cal995,0.3263310752617279,76,368,175,1444,1,1,175,14,1,0.40748485088344194,0.15177187143916931
MSL,M-3,development,gru_context,64,cal995,0.3522800589161579,77,341,174,1471,1,1,174,17,1,0.40662735371977876,0.13758135298372287
MSL,M-4,development,zmax,64,cal995,2.5724358411983883,70,125,181,1598,1,1,145,12,2,0.6261246366825213,0.26367211143944325
MSL,M-4,development,ztarget,64,cal995,1.2890708706065606,134,245,117,1478,1,1,117,5,1,0.8270065414488303,0.5013598964078224
MSL,M-4,development,pca,64,cal995,0.04123396844030491,137,417,114,1306,1,1,55,8,3,0.6094553879664164,0.2648681066493583
MSL,M-4,development,iforest,64,cal995,0.38881868571999256,145,436,106,1287,1,1,48,22,4,0.6807268893086967,0.292682076769922
MSL,M-4,development,subsequence_knn,64,cal995,0.7506209785074942,113,316,138,1407,1,1,138,6,1,0.5288723226652299,0.4622639294197256
MSL,M-4,development,gru_target,64,cal995,0.4015008124284289,126,263,125,1460,1,1,122,12,2,0.6026965845266641,0.27229087182143696
MSL,M-4,development,gru_context,64,cal995,0.4515337218617693,117,197,134,1526,1,1,129,13,2,0.5963123709457007,0.26941920113811185
MSL,P-11,development,zmax,64,cal995,3.463114525800627,47,0,181,3243,2,1,18,2,2,0.9094000032458575,0.590864104049583
MSL,P-11,development,ztarget,64,cal995,1.1355178976955291,186,558,42,2685,2,2,34,12,3,0.9162190088233226,0.652368117999453
MSL,P-11,development,pca,64,cal995,1e-06,0,0,228,3243,2,0,0,0,0,0.7123115374003928,0.11504502965897223
MSL,P-11,development,iforest,64,cal995,0.41109386490094885,103,53,125,3190,2,2,79,5,3,0.947045187745806,0.6621185213779412
MSL,P-11,development,subsequence_knn,64,cal995,0.6278371973076332,132,692,96,2551,2,2,96,10,2,0.7417352354058133,0.424165648545318
MSL,P-11,development,gru_target,64,cal995,0.42357720679196864,176,273,52,2970,2,2,52,10,2,0.9275835673055596,0.6884916882580279
MSL,P-11,development,gru_context,64,cal995,0.4519395056022632,177,290,51,2953,2,2,51,8,2,0.9378756403806309,0.7066095918809254
MSL,P-15,development,zmax,64,cal995,3.0287264123260003,13,1868,8,903,1,1,8,11,1,0.30929181488546337,0.005450439116562277
MSL,P-15,development,ztarget,64,cal995,1.603080402280573,14,2170,7,601,1,1,7,6,1,0.32865907099035935,0.005601689608155821
MSL,P-15,development,pca,64,cal995,0.10352946149363418,14,2204,7,567,1,1,7,11,1,0.31901840490797545,0.005588370767728464
MSL,P-15,development,iforest,64,cal995,0.38554491836318683,0,2124,21,647,1,0,0,9,0,0.0678627279132512,0.004109601234461597
MSL,P-15,development,subsequence_knn,64,cal995,0.4024976010604851,21,2588,0,183,1,1,0,2,1,0.3093433692495403,0.005347532810446837
MSL,P-15,development,gru_target,64,cal995,0.21902198837519365,14,2502,7,269,1,1,7,7,1,0.3347081163753845,0.005692993210083272
MSL,P-15,development,gru_context,64,cal995,0.23667370918522895,14,2452,7,319,1,1,7,7,1,0.3465999896891272,0.005779721036440237
SMAP,P-3,development,zmax,64,cal995,3.107728047949762,0,86,1336,7007,1,0,0,6,0,0.6018003116845402,0.18162040094138818
SMAP,P-3,development,ztarget,64,cal995,1.3221832004888807,29,0,1307,7093,1,1,448,10,10,0.9465047769961276,0.9065944827481669
SMAP,P-3,development,pca,64,cal995,0.0767302270958731,31,578,1305,6515,1,1,11,25,2,0.34500806648369686,0.11451047354618041
SMAP,P-3,development,iforest,64,cal995,0.4563631879678061,96,63,1240,7030,1,1,11,14,6,0.7296985051467626,0.3498816000574574
SMAP,P-3,development,subsequence_knn,64,cal995,0.30162025737690207,1336,7093,0,0,1,1,0,1,1,0.9616014692734931,0.9420098034592709
SMAP,P-3,development,gru_target,64,cal995,0.2544662118460086,1091,0,245,7093,1,1,16,2,2,0.9497503653344657,0.9329101326574692
SMAP,P-3,development,gru_context,64,cal995,0.3678425485814936,1054,0,282,7093,1,1,18,3,3,0.9298029135581931,0.9131480799963739
MSL,T-4,development,zmax,64,cal995,3.908821034585244,0,0,69,2084,1,0,0,0,0,0.33810398063923885,0.02215845849134659
MSL,T-4,development,ztarget,64,cal995,1.0064518045598632,29,209,40,1875,1,1,40,9,1,0.5216139531002254,0.43185330129128807
MSL,T-4,development,pca,64,cal995,1e-06,0,0,69,2084,1,0,0,0,0,0.3724512503824863,0.023489984702564175
MSL,T-4,development,iforest,64,cal995,0.44262211703038457,0,12,69,2072,1,0,0,5,0,0.29565495563158917,0.020948229368164855
MSL,T-4,development,subsequence_knn,64,cal995,0.8644585552961502,0,16,69,2068,1,0,0,3,0,0.49118195221007543,0.029209117729338506
MSL,T-4,development,gru_target,64,cal995,0.5310031682013419,19,61,50,2023,1,1,41,11,1,0.8003073798993017,0.2882991453468525
MSL,T-4,development,gru_context,64,cal995,0.49813558986635614,18,143,51,1941,1,1,41,19,1,0.6253303290773039,0.08989098777425038
SMAP,A-1,development,multi_target,64,cal995,9.044593583844448e-06,85,8491,0,0,1,1,0,1,1,0.5563607141125205,0.30111391571553997
SMAP,A-1,development,multi_context,64,cal995,0.007142181222487785,68,1106,17,7385,1,1,7,37,4,0.9304287584778346,0.3395527977095242
SMAP,A-7,development,multi_target,64,cal995,1.0688650788346648,40,340,2361,5826,1,1,2263,20,2,0.674434968238853,0.3410847921771748
SMAP,A-7,development,multi_context,64,cal995,1.0964482482078572,1,296,2400,5870,1,1,2368,20,1,0.6751261063647526,0.34125411403349065
SMAP,D-11,development,multi_target,64,cal995,4.547591264609556,0,0,61,7306,1,0,0,0,0,0.32897730587480306,0.00591151289352998
SMAP,D-11,development,multi_context,64,cal995,4.694630106970429,0,0,61,7306,1,0,0,0,0,0.3687312920438175,0.0062289759964002135
SMAP,D-13,development,multi_target,64,cal995,9.787092834853381e-05,161,7206,0,232,1,1,0,1,1,0.6368572330436787,0.027307207090987204
SMAP,D-13,development,multi_context,64,cal995,9.378286260405358e-05,161,7417,0,21,1,1,0,1,1,0.6053888125272437,0.02676531094473299
MSL,D-15,development,multi_target,64,cal995,0.9497613660511742,177,57,464,1396,1,1,85,21,15,0.8631965925574394,0.6790527220676184
MSL,D-15,development,multi_context,64,cal995,0.9472741467331195,220,45,421,1408,1,1,66,15,11,0.9013671214432886,0.7652310225329664
SMAP,D-3,development,multi_target,64,cal995,0.017034204704216203,3276,378,0,4922,1,1,0,1,1,0.9737735849056603,0.8643089961787298
SMAP,D-3,development,multi_context,64,cal995,0.02440473483289493,3181,173,95,5127,1,1,95,2,1,0.9725384730573409,0.8625755109903851
SMAP,D-5,development,multi_target,64,cal995,0.0002752327604382652,51,7513,0,0,1,1,0,1,1,0.03246660037634113,0.0034811835850367444
SMAP,D-5,development,multi_context,64,cal995,0.010622516510655655,51,7513,0,0,1,1,0,1,1,0.05955167905043024,0.0035142248813089597
SMAP,D-7,development,multi_target,64,cal995,9.56520961116287e-06,2604,3,98,4873,1,1,98,2,1,0.9778820446556465,0.9766627420252517
SMAP,D-7,development,multi_context,64,cal995,0.013778567685359965,2603,143,99,4733,1,1,99,9,1,0.9819856649193106,0.9830789231127902
SMAP,D-8,development,multi_target,64,cal995,9.583499733228056e-06,35,274,16,7485,1,1,16,2,1,0.7944347993095936,0.6883231653737041
SMAP,D-8,development,multi_context,64,cal995,0.0003205780242644605,35,641,16,7118,1,1,16,2,1,0.7872148472741333,0.6877785030643359
SMAP,D-9,development,multi_target,64,cal995,9.56520961116287e-06,933,3,223,6183,1,1,223,2,1,0.886847477337486,0.8374666209201644
SMAP,D-9,development,multi_context,64,cal995,0.00023597671065556537,1156,6186,0,0,1,1,0,1,1,0.8795191480483333,0.8374666209201644
SMAP,E-6,development,multi_target,64,cal995,0.0035403855998787106,61,145,5,8025,1,1,5,4,1,0.9650198434776158,0.9202801960211757
SMAP,E-6,development,multi_context,64,cal995,0.007929467540984215,61,715,5,7455,1,1,5,15,1,0.9691795556544638,0.919824659559352
SMAP,E-8,development,multi_target,64,cal995,0.7233230281597347,206,0,417,7845,1,1,268,1,1,0.6479011997090499,0.4935357107551784
SMAP,E-8,development,multi_context,64,cal995,0.44735022109344924,302,1565,321,6280,1,1,27,101,3,0.6949346640927194,0.4865961051961651
MSL,F-5,development,multi_target,64,cal995,0.20178521585781536,123,843,28,2864,1,1,28,19,1,0.8408273590147152,0.8041615689069891
MSL,F-5,development,multi_context,64,cal995,0.23409799451425978,123,463,28,3244,1,1,28,13,1,0.8649824834705059,0.8078703215250448
SMAP,G-1,development,multi_target,64,cal995,0.900696100772817,0,3,121,8281,1,0,0,1,0,0.292339908456409,0.009793827491735192
SMAP,G-1,development,multi_context,64,cal995,1.1730439563777542,0,156,121,8128,1,0,0,10,0,0.27984045715927547,0.009353956566479566
SMAP,G-4,development,multi_target,64,cal995,0.013565900582702925,15,77,16,7460,1,1,16,1,1,0.5408843254995784,0.47008666061557386
SMAP,G-4,development,multi_context,64,cal995,0.014035970134257482,15,74,16,7463,1,1,16,1,1,0.5427717882104199,0.4713298076257337
MSL,M-1,development,multi_target,64,cal995,3.6617339202804677,0,0,1141,1072,1,0,0,0,0,0.12216633746255576,0.3516604727413732
MSL,M-1,development,multi_context,64,cal995,3.4079355299295053,0,0,1141,1072,1,0,0,0,0,0.12320790874723667,0.3394321170234382
MSL,M-3,development,multi_target,64,cal995,0.8581798634854114,67,202,184,1610,1,1,184,5,1,0.35009410481693537,0.12214157317433164
MSL,M-3,development,multi_context,64,cal995,0.8823493288858884,67,224,184,1588,1,1,184,6,1,0.3732399321038143,0.11700510074731862
MSL,M-4,development,multi_target,64,cal995,0.9341325539403124,102,87,149,1636,1,1,136,3,2,0.569952343845743,0.2741183914771549
MSL,M-4,development,multi_context,64,cal995,0.9527266762337003,116,88,135,1635,1,1,133,3,2,0.5864736064447954,0.2820364731594723
MSL,P-11,development,multi_target,64,cal995,0.8430091266129686,198,258,30,2985,2,2,30,15,2,0.9223604416530071,0.7898031184945882
MSL,P-11,development,multi_context,64,cal995,0.8997895572189739,177,110,51,3133,2,2,36,9,3,0.9312513862516296,0.8071444881247428
MSL,P-15,development,multi_target,64,cal995,0.5203860176917342,14,2322,7,449,1,1,7,7,1,0.332680311388359,0.00567862409376595
MSL,P-15,development,multi_context,64,cal995,0.5115767550496808,14,2266,7,505,1,1,7,6,1,0.3504665669948961,0.005809535713160653
SMAP,P-3,development,multi_target,64,cal995,0.5298394929333243,1070,0,266,7093,1,1,22,3,3,0.9674546297226498,0.9483312904241133
SMAP,P-3,development,multi_context,64,cal995,0.5495661612716359,1059,0,277,7093,1,1,21,3,3,0.9666190669556137,0.9386317183298822
MSL,T-4,development,multi_target,64,cal995,0.9795757315664089,0,41,69,2043,1,0,0,5,0,0.5016829397201591,0.03518679764634434
MSL,T-4,development,multi_context,64,cal995,1.0733241341831201,0,0,69,2084,1,0,0,0,0,0.3785849397757935,0.025388532179493314
SMAP,A-1,development,dae,16,cal995,1e-06,85,8491,0,0,1,1,0,1,1,0.4849466909599784,0.071554964064856
SMAP,A-1,development,usad,1,cal995,0.027678443118929863,25,39,60,8452,1,1,60,1,1,0.6447366415651173,0.1138309020905682
SMAP,A-7,development,dae,16,cal995,1.712442313022559,0,147,2401,6019,1,0,0,5,0,0.822319411457249,0.48043479757783203
SMAP,A-7,development,usad,1,cal995,2.420655159950256,0,164,2401,6002,1,0,0,4,0,0.08702180124699367,0.16032353220685286
SMAP,D-11,development,dae,16,cal995,2.082658122985988,21,42,40,7264,1,1,40,1,1,0.4708885129222332,0.11159205711613347
SMAP,D-11,development,usad,1,cal995,31.520326614379883,0,0,61,7306,1,0,0,0,0,0.27181117698007023,0.006461783473793941
SMAP,D-13,development,dae,16,cal995,1e-06,139,2432,22,5006,1,1,22,1,1,0.6270469420918934,0.026833774877298083
SMAP,D-13,development,usad,1,cal995,0.037412334233522415,139,2432,22,5006,1,1,22,1,1,0.6270469420918934,0.027342073629325035
MSL,D-15,development,dae,16,cal995,1.4076922097248468,228,100,413,1353,1,1,91,7,4,0.8203566133010082,0.6373073782532658
MSL,D-15,development,usad,1,cal995,1.7686689496040344,144,120,497,1333,1,1,89,30,19,0.7843441886333402,0.5049565810413886
SMAP,D-3,development,dae,16,cal995,0.0004102529819360453,3276,389,0,4911,1,1,0,1,1,0.9737735849056603,0.8643089961787298
SMAP,D-3,development,usad,1,cal995,0.027161001861095428,3275,4231,1,1069,1,1,0,13,2,0.9524193390466975,0.8482094000804087
SMAP,D-5,development,dae,16,cal995,1e-06,51,7513,0,0,1,1,0,1,1,0.035762847665353904,0.003492818998569912
SMAP,D-5,development,usad,1,cal995,0.028944348022341727,51,7513,0,0,1,1,0,1,1,0.03137046113533926,0.0034842523298137568
SMAP,D-7,development,dae,16,cal995,1e-06,2604,0,98,4876,1,1,98,1,1,0.9818652849740932,0.9766627420252517
SMAP,D-7,development,usad,1,cal995,0.028918663039803505,2604,0,98,4876,1,1,98,1,1,0.9818652849740932,0.9766627420252517
SMAP,D-8,development,dae,16,cal995,1e-06,35,118,16,7641,1,1,16,1,1,0.7705713036600128,0.2322814563281868
SMAP,D-8,development,usad,1,cal995,0.028918659314513206,35,29,16,7730,1,1,16,1,1,0.841049862398884,0.3582761570596166
SMAP,D-9,development,dae,16,cal995,1e-06,933,0,223,6186,1,1,223,1,1,0.9035467128027681,0.8374666209201644
SMAP,D-9,development,usad,1,cal995,0.028918663039803505,933,0,223,6186,1,1,223,1,1,0.9035467128027681,0.8374666209201644
SMAP,E-6,development,dae,16,cal995,2.1391623826138687e-05,61,244,5,7926,1,1,5,12,1,0.9796706353621898,0.7107639131574841
SMAP,E-6,development,usad,1,cal995,0.02807467430830002,61,14,5,8156,1,1,5,1,1,0.938830162085976,0.886071852600539
SMAP,E-8,development,dae,16,cal995,0.31193278152315596,5,0,618,7845,1,1,450,1,1,0.596541335076579,0.4456743884194414
SMAP,E-8,development,usad,1,cal995,1.7249936842918396,199,25,424,7820,1,1,283,2,1,0.7046688088946451,0.4623839673376346
MSL,F-5,development,dae,16,cal995,0.07024472320485317,121,766,30,2941,1,1,30,15,1,0.8592103359136198,0.5917272595477955
MSL,F-5,development,usad,1,cal995,0.10503267496824265,124,2419,27,1288,1,1,27,19,1,0.8523645081705098,0.7857988152805798
SMAP,G-1,development,dae,16,cal995,0.24959191457316848,0,0,121,8284,1,0,0,0,0,0.14715512528382904,0.00819945701837724
SMAP,G-1,development,usad,1,cal995,3.643505679368973,0,711,121,7573,1,0,0,7,0,0.3985508258476961,0.011670872244977405
SMAP,G-4,development,dae,16,cal995,0.00010174237444731384,15,262,16,7275,1,1,16,29,1,0.6561308298415987,0.06031683656872598
SMAP,G-4,development,usad,1,cal995,0.044132255837321284,15,117,16,7420,1,1,16,59,1,0.6611341040116072,0.11644204087668024
MSL,M-1,development,dae,16,cal995,1.7674022266032785,27,296,1114,776,1,1,58,5,1,0.15523745209099113,0.346436209932494
MSL,M-1,development,usad,1,cal995,7.556964540481568,20,279,1121,793,1,1,15,16,1,0.11858051983727287,0.3386391341008342
MSL,M-3,development,dae,16,cal995,0.8613264893420532,21,38,230,1774,1,1,186,5,2,0.31176618031186515,0.17456053496143997
MSL,M-3,development,usad,1,cal995,2.0165555512905122,68,331,183,1481,1,1,183,4,1,0.6282002233890047,0.18593400930590706
MSL,M-4,development,dae,16,cal995,1.2625975040957977,12,42,239,1681,1,1,182,2,1,0.5443923666910998,0.21810403364582784
MSL,M-4,development,usad,1,cal995,1.9139847683906555,131,286,120,1437,1,1,120,5,1,0.7686260182716609,0.34830187650830624
MSL,P-11,development,dae,16,cal995,0.5693690754592635,151,156,77,3087,2,2,77,3,2,0.87260415145171,0.478014795846885
MSL,P-11,development,usad,1,cal995,1.2033380788564683,195,857,33,2386,2,2,33,12,2,0.9000735727694196,0.7233840584344514
MSL,P-15,development,dae,16,cal995,0.1748336621365019,14,2346,7,425,1,1,7,6,1,0.5546218487394957,0.035190156793921235
MSL,P-15,development,usad,1,cal995,1.850383768081665,14,2342,7,429,1,1,7,6,1,0.3404134659998969,0.0057344491049420064
SMAP,P-3,development,dae,16,cal995,0.14515349744146944,1133,0,203,7093,1,1,17,2,2,0.9288410349750239,0.9138387799798664
SMAP,P-3,development,usad,1,cal995,1.6889616680145259,676,0,660,7093,1,1,114,22,22,0.9312608217936045,0.8988972558016365
MSL,T-4,development,dae,16,cal995,0.8916678348678356,0,1,69,2083,1,0,0,1,0,0.6949915157584355,0.04706586351234721
MSL,T-4,development,usad,1,cal995,1.093227756023407,28,47,41,2037,1,1,41,8,1,0.6358452251801163,0.40665808760801064
SMAP,A-1,development,trajectory_lof20,64,cal995,1.0,85,8491,0,0,1,1,0,1,1,0.4837495756752825,0.0464221857115666
SMAP,A-1,development,trajectory_lof50,64,cal995,1.0,85,8491,0,0,1,1,0,1,1,0.4837495756752825,0.0464221857115666
SMAP,A-1,development,subspace_lof50,1,cal995,1.0,85,8491,0,0,1,1,0,1,1,0.6441810359758083,0.10308768909585982
SMAP,A-1,development,trajectory_gaussian_fixed,1,cal995,1e-06,85,8491,0,0,1,1,0,1,1,0.6447622742419309,0.12188597453906937
SMAP,A-1,development,hankel_pca_fixed,64,cal995,1e-06,85,8491,0,0,1,1,0,1,1,0.4837495756752825,0.0464221857115666
SMAP,A-7,development,trajectory_lof20,64,cal995,1.5057944416950102,122,30,2279,6136,1,1,2268,2,2,0.9212174811473703,0.7607001995763336
SMAP,A-7,development,trajectory_lof50,64,cal995,1.3960229099068122,0,38,2401,6128,1,0,0,2,0,0.8617134740727961,0.5709970961671476
SMAP,A-7,development,subspace_lof50,1,cal995,1.397012214743525,192,205,2209,5961,1,1,2156,14,2,0.8678608342858547,0.5919913153623998
SMAP,A-7,development,trajectory_gaussian_fixed,1,cal995,104.60830708555164,0,314,2401,5852,1,0,0,65,0,0.036702055298345124,0.15633439526387624
SMAP,A-7,development,hankel_pca_fixed,64,cal995,0.059980781676590815,0,3183,2401,2983,1,0,0,21,0,0.005932764256648916,0.15558745274915023
SMAP,D-11,development,trajectory_lof20,64,cal995,22700.961277116054,0,0,61,7306,1,0,0,0,0,0.43092809413327465,0.0071372290825671815
SMAP,D-11,development,trajectory_lof50,64,cal995,15.14683581797461,61,3583,0,3723,1,1,0,2,1,0.8691486449493567,0.10917019634202971
SMAP,D-11,development,subspace_lof50,1,cal995,20.484269256664,45,3309,16,3997,1,1,0,5,3,0.6555267846324377,0.024637421047130348
SMAP,D-11,development,trajectory_gaussian_fixed,1,cal995,2399.1739744601496,29,34,32,7272,1,1,32,1,1,0.48501792822427564,0.21439232769553757
SMAP,D-11,development,hankel_pca_fixed,64,cal995,1.157377715183876,18,86,43,7220,1,1,43,1,1,0.7799944352945928,0.07457960776963646
SMAP,D-13,development,trajectory_lof20,64,cal995,1.0,139,2432,22,5006,1,1,22,1,1,0.6270469420918934,0.026833774877298086
SMAP,D-13,development,trajectory_lof50,64,cal995,1.0,139,2432,22,5006,1,1,22,1,1,0.6270469420918934,0.026833774877298086
SMAP,D-13,development,subspace_lof50,1,cal995,1.0,139,2432,22,5006,1,1,22,1,1,0.6270469420918934,0.027342073629325035
SMAP,D-13,development,trajectory_gaussian_fixed,1,cal995,1e-06,139,2432,22,5006,1,1,22,1,1,0.6270469420918934,0.027342073629325035
SMAP,D-13,development,hankel_pca_fixed,64,cal995,1e-06,139,2432,22,5006,1,1,22,1,1,0.6270469420918934,0.026833774877298086
MSL,D-15,development,trajectory_lof20,64,cal995,6.237174148225251,413,55,228,1398,1,1,100,7,6,0.9003589324577801,0.8439318731216967
MSL,D-15,development,trajectory_lof50,64,cal995,4.94900519888637,547,17,94,1436,1,1,89,2,2,0.9691412570473912,0.9311984518675183
MSL,D-15,development,subspace_lof50,1,cal995,13.5945812999555,23,5,618,1448,1,1,90,16,16,0.8153586157210914,0.6461079973533758
MSL,D-15,development,trajectory_gaussian_fixed,1,cal995,133.22618313205095,180,56,461,1397,1,1,86,45,37,0.8321907549392134,0.6475352380409575
MSL,D-15,development,hankel_pca_fixed,64,cal995,0.09785992576743012,398,140,243,1313,1,1,100,7,2,0.9131003368145738,0.8387635025159006
SMAP,D-3,development,trajectory_lof20,64,cal995,47.18213938756078,3276,406,0,4894,1,1,0,1,1,0.9737735849056603,0.8643089961787298
SMAP,D-3,development,trajectory_lof50,64,cal995,19.536620521379785,3276,406,0,4894,1,1,0,1,1,0.9737735849056603,0.8643089961787298
SMAP,D-3,development,subspace_lof50,1,cal995,20.198578445504772,3276,382,0,4918,1,1,0,1,1,0.9737735849056603,0.8643089961787297
SMAP,D-3,development,trajectory_gaussian_fixed,1,cal995,16.58125964223599,3276,381,0,4919,1,1,0,1,1,0.9741493883475015,0.8735631128606147
SMAP,D-3,development,hankel_pca_fixed,64,cal995,1e-06,3191,139,85,5161,1,1,85,1,1,0.967299398714493,0.9405946914021668
SMAP,D-5,development,trajectory_lof20,64,cal995,1.9014116996240462,51,7513,0,0,1,1,0,1,1,0.05045111349477897,0.0035276378262270695
SMAP,D-5,development,trajectory_lof50,64,cal995,1.9575288691950832,51,7513,0,0,1,1,0,1,1,0.049501126152577346,0.003524453368766937
SMAP,D-5,development,subspace_lof50,1,cal995,2.7080013983345594,51,7513,0,0,1,1,0,1,1,0.03198638699456888,0.0034848015271788236
SMAP,D-5,development,trajectory_gaussian_fixed,1,cal995,4.187901974131598,51,7513,0,0,1,1,0,1,1,0.4789241132364033,0.2861992454843544
SMAP,D-5,development,hankel_pca_fixed,64,cal995,1e-06,51,7513,0,0,1,1,0,1,1,0.7666919822634232,0.16225482810646746
SMAP,D-7,development,trajectory_lof20,64,cal995,1.0,2604,0,98,4876,1,1,98,1,1,0.9818652849740932,0.9766627420252517
SMAP,D-7,development,trajectory_lof50,64,cal995,1.0,2604,0,98,4876,1,1,98,1,1,0.9818652849740932,0.9766627420252517
SMAP,D-7,development,subspace_lof50,1,cal995,1.0,2604,0,98,4876,1,1,98,1,1,0.9818652849740932,0.9766627420252517
SMAP,D-7,development,trajectory_gaussian_fixed,1,cal995,1e-06,2604,0,98,4876,1,1,98,1,1,0.9818652849740932,0.9766627420252517
SMAP,D-7,development,hankel_pca_fixed,64,cal995,1e-06,2604,0,98,4876,1,1,98,1,1,0.9818652849740932,0.9766627420252517
SMAP,D-8,development,trajectory_lof20,64,cal995,1.0,35,3453,16,4306,1,1,16,1,1,0.768117480269592,0.1507642376383851
SMAP,D-8,development,trajectory_lof50,64,cal995,1.0,35,3453,16,4306,1,1,16,1,1,0.768117480269592,0.1507642376383851
SMAP,D-8,development,subspace_lof50,1,cal995,1.0,35,29,16,7730,1,1,16,1,1,0.8412684573765065,0.37735502811880195
SMAP,D-8,development,trajectory_gaussian_fixed,1,cal995,1e-06,35,29,16,7730,1,1,16,1,1,0.8412684573765065,0.37735502811880195
SMAP,D-8,development,hankel_pca_fixed,64,cal995,1e-06,35,377,16,7382,1,1,16,1,1,0.768117480269592,0.1507642376383851
SMAP,D-9,development,trajectory_lof20,64,cal995,1.0,933,0,223,6186,1,1,223,1,1,0.9035467128027681,0.8374666209201644
SMAP,D-9,development,trajectory_lof50,64,cal995,1.0,933,0,223,6186,1,1,223,1,1,0.9035467128027681,0.8374666209201644
SMAP,D-9,development,subspace_lof50,1,cal995,1.0,933,0,223,6186,1,1,223,1,1,0.9035467128027681,0.8374666209201644
SMAP,D-9,development,trajectory_gaussian_fixed,1,cal995,1e-06,933,0,223,6186,1,1,223,1,1,0.9035467128027681,0.8374666209201644
SMAP,D-9,development,hankel_pca_fixed,64,cal995,1e-06,933,0,223,6186,1,1,223,1,1,0.9035467128027681,0.8374666209201644
SMAP,E-6,development,trajectory_lof20,64,cal995,24.57975767185412,56,5830,10,2340,1,1,10,23,1,0.5989132450576758,0.0099137986165281
SMAP,E-6,development,trajectory_lof50,64,cal995,63.425996450023355,50,4620,16,3550,1,1,16,47,1,0.8065613293275472,0.7333441309097112
SMAP,E-6,development,subspace_lof50,1,cal995,684.7347943855932,2,12,64,8158,1,1,38,14,2,0.553239864990171,0.038928073699913066
SMAP,E-6,development,trajectory_gaussian_fixed,1,cal995,150.44785822968808,61,14,5,8156,1,1,5,1,1,0.9822354512072995,0.8934818099985627
SMAP,E-6,development,hankel_pca_fixed,64,cal995,1.0141686789930536e-06,61,354,5,7816,1,1,5,1,1,0.972259931011461,0.47016482920203617
SMAP,E-8,development,trajectory_lof20,64,cal995,1.7022086265641043,155,3636,468,4209,1,1,344,50,2,0.2904400774639458,0.05056175869187797
SMAP,E-8,development,trajectory_lof50,64,cal995,1.4720229098982218,214,1486,409,6359,1,1,301,30,1,0.47668378198380135,0.11049491818234208
SMAP,E-8,development,subspace_lof50,1,cal995,1.9012303287658099,63,1009,560,6836,1,1,370,62,3,0.5208533719630031,0.07591468268406845
SMAP,E-8,development,trajectory_gaussian_fixed,1,cal995,64.6561072334098,0,0,623,7845,1,0,0,0,0,0.7747712245789458,0.49110467014472803
SMAP,E-8,development,hankel_pca_fixed,64,cal995,0.03997839892489759,0,0,623,7845,1,0,0,0,0,0.7251462167783306,0.37945713901267736
MSL,F-5,development,trajectory_lof20,64,cal995,2.6458584082508523,0,0,151,3707,1,0,0,0,0,0.6974401392032614,0.12803624882893616
MSL,F-5,development,trajectory_lof50,64,cal995,1.759454357545585,119,570,32,3137,1,1,32,14,1,0.9093981852839714,0.4204443195840151
MSL,F-5,development,subspace_lof50,1,cal995,2.2579794766664754,121,491,30,3216,1,1,30,27,1,0.8688073574783344,0.5973818701788689
MSL,F-5,development,trajectory_gaussian_fixed,1,cal995,19.275356665202906,124,542,27,3165,1,1,27,56,1,0.8925926786087535,0.6202122528144054
MSL,F-5,development,hankel_pca_fixed,64,cal995,0.022436266647911835,129,934,22,2773,1,1,0,11,2,0.9295229894400606,0.39888232718096533
SMAP,G-1,development,trajectory_lof20,64,cal995,1.924520137986021,0,807,121,7477,1,0,0,3,0,0.3870779477315626,0.010738745837692718
SMAP,G-1,development,trajectory_lof50,64,cal995,1.7796836318952556,0,1006,121,7278,1,0,0,3,0,0.5044814059563193,0.013748836424373152
SMAP,G-1,development,subspace_lof50,1,cal995,1.29724761178962,0,0,121,8284,1,0,0,0,0,0.40599921784900495,0.011353370326069784
SMAP,G-1,development,trajectory_gaussian_fixed,1,cal995,100.9935304604398,0,0,121,8284,1,0,0,0,0,0.23416842584131115,0.008762620298504964
SMAP,G-1,development,hankel_pca_fixed,64,cal995,0.06621102685103993,0,0,121,8284,1,0,0,0,0,0.3871577590575879,0.011492841836832851
SMAP,G-4,development,trajectory_lof20,64,cal995,1.1286235190530427,15,241,16,7296,1,1,16,1,1,0.6901137185583379,0.03916123165201693
SMAP,G-4,development,trajectory_lof50,64,cal995,1.1224664923550194,15,240,16,7297,1,1,16,1,1,0.7335510406724676,0.03844198840501183
SMAP,G-4,development,subspace_lof50,1,cal995,1.2774112903463197,15,76,16,7461,1,1,16,16,1,0.6309389805989377,0.19508970537825243
SMAP,G-4,development,trajectory_gaussian_fixed,1,cal995,100.83728986171815,15,176,16,7361,1,1,16,83,1,0.632984801859215,0.07890115440527284
SMAP,G-4,development,hankel_pca_fixed,64,cal995,6.036563823522394e-06,15,462,16,7075,1,1,16,7,1,0.7981741687246144,0.03458943725072609
MSL,M-1,development,trajectory_lof20,64,cal995,2.538677071302731,1044,969,97,103,1,1,0,8,4,0.34322308265857393,0.4031201335980591
MSL,M-1,development,trajectory_lof50,64,cal995,2.031515102942052,973,841,168,231,1,1,25,10,6,0.34838597328868365,0.4044483181360536
MSL,M-1,development,subspace_lof50,1,cal995,4.280671977642115,3,203,1138,869,1,1,71,13,3,0.19083482674271063,0.35472673656606296
MSL,M-1,development,trajectory_gaussian_fixed,1,cal995,525.4092280517557,3,129,1138,943,1,1,1,25,3,0.14980721938074743,0.34550950455768364
MSL,M-1,development,hankel_pca_fixed,64,cal995,0.3085725395951895,18,207,1123,865,1,1,0,4,1,0.1575805787015841,0.34616619999557274
MSL,M-3,development,trajectory_lof20,64,cal995,299.5265389816272,0,286,251,1526,1,0,0,11,0,0.06140998918234347,0.06711424442182679
MSL,M-3,development,trajectory_lof50,64,cal995,520.3757903355513,0,0,251,1812,1,0,0,0,0,0.16394906027105705,0.07139742927962728
MSL,M-3,development,subspace_lof50,1,cal995,432.24625815692724,36,386,215,1426,1,1,14,60,6,0.4327326455766339,0.1004457687461503
MSL,M-3,development,trajectory_gaussian_fixed,1,cal995,87.77994301985865,39,231,212,1581,1,1,212,18,1,0.30905297133760756,0.10344293332600454
MSL,M-3,development,hankel_pca_fixed,64,cal995,0.11742775108601068,0,96,251,1716,1,0,0,3,0,0.22605823944838746,0.078843872913707
MSL,M-4,development,trajectory_lof20,64,cal995,66.4086257910884,0,1113,251,610,1,0,0,9,0,0.017284316015103836,0.06720677678650556
MSL,M-4,development,trajectory_lof50,64,cal995,238.33002726039018,0,777,251,946,1,0,0,10,0,0.10579619999398805,0.07209542051668882
MSL,M-4,development,subspace_lof50,1,cal995,650.1770077832765,0,74,251,1649,1,0,0,17,0,0.23655580810825186,0.07857768243398328
MSL,M-4,development,trajectory_gaussian_fixed,1,cal995,175.77553446851744,0,249,251,1474,1,0,0,18,0,0.28383737250649177,0.08561953265430539
MSL,M-4,development,hankel_pca_fixed,64,cal995,0.16922717082189362,0,95,251,1628,1,0,0,2,0,0.2239584898941668,0.0772635248180102
MSL,P-11,development,trajectory_lof20,64,cal995,1.4954879502300582,179,478,49,2765,2,2,26,6,3,0.9171995282687138,0.38135751553309155
MSL,P-11,development,trajectory_lof50,64,cal995,1.2448973186759424,139,216,89,3027,2,2,89,4,2,0.8549886124500273,0.5373722470694504
MSL,P-11,development,subspace_lof50,1,cal995,1.8689562079031752,142,49,86,3194,2,2,67,18,5,0.9133207285868077,0.6493709291797497
MSL,P-11,development,trajectory_gaussian_fixed,1,cal995,139.7495067172041,157,322,71,2921,2,2,69,16,4,0.9159038901601831,0.4369091084078875
MSL,P-11,development,hankel_pca_fixed,64,cal995,0.09290676057636099,129,547,99,2696,2,2,99,6,2,0.7988596220739947,0.19701232978771724
MSL,P-15,development,trajectory_lof20,64,cal995,1.212180820423761,21,2583,0,188,1,1,0,2,1,0.35055249093502433,0.005735922225582798
MSL,P-15,development,trajectory_lof50,64,cal995,1.1785856291466028,21,2607,0,164,1,1,0,2,1,0.3338660617621282,0.005577423182743608
MSL,P-15,development,subspace_lof50,1,cal995,1.32070902799508,19,2379,2,392,1,1,2,12,1,0.5384337784193431,0.04447927222162273
MSL,P-15,development,trajectory_gaussian_fixed,1,cal995,92.7293192608208,14,1990,7,781,1,1,7,44,1,0.7390833634067124,0.15422522224242383
MSL,P-15,development,hankel_pca_fixed,64,cal995,0.06107096753819208,21,2162,0,609,1,1,0,8,1,0.7288927841075079,0.04694323975971237
SMAP,P-3,development,trajectory_lof20,64,cal995,1.0729347728693899,1336,7093,0,0,1,1,0,1,1,0.9614846508871444,0.9418602709041856
SMAP,P-3,development,trajectory_lof50,64,cal995,1.0314808563290896,1336,7093,0,0,1,1,0,1,1,0.960909634277195,0.9396437865353275
SMAP,P-3,development,subspace_lof50,1,cal995,1.26638920777133,1119,0,217,7093,1,1,16,2,2,0.9267426833911481,0.8947255705147817
SMAP,P-3,development,trajectory_gaussian_fixed,1,cal995,86.06954386384257,1120,0,216,7093,1,1,15,2,2,0.8664175948117865,0.8701821893880141
SMAP,P-3,development,hankel_pca_fixed,64,cal995,0.055129882022716924,1211,45,125,7048,1,1,22,2,2,0.9960733404191195,0.9869199962168842
MSL,T-4,development,trajectory_lof20,64,cal995,1.2135053021261717,0,0,69,2084,1,0,0,0,0,0.5425811566385713,0.032245736877249756
MSL,T-4,development,trajectory_lof50,64,cal995,1.1238077949490983,0,0,69,2084,1,0,0,0,0,0.3943155581518262,0.024535885875229244
MSL,T-4,development,subspace_lof50,1,cal995,1.3558161376772502,0,5,69,2079,1,0,0,4,0,0.7847297560432835,0.07441733351487738
MSL,T-4,development,trajectory_gaussian_fixed,1,cal995,125.27385625308109,25,47,44,2037,1,1,44,15,1,0.9202689921833709,0.350272490182199
MSL,T-4,development,hankel_pca_fixed,64,cal995,0.07553240402525038,69,585,0,1499,1,1,0,6,1,0.8993504687195749,0.14440035371090193
