dataset,method,channels,f1,precision,recall,fpr,event_recall,alert_precision,delay_detected,macro_ap,tp,fp,fn,tn,hits,events,alerts,hit_alerts,delay_sum
MSL,dae,8,0.16233031674208145,0.13290113452188007,0.20849981837994916,0.20962776378393508,0.8888888888888888,0.2727272727272727,78.875,0.31605077906174706,574,3745,2179,14120,8,9,44,12,631
MSL,gru_context,8,0.2627660963823952,0.20513866231647634,0.36541954231747187,0.21819199552197033,0.8888888888888888,0.1744186046511628,61.875,0.4029864793695642,1006,3898,1747,13967,8,9,86,15,495
MSL,gru_target,8,0.1914505956552207,0.15586490187129165,0.24809298946603706,0.2070528967254408,0.8888888888888888,0.25,63.75,0.4014210368242161,683,3699,2070,14166,8,9,76,19,510
MSL,hankel_pca_fixed,8,0.18447422431486177,0.13815551537070525,0.2775154377043226,0.26677861740834036,0.7777777777777778,0.19148936170212766,28.428571428571427,0.2660344188353109,764,4766,1989,13099,7,9,47,9,199
MSL,iforest,8,0.1954189620179762,0.16260554885404102,0.244823828550672,0.19429051217464316,0.7777777777777778,0.23529411764705882,77.28571428571429,0.34781642871144886,674,3471,2079,14394,7,9,119,28,541
MSL,multi_context,8,0.21512151215121514,0.18323536928188092,0.2604431529240828,0.17889728519451442,0.7777777777777778,0.36538461538461536,64.85714285714286,0.39373969887570465,717,3196,2036,14669,7,9,52,19,454
MSL,multi_target,8,0.18801766979569298,0.1516366065464262,0.2473665092626226,0.21326616288832914,0.7777777777777778,0.29333333333333333,67.14285714285714,0.3827254085752707,681,3810,2072,14055,7,9,75,22,470
MSL,pca,8,0.13291423439604852,0.11303462321792261,0.16127860515800943,0.19501819199552198,0.5555555555555556,0.2727272727272727,70.6,0.22962890975783445,444,3484,2309,14381,5,9,77,21,353
MSL,subsequence_knn,8,0.15185303175108847,0.10729291716686674,0.25971667272066834,0.33299748110831234,0.8888888888888888,0.27906976744186046,67.25,0.3221955897244082,715,5949,2038,11916,8,9,43,12,538
MSL,subspace_lof50,8,0.10285543429511138,0.08739837398373984,0.1249545949872866,0.2010635320458998,0.7777777777777778,0.19161676646706588,39.142857142857146,0.3181884487743364,344,3592,2409,14273,7,9,167,32,274
MSL,trajectory_gaussian_fixed,8,0.15799446144876841,0.13193768257059396,0.19687613512531785,0.19960817240414216,0.8888888888888888,0.20253164556962025,55.75,0.34296578527823335,542,3566,2211,14299,8,9,237,48,446
MSL,trajectory_lof20,8,0.334950475035375,0.23204033048592634,0.6018888485288776,0.30696893366918554,0.5555555555555556,0.32558139534883723,25.2,0.24109355642411856,1657,5484,1096,12381,5,9,43,14,126
MSL,trajectory_lof50,8,0.37557411273486424,0.2635125238025487,0.653468942971304,0.28144416456759025,0.6666666666666666,0.2857142857142857,39.166666666666664,0.3083836869389158,1799,5028,954,12837,6,9,42,12,235
MSL,usad,8,0.14254774561921638,0.09777177582714382,0.2629858336360334,0.3739714525608732,1.0,0.27,57.22222222222222,0.4124258764230525,724,6681,2029,11184,9,9,100,27,515
MSL,zmax,8,0.11207373271889401,0.11377245508982035,0.11042499091899746,0.1325496781416177,0.6666666666666666,0.1746031746031746,102.33333333333333,0.323073911037117,304,2368,2449,15497,6,9,63,11,614
MSL,ztarget,8,0.2072278633038541,0.14814236653137683,0.3447148565201598,0.3054575986565911,0.8888888888888888,0.36,58.375,0.4689793721478437,949,5457,1804,12408,8,9,75,27,467
SMAP,dae,14,0.4166812074681556,0.29854264894985,0.6895470670736737,0.19645072226001362,0.8571428571428571,0.22807017543859648,73.91666666666667,0.4102444002307798,8358,19638,3763,80326,12,14,57,13,887
SMAP,gru_context,14,0.3075286968264686,0.19331904327341412,0.7515056513488986,0.3802368852787003,0.8571428571428571,0.08333333333333333,200.5,0.4782630565528381,9109,38010,3012,61954,12,14,240,20,2406
SMAP,gru_target,14,0.43550772792557185,0.29419601482854496,0.8380496658691527,0.24378776359489415,0.8571428571428571,0.3028169014084507,62.416666666666664,0.4979539399937403,10158,24370,1963,75594,12,14,142,43,749
SMAP,hankel_pca_fixed,14,0.3831810039957746,0.26548926014319807,0.6883095454170448,0.23090312512504502,0.7857142857142857,0.3076923076923077,48.18181818181818,0.3752707417656603,8343,23082,3778,76882,11,14,39,12,530
SMAP,iforest,14,0.08718071392499269,0.06430868167202572,0.13530236779143634,0.23870593413628907,0.6428571428571429,0.12077294685990338,178.33333333333334,0.17080939095573058,1640,23862,10481,76102,9,14,207,25,1605
SMAP,multi_context,14,0.37150366460821815,0.2506776630716881,0.7171850507383879,0.2599435796886879,0.8571428571428571,0.09359605911330049,221.16666666666666,0.49385365920933894,8693,25985,3428,73979,12,14,203,19,2654
SMAP,multi_target,14,0.37865649464416407,0.2589323627540188,0.7043148255094465,0.24441799047657156,0.8571428571428571,0.375,242.58333333333334,0.4919777015191354,8537,24433,3584,75531,12,14,40,15,2911
SMAP,pca,14,0.17477985661076065,0.11824855794441531,0.334873360283805,0.30277900044015843,0.7857142857142857,0.19047619047619047,39.81818181818182,0.16150572606282293,4059,30267,8062,69697,11,14,210,40,438
SMAP,subsequence_knn,14,0.36412963538006443,0.2270411282761994,0.919066083656464,0.37939658276979715,0.8571428571428571,0.16883116883116883,56.583333333333336,0.4110412876111011,11140,37926,981,62038,12,14,77,13,679
SMAP,subspace_lof50,14,0.38782908151706014,0.26732673267326734,0.7061298572725022,0.2346644792125165,0.9285714285714286,0.16666666666666666,227.30769230769232,0.35873914932199474,8559,23458,3562,76506,13,14,120,20,2955
SMAP,trajectory_gaussian_fixed,14,0.41893960304117633,0.3010240876965239,0.6887220526359211,0.19390980753071105,0.7857142857142857,0.07547169811320754,38.81818181818182,0.44383099748371985,8348,19384,3773,80580,11,14,159,12,427
SMAP,trajectory_lof20,14,0.28941833716726917,0.18069718295410248,0.7265902153287682,0.39946380697050937,0.8571428571428571,0.16091954022988506,249.75,0.3375756735384875,8807,39932,3314,60032,12,14,87,14,2997
SMAP,trajectory_lof50,14,0.28716894306555046,0.17898698128559803,0.7259302037785661,0.4037553519266936,0.8571428571428571,0.12903225806451613,57.666666666666664,0.38727314026329324,8799,40361,3322,59603,12,14,93,12,692
SMAP,usad,14,0.4525967974243836,0.3440827894194435,0.661084068971207,0.15280500980352926,0.7857142857142857,0.2894736842105263,76.0909090909091,0.4076802466198045,8013,15275,4108,84689,11,14,114,33,837
SMAP,zmax,14,0.08755129958960328,0.06763806440007196,0.12408217143800017,0.2073946620783482,0.6428571428571429,0.11688311688311688,160.44444444444446,0.2213778976822312,1504,20732,10617,79232,9,14,154,18,1444
SMAP,ztarget,14,0.3762847450761987,0.2714290931667945,0.6131507301377774,0.19956184226321474,0.7857142857142857,0.5405405405405406,100.18181818181819,0.4753367870725355,7432,19949,4689,80015,11,14,37,20,1102
