channel,split,n,prediction_mismatches,causal_prefix_pass
P-1,confirmation,8441,0,True
S-1,confirmation,7267,0,True
E-1,confirmation,8452,0,True
E-2,confirmation,8468,0,True
E-3,confirmation,8243,0,True
E-4,confirmation,8290,0,True
E-5,confirmation,8230,0,True
E-6,development,8236,0,True
E-7,confirmation,8246,0,True
E-8,development,8468,0,True
E-9,confirmation,8238,0,True
E-10,confirmation,8441,0,True
E-11,confirmation,8450,0,True
E-12,confirmation,8448,0,True
E-13,confirmation,8576,0,True
A-1,development,8576,0,True
D-1,confirmation,8445,0,True
P-3,development,8429,0,True
D-2,confirmation,8531,0,True
D-3,development,8576,0,True
D-4,confirmation,8409,0,True
A-2,confirmation,7850,0,True
A-3,confirmation,8141,0,True
A-4,confirmation,8016,0,True
G-1,development,8405,0,True
G-2,confirmation,7297,0,True
D-5,development,7564,0,True
D-6,confirmation,7820,0,True
D-7,development,7578,0,True
F-1,confirmation,8520,0,True
P-4,confirmation,7719,0,True
G-3,confirmation,7843,0,True
T-1,confirmation,8548,0,True
T-2,confirmation,8561,0,True
D-8,development,7810,0,True
D-9,development,7342,0,True
F-2,confirmation,8562,0,True
G-4,development,7568,0,True
T-3,confirmation,8515,0,True
D-11,development,7367,0,True
D-12,confirmation,7854,0,True
B-1,confirmation,7980,0,True
G-6,confirmation,8576,0,True
G-7,confirmation,7965,0,True
P-7,confirmation,8007,0,True
R-1,confirmation,7180,0,True
A-5,confirmation,4629,0,True
A-6,confirmation,4389,0,True
A-7,development,8567,0,True
D-13,development,7599,0,True
A-8,confirmation,8311,0,True
A-9,confirmation,8370,0,True
F-3,confirmation,8312,0,True
M-6,confirmation,1985,0,True
M-1,development,2213,0,True
M-2,confirmation,2213,0,True
S-2,confirmation,1763,0,True
P-10,confirmation,6036,0,True
T-4,development,2153,0,True
T-5,confirmation,2154,0,True
F-7,confirmation,4990,0,True
M-3,development,2063,0,True
M-4,development,1974,0,True
M-5,confirmation,2239,0,True
P-15,development,2792,0,True
C-1,confirmation,2200,0,True
C-2,confirmation,1987,0,True
T-12,confirmation,2366,0,True
T-13,confirmation,2366,0,True
F-4,confirmation,3358,0,True
F-5,development,3858,0,True
D-14,confirmation,2561,0,True
T-9,confirmation,1032,0,True
P-14,confirmation,6036,0,True
T-8,confirmation,1455,0,True
P-11,development,3471,0,True
D-15,development,2094,0,True
D-16,confirmation,2127,0,True
M-7,confirmation,2092,0,True
F-8,confirmation,2423,0,True
