var,k,split,ds,f1,fpr
0.8,10,development,SMAP,0.3306390649531895,0.309521427713977
0.8,10,development,MSL,0.049008544252780915,0.18460677301987125
0.8,10,confirmation,SMAP,0.4559299746825506,0.1339194628382765
0.8,10,confirmation,MSL,0.21433095087306614,0.3175328876428726
0.8,20,development,SMAP,0.35354754259300925,0.2813913008683126
0.8,20,development,MSL,0.06715288289528003,0.23901483347327176
0.8,20,confirmation,SMAP,0.4349315068493151,0.1506093150075121
0.8,20,confirmation,MSL,0.21395634798647403,0.3304291567824024
0.8,50,development,SMAP,0.3196369574298409,0.321395702452883
0.8,50,development,MSL,0.07572790181485833,0.25838231178281557
0.8,50,confirmation,SMAP,0.44039769166736814,0.1513512510897186
0.8,50,confirmation,MSL,0.22705565685508378,0.3322406728488247
0.8,100,development,SMAP,0.35435141866257014,0.2323836581169221
0.8,100,development,MSL,0.09305226393912935,0.2737755387629443
0.8,100,confirmation,SMAP,0.37441508239708843,0.10882718453805204
0.8,100,confirmation,MSL,0.23139519025321634,0.31138667241751133
0.9,10,development,SMAP,0.4165343615332275,0.29778720339322157
0.9,10,development,MSL,0.04424157303370786,0.15768261964735517
0.9,10,confirmation,SMAP,0.42874941729880917,0.1859180531597203
0.9,10,confirmation,MSL,0.23359782362276127,0.31196894543886133
0.9,20,development,SMAP,0.41607860990970486,0.29638669921171623
0.9,20,development,MSL,0.06571187868576242,0.16719843268961657
0.9,20,confirmation,SMAP,0.4349098428163387,0.17339046241166323
0.9,20,confirmation,MSL,0.24597056762438682,0.3237222342031486
0.9,50,development,SMAP,0.3297442053744575,0.3310891921091593
0.9,50,development,MSL,0.09504432495276849,0.21276238455079766
0.9,50,confirmation,SMAP,0.4381068184749166,0.1565596423868084
0.9,50,confirmation,MSL,0.26048830811554335,0.3282510243692042
0.9,100,development,SMAP,0.35384854748727523,0.24918970829498618
0.9,100,development,MSL,0.11172136637642331,0.24041421774419255
0.9,100,confirmation,SMAP,0.40463794974335215,0.08476619739209468
0.9,100,confirmation,MSL,0.2707703255648461,0.3111278844080224
0.95,10,development,SMAP,0.47725964306275187,0.22272017926453525
0.95,10,development,MSL,0.013228459063282088,0.15695493982647635
0.95,10,confirmation,SMAP,0.4388143871368389,0.18712369929330588
0.95,10,confirmation,MSL,0.21892512632062472,0.30998490403277984
0.95,20,development,SMAP,0.47426055792757116,0.22371053579288544
0.95,20,development,MSL,0.06377816291161179,0.15857822558074447
0.95,20,confirmation,SMAP,0.43767789055367595,0.1658264240535678
0.95,20,confirmation,MSL,0.2501542529748788,0.3200129394004744
0.95,50,development,SMAP,0.38782908151706014,0.2346644792125165
0.95,50,development,MSL,0.10285543429511138,0.2010635320458998
0.95,50,confirmation,SMAP,0.48238433449701057,0.12266429247120361
0.95,50,confirmation,MSL,0.26585042167901024,0.32868233771835237
0.95,100,development,SMAP,0.4043728976453628,0.2109159297347045
0.95,100,development,MSL,0.10461285008237232,0.23229778897285194
0.95,100,confirmation,SMAP,0.4226709795481784,0.06908537829465991
0.95,100,confirmation,MSL,0.27055449330783937,0.3210265257709726
0.99,10,development,SMAP,0.40577025493782853,0.2231203233163939
0.99,10,development,MSL,0.02437403057832927,0.09543800727679821
0.99,10,confirmation,SMAP,0.4571018937778463,0.15744254632463414
0.99,10,confirmation,MSL,0.1889814516500207,0.31617425059305587
0.99,20,development,SMAP,0.41246562786434465,0.20794486014965388
0.99,20,development,MSL,0.1261335531739489,0.1003638399104394
0.99,20,confirmation,SMAP,0.4813964170877354,0.13026913731382042
0.99,20,confirmation,MSL,0.2223395827832057,0.32743152900582273
0.99,50,development,SMAP,0.40161438445550773,0.20955543995838502
0.99,50,development,MSL,0.09105290912286869,0.1498460677301987
0.99,50,confirmation,SMAP,0.49618359506364074,0.11577541594791609
0.99,50,confirmation,MSL,0.26262798634812284,0.3310114298037524
0.99,100,development,SMAP,0.38039135100577665,0.23354407586731224
0.99,100,development,MSL,0.14483526977558492,0.17212426532325778
0.99,100,confirmation,SMAP,0.4069714037080906,0.08653571494815722
0.99,100,confirmation,MSL,0.2729589594867739,0.3156998059089929
