candidate,comparator,dataset,delta_f1,ci_low,ci_high,bootstrap_n
subspace_lof50,subsequence_knn,SMAP,0.10886185675961407,0.031372731906799685,0.17966931167291197,5000
subspace_lof50,subsequence_knn,MSL,0.021041914098353487,-0.014643584503937816,0.09561041863051244,5000
subspace_lof50,subsequence_knn,equal_weight_mean,0.06495188542898378,0.021500117181479043,0.11341934522737653,5000
subspace_lof50,dae,SMAP,0.037125185857092624,-0.06005199137843962,0.13945350359092146,5000
subspace_lof50,dae,MSL,0.046218379626673356,-0.01123893667238593,0.1399662963261906,5000
subspace_lof50,dae,equal_weight_mean,0.04167178274188299,-0.01560935576911869,0.10965868442222021,5000
subspace_lof50,hankel_pca_fixed,SMAP,0.1596931855762635,0.013089330800964133,0.2897303385397892,5000
subspace_lof50,hankel_pca_fixed,MSL,-0.03766066984442151,-0.11586374224840847,0.08577462184594543,5000
subspace_lof50,hankel_pca_fixed,equal_weight_mean,0.06101625786592099,-0.020954108376319287,0.15160627268289772,5000
subspace_lof50,trajectory_lof50,SMAP,0.12412483452237172,0.05097008103412261,0.2013164504347094,5000
subspace_lof50,trajectory_lof50,MSL,0.02752661215520072,-0.0011490923908629108,0.09422514608438377,5000
subspace_lof50,trajectory_lof50,equal_weight_mean,0.07582572333878622,0.035662200941581776,0.12588765031485497,5000
