dataset,method,seed,channels,f1
MSL,gru_context,7,19,0.20282888046593325
MSL,gru_context,42,19,0.19708876585104482
MSL,gru_context,2026,19,0.20333120961135887
MSL,gru_target,7,19,0.22226257490466678
MSL,gru_target,42,19,0.2239275012789593
MSL,gru_target,2026,19,0.21898983992398216
SMAP,gru_context,7,39,0.371594207246192
SMAP,gru_context,42,39,0.37381597995341076
SMAP,gru_context,2026,39,0.35437528447883476
SMAP,gru_target,7,39,0.352264686830435
SMAP,gru_target,42,39,0.36224708987132015
SMAP,gru_target,2026,39,0.4051366225741045
