chan_id,spacecraft,anomaly_sequences,class,num_values,split
P-1,SMAP,"[[2149, 2349], [4536, 4844], [3539, 3779]]","[contextual, contextual, contextual]",8505,confirmation
S-1,SMAP,"[[5300, 5747]]",[point],7331,confirmation
E-1,SMAP,"[[5000, 5030], [5610, 6086]]","[contextual, contextual]",8516,confirmation
E-2,SMAP,"[[5598, 6995]]",[point],8532,confirmation
E-3,SMAP,"[[5094, 8306]]",[point],8307,confirmation
E-4,SMAP,"[[5450, 8261]]",[point],8354,confirmation
E-5,SMAP,"[[5600, 5920]]",[point],8294,confirmation
E-6,SMAP,"[[5610, 5675]]",[point],8300,development
E-7,SMAP,"[[5394, 5674]]",[point],8310,confirmation
E-8,SMAP,"[[5400, 6022]]",[point],8532,development
E-9,SMAP,"[[5550, 5900]]",[point],8302,confirmation
E-10,SMAP,"[[5000, 5050], [5601, 5871]]","[contextual, contextual]",8505,confirmation
E-11,SMAP,"[[5000, 5050], [5614, 5857]]","[contextual, contextual]",8514,confirmation
E-12,SMAP,"[[5610, 6141], [5000, 5050]]","[contextual, contextual]",8512,confirmation
E-13,SMAP,"[[5309, 5410], [5600, 5640], [6449, 6569]]","[contextual, contextual, contextual]",8640,confirmation
A-1,SMAP,"[[4690, 4774]]",[point],8640,development
D-1,SMAP,"[[5250, 8508]]",[point],8509,confirmation
P-3,SMAP,"[[5401, 6736]]",[point],8493,development
D-2,SMAP,"[[4319, 8536]]",[point],8595,confirmation
D-3,SMAP,"[[5225, 8500]]",[point],8640,development
D-4,SMAP,"[[5225, 8472]]",[point],8473,confirmation
A-2,SMAP,"[[4450, 4560]]",[contextual],7914,confirmation
A-3,SMAP,"[[4575, 4760]]",[contextual],8205,confirmation
A-4,SMAP,"[[4550, 4660]]",[contextual],8080,confirmation
G-1,SMAP,"[[4770, 4890]]",[contextual],8469,development
G-2,SMAP,"[[4030, 4070]]",[point],7361,confirmation
D-5,SMAP,"[[4800, 4850]]",[point],7628,development
D-6,SMAP,"[[4870, 4950]]",[point],7884,confirmation
D-7,SMAP,"[[4940, 7641]]",[point],7642,development
F-1,SMAP,"[[5392, 5492]]",[point],8584,confirmation
P-4,SMAP,"[[950, 1080], [2150, 2350], [4770, 4880]]","[point, point, point]",7783,confirmation
G-3,SMAP,"[[4200, 4250]]",[point],7907,confirmation
T-1,SMAP,"[[2399, 3898], [6550, 6585]]","[point, contextual]",8612,confirmation
T-2,SMAP,"[[6840, 8624]]",[point],8625,confirmation
D-8,SMAP,"[[4370, 4420]]",[point],7874,development
D-9,SMAP,"[[6250, 7405]]",[point],7406,development
F-2,SMAP,"[[5669, 8625]]",[point],8626,confirmation
G-4,SMAP,"[[4690, 4720]]",[point],7632,development
T-3,SMAP,"[[2098, 2180], [5200, 5300]]","[point, point]",8579,confirmation
D-11,SMAP,"[[4270, 4330]]",[point],7431,development
D-12,SMAP,"[[5178, 7917]]",[point],7918,confirmation
B-1,SMAP,"[[5060, 5130]]",[point],8044,confirmation
G-6,SMAP,"[[5600, 5700]]",[point],8640,confirmation
G-7,SMAP,"[[3650, 3750], [5050, 5100], [7560, 7675]]","[contextual, point, contextual]",8029,confirmation
P-7,SMAP,"[[4950, 6600]]",[contextual],8071,confirmation
R-1,SMAP,"[[4510, 4590]]",[point],7244,confirmation
A-5,SMAP,"[[2750, 2800]]",[point],4693,confirmation
A-6,SMAP,"[[1890, 1930]]",[point],4453,confirmation
A-7,SMAP,"[[6200, 8600]]",[contextual],8631,development
D-13,SMAP,"[[5070, 5230]]",[point],7663,development
A-8,SMAP,"[[4569, 8374]]",[contextual],8375,confirmation
A-9,SMAP,"[[4569, 8433]]",[contextual],8434,confirmation
F-3,SMAP,"[[5600, 5640]]",[contextual],8376,confirmation
M-6,MSL,"[[1850, 2030]]",[point],2049,confirmation
M-1,MSL,"[[1110, 2250]]",[contextual],2277,development
M-2,MSL,"[[1110, 2250]]",[contextual],2277,confirmation
S-2,MSL,"[[900, 910]]",[point],1827,confirmation
P-10,MSL,"[[4590, 4720]]",[point],6100,confirmation
T-4,MSL,"[[1172, 1240]]",[point],2217,development
T-5,MSL,"[[1200, 1225]]",[point],2218,confirmation
F-7,MSL,"[[1250, 1450], [2670, 2790], [3325, 3425]]","[contextual, contextual, contextual]",5054,confirmation
M-3,MSL,"[[1250, 1500]]",[contextual],2127,development
M-4,MSL,"[[1250, 1500]]",[contextual],2038,development
M-5,MSL,"[[1250, 1550]]",[contextual],2303,confirmation
P-15,MSL,"[[1390, 1410]]",[point],2856,development
C-1,MSL,"[[550, 750], [2100, 2210]]","[point, contextual]",2264,confirmation
C-2,MSL,"[[290, 390], [1540, 1575]]","[point, contextual]",2051,confirmation
T-12,MSL,"[[630, 750]]",[contextual],2430,confirmation
T-13,MSL,"[[690, 790], [1900, 2050]]","[contextual, contextual]",2430,confirmation
F-4,MSL,"[[2700, 2770]]",[point],3422,confirmation
F-5,MSL,"[[3550, 3700]]",[point],3922,development
D-14,MSL,"[[1630, 1650], [1800, 2000]]","[point, point]",2625,confirmation
T-9,MSL,"[[780, 810], [890, 970]]","[point, point]",1096,confirmation
P-14,MSL,"[[4575, 4755]]",[point],6100,confirmation
T-8,MSL,"[[870, 930], [1330, 1370]]","[contextual, contextual]",1519,confirmation
P-11,MSL,"[[1778, 1898], [1238, 1344]]","[point, point]",3535,development
D-15,MSL,"[[1500, 2140]]",[point],2158,development
D-16,MSL,"[[600, 1250]]",[contextual],2191,confirmation
M-7,MSL,"[[940, 1040]]",[point],2156,confirmation
F-8,MSL,"[[1950, 2486]]",[contextual],2487,confirmation
