dataset,channel,split,method,threshold,tp,fp,fn,tn,events,hits,delay_sum,alerts,hit_alerts,auroc,ap
SMAP,A-2,confirmation,zmax,12.561847686767578,0,37,111,7702,1,0,0,30,0,0.5198113218529292,0.020912435819372365
SMAP,A-2,confirmation,zmax_smooth,5.530964282701317,0,106,111,7633,1,0,0,27,0,0.39931247955540494,0.010977503956609437
SMAP,A-2,confirmation,ztarget,1.778077483177185,0,12,111,7727,1,0,0,11,0,0.5008905403659247,0.020442410214781503
SMAP,A-2,confirmation,ztarget_smooth,1.552703783848547,0,0,111,7739,1,0,0,0,0,0.4967504007431647,0.013100489904822134
SMAP,A-2,confirmation,pca,1.4029737353324891,0,63,111,7676,1,0,0,54,0,0.5907495556028958,0.02419517491669592
SMAP,A-2,confirmation,pca_smooth,0.26444277430712526,0,402,111,7337,1,0,0,41,0,0.3446961627605122,0.009759434284513334
SMAP,A-2,confirmation,iforest,0.7470720007719607,0,49,111,7690,1,0,0,43,0,0.5718008355946075,0.022705457988508777
SMAP,A-2,confirmation,iforest_smooth,0.5597976007555765,0,55,111,7684,1,0,0,34,0,0.49956520676251903,0.013070751131998
SMAP,A-2,confirmation,subsequence_knn,0.3961387716233731,98,1715,13,6024,1,1,8,201,2,0.9419600502427742,0.3705326625641828
SMAP,A-2,confirmation,subsequence_knn_smooth,0.3719162622604555,97,2502,14,5237,1,1,14,40,1,0.9323305732402515,0.35978090911497684
SMAP,A-2,confirmation,gru_target,1.1800056159496315,3,0,108,7739,1,1,14,2,2,0.2987466080889004,0.03770340116793839
SMAP,A-2,confirmation,gru_target_smooth,0.6413606991671801,0,0,111,7739,1,0,0,0,0,0.2857796418980034,0.0391633601812503
SMAP,A-2,confirmation,gru_context,1.063409960269928,4,13,107,7726,1,1,14,10,2,0.31572857260930653,0.03745579362385139
SMAP,A-2,confirmation,gru_context_smooth,0.617457798015385,0,2,111,7737,1,0,0,1,0,0.27596856450713536,0.02341232429956486
SMAP,A-3,confirmation,zmax,12.172994613647461,0,38,186,7917,1,0,0,30,0,0.6429637814859119,0.04107814828622573
SMAP,A-3,confirmation,zmax_smooth,5.849435680781169,0,76,186,7879,1,0,0,19,0,0.5247960638808351,0.022122416814702943
SMAP,A-3,confirmation,ztarget,2.1148788928985596,1,11,185,7944,1,1,48,12,1,0.6869957354203415,0.07372891146874538
SMAP,A-3,confirmation,ztarget_smooth,1.677661288693971,0,21,186,7934,1,0,0,2,0,0.6892094645282942,0.052613173185293426
SMAP,A-3,confirmation,pca,1.3094824135303489,0,45,186,7910,1,0,0,39,0,0.6681721105952163,0.043728029178409435
SMAP,A-3,confirmation,pca_smooth,0.2590256135405042,0,308,186,7647,1,0,0,22,0,0.3284841480640431,0.015478752888976962
SMAP,A-3,confirmation,iforest,0.7488002152103621,0,53,186,7902,1,0,0,44,0,0.6212394314794913,0.03700928343410067
SMAP,A-3,confirmation,iforest_smooth,0.5791750913955028,0,13,186,7942,1,0,0,6,0,0.5732716963024541,0.025378516474207188
SMAP,A-3,confirmation,subsequence_knn,0.3978887981176376,128,1064,58,6891,1,1,58,136,1,0.8058913376992897,0.43750233783959364
SMAP,A-3,confirmation,subsequence_knn_smooth,0.3917986236533588,126,1128,60,6827,1,1,60,31,1,0.7860951724417591,0.4200532409970714
SMAP,A-3,confirmation,gru_target,0.7732952266931515,9,58,177,7897,1,1,48,61,5,0.4926880368740833,0.06554470924236185
SMAP,A-3,confirmation,gru_target_smooth,0.31680028692030526,51,50,135,7905,1,1,48,25,5,0.5294600677196326,0.2752209339777757
SMAP,A-3,confirmation,gru_context,0.9687256169319134,9,38,177,7917,1,1,48,37,4,0.4815578894723681,0.05901764747069699
SMAP,A-3,confirmation,gru_context_smooth,0.5510438959359893,14,7,172,7948,1,1,59,3,1,0.503192690064408,0.15652650704059823
SMAP,A-4,confirmation,zmax,12.071755409240723,0,37,111,7868,1,0,0,30,0,0.730561111396026,0.03472634507300174
SMAP,A-4,confirmation,zmax_smooth,6.293222638780183,0,66,111,7839,1,0,0,22,0,0.6176897960579174,0.016724164990564176
SMAP,A-4,confirmation,ztarget,1.8847827911376953,0,127,111,7778,1,0,0,102,0,0.760243545253033,0.05397145268509913
SMAP,A-4,confirmation,ztarget_smooth,1.7812319014493636,0,0,111,7905,1,0,0,0,0,0.8455772660706248,0.0547709495374935
SMAP,A-4,confirmation,pca,1.425126038789749,0,34,111,7871,1,0,0,27,0,0.713924360793431,0.03523507159404677
SMAP,A-4,confirmation,pca_smooth,0.32919518314140134,0,254,111,7651,1,0,0,14,0,0.32408499581175104,0.009740913782579845
SMAP,A-4,confirmation,iforest,0.7566675499616814,0,19,111,7886,1,0,0,18,0,0.7008154264321247,0.031682424428600364
SMAP,A-4,confirmation,iforest_smooth,0.564539854244939,0,16,111,7889,1,0,0,12,0,0.615574587870603,0.016853127902260658
SMAP,A-4,confirmation,subsequence_knn,0.5415664350986481,101,983,10,6922,1,1,10,148,1,0.9352832908810138,0.4240954670564598
SMAP,A-4,confirmation,subsequence_knn_smooth,0.5147503845873693,98,1364,13,6541,1,1,13,32,1,0.9368469038298259,0.4135707677229833
SMAP,A-4,confirmation,gru_target,1.098025060892105,9,34,102,7871,1,1,9,39,6,0.41008370799642146,0.07139457011540967
SMAP,A-4,confirmation,gru_target_smooth,0.5028694064422815,20,9,91,7896,1,1,10,6,1,0.38548529554222155,0.21350471609476054
SMAP,A-4,confirmation,gru_context,1.1569856518507,10,37,101,7868,1,1,9,40,4,0.4089508863702412,0.06444537209469303
SMAP,A-4,confirmation,gru_context_smooth,0.5549755325508022,20,20,91,7885,1,1,10,7,1,0.3927084579836003,0.2118826885350247
SMAP,A-5,confirmation,zmax,0.505166232585907,43,1892,8,2686,1,1,7,2,2,0.749854376001165,0.47932374258861177
SMAP,A-5,confirmation,zmax_smooth,0.505166232585907,44,1892,7,2686,1,1,7,1,1,0.7814397930425994,0.5734029490924305
SMAP,A-5,confirmation,ztarget,0.0005070078372955338,44,1892,7,2686,1,1,7,1,1,0.7599602532144356,0.4798682527000465
SMAP,A-5,confirmation,ztarget_smooth,0.00025475039324361745,44,1893,7,2685,1,1,7,2,1,0.7411833234822981,0.5342285229243089
SMAP,A-5,confirmation,pca,8.0990556452889e-05,44,1892,7,2686,1,1,7,1,1,0.7599602532144356,0.4798682527000465
SMAP,A-5,confirmation,pca_smooth,8.09711676068062e-05,44,1892,7,2686,1,1,7,1,1,0.7978053606763805,0.6603138662013087
SMAP,A-5,confirmation,iforest,0.6981153249356711,44,1892,7,2686,1,1,7,1,1,0.7203783654134437,0.021197473359566132
SMAP,A-5,confirmation,iforest_smooth,0.5636342539946186,51,4450,0,128,1,1,0,86,1,0.5646784707766899,0.012645729692820335
SMAP,A-5,confirmation,subsequence_knn,0.0001679779388359748,51,4314,0,264,1,1,0,13,1,0.5223896898208825,0.011713663102273805
SMAP,A-5,confirmation,subsequence_knn_smooth,0.00013719875085801395,51,4578,0,0,1,1,0,1,1,0.5201175271331775,0.011684717024366052
SMAP,A-5,confirmation,gru_target,0.0004924172163009644,46,2369,5,2209,1,1,5,466,1,0.7574075501760338,0.4609340491535972
SMAP,A-5,confirmation,gru_target_smooth,0.0003865575468157867,44,1892,7,2686,1,1,7,1,1,0.7416116293612246,0.5366015252105657
SMAP,A-5,confirmation,gru_context,0.000990412086248398,46,2369,5,2209,1,1,5,466,1,0.7930618730672698,0.5818097154700781
SMAP,A-5,confirmation,gru_context_smooth,0.0008579078831133512,44,1892,7,2686,1,1,7,1,1,0.7412004557174552,0.5342288511387867
SMAP,A-6,confirmation,zmax,27.275611877441406,0,0,41,4348,1,0,0,0,0,0.7383377835618282,0.614621427681747
SMAP,A-6,confirmation,zmax_smooth,19.288941044730347,16,0,25,4348,1,1,23,2,2,0.8553413961002535,0.6163148469123528
SMAP,A-6,confirmation,ztarget,27.275611877441406,0,0,41,4348,1,0,0,0,0,0.7383377835618282,0.6145828673048412
SMAP,A-6,confirmation,ztarget_smooth,19.288941044730347,16,0,25,4348,1,1,23,2,2,0.8553077389099557,0.6163132611894067
SMAP,A-6,confirmation,pca,0.04947758838534355,0,0,41,4348,1,0,0,0,0,0.7383377835618282,0.6145828673048412
SMAP,A-6,confirmation,pca_smooth,0.028038689292097883,20,0,21,4348,1,1,21,1,1,0.9206812215316266,0.7133253846759986
SMAP,A-6,confirmation,iforest,0.5895262379694854,0,0,41,4348,1,0,0,0,0,0.4146341463414634,0.007952077490509206
SMAP,A-6,confirmation,iforest_smooth,0.5761440816499958,14,4348,27,0,1,1,0,2,2,0.15414993156371307,0.005448744067682398
SMAP,A-6,confirmation,subsequence_knn,9.629133720397949,41,1879,0,2469,1,1,0,1,1,0.9185580137770099,0.2954528912174235
SMAP,A-6,confirmation,subsequence_knn_smooth,6.475441728490054,41,1899,0,2449,1,1,0,1,1,0.9391954809612493,0.19432615915558218
SMAP,A-6,confirmation,gru_target,25.687788314819336,10,0,31,4348,1,1,13,7,7,0.758520878677048,0.6151526827058307
SMAP,A-6,confirmation,gru_target_smooth,17.757657137021855,17,0,24,4348,1,1,22,2,2,0.8901036641461171,0.6603538175408447
SMAP,A-6,confirmation,gru_context,25.632990264892577,11,0,30,4348,1,1,13,8,8,0.7409854825319182,0.6151536041125225
SMAP,A-6,confirmation,gru_context_smooth,17.856494701439274,17,0,24,4348,1,1,22,2,2,0.8898372113895932,0.6597702068999076
SMAP,A-8,confirmation,zmax,1.2994765043258667,0,58,3806,4447,1,0,0,23,0,0.9290199247289315,0.920884864209945
SMAP,A-8,confirmation,zmax_smooth,1.2994719141870092,0,313,3806,4192,1,0,0,17,0,0.873055337008042,0.7515223634399884
SMAP,A-8,confirmation,ztarget,1.2994765043258667,0,0,3806,4505,1,0,0,0,0,0.941537137168196,0.9559238921311745
SMAP,A-8,confirmation,ztarget_smooth,1.2994719141870092,0,0,3806,4505,1,0,0,0,0,0.9472542623569421,0.9666549608831378
SMAP,A-8,confirmation,pca,1.7191803635796532e-05,172,1060,3634,3445,1,1,3634,9,1,0.6436965291673933,0.5587561901212836
SMAP,A-8,confirmation,pca_smooth,1.7191414491507728e-05,165,1195,3641,3310,1,1,3641,2,1,0.6440840241152034,0.49888183833806027
SMAP,A-8,confirmation,iforest,0.5792821261391493,3245,2396,561,2109,1,1,0,111,36,0.8853638422421982,0.8975984779864081
SMAP,A-8,confirmation,iforest_smooth,0.5792821261391493,3598,2649,208,1856,1,1,0,25,1,0.9190896084982938,0.9442684586234579
SMAP,A-8,confirmation,subsequence_knn,0.00011211392906261608,3806,4505,0,0,1,1,0,1,1,0.049519830538031245,0.2866977058413813
SMAP,A-8,confirmation,subsequence_knn_smooth,0.0001102703230717314,3806,4505,0,0,1,1,0,1,1,0.049325354032391175,0.28446025138874353
SMAP,A-8,confirmation,gru_target,0.261956205368042,262,24,3544,4481,1,1,730,52,49,0.9315572759408448,0.9110591641618544
SMAP,A-8,confirmation,gru_target_smooth,0.2619521478494619,17,26,3789,4479,1,1,1733,2,1,0.942265527355312,0.9116049411458086
SMAP,A-8,confirmation,gru_context,0.4394962787628174,323,137,3483,4368,1,1,919,58,37,0.9093471200038727,0.8234453304810616
SMAP,A-8,confirmation,gru_context_smooth,0.4394916886239602,8,122,3798,4383,1,1,1742,12,1,0.9140943413723177,0.8297964490259754
SMAP,A-9,confirmation,zmax,1.288040690422058,0,57,3865,4448,1,0,0,23,0,0.8611176025488424,0.7183707099679206
SMAP,A-9,confirmation,zmax_smooth,1.2880637847675995,0,343,3865,4162,1,0,0,17,0,0.8160384681100343,0.6363239756157345
SMAP,A-9,confirmation,ztarget,1.288040690422058,0,0,3865,4505,1,0,0,0,0,0.8972907492465608,0.7577676790476785
SMAP,A-9,confirmation,ztarget_smooth,1.2880637847675995,0,0,3865,4505,1,0,0,0,0,0.8957666413486237,0.7485680876174872
SMAP,A-9,confirmation,pca,1.629795166081749e-05,3865,4058,0,447,1,1,0,10,1,0.9870216074420688,0.9417492160138919
SMAP,A-9,confirmation,pca_smooth,1.6299719269120353e-05,3865,4485,0,20,1,1,0,1,1,0.7582888640334946,0.5734060764955028
SMAP,A-9,confirmation,iforest,0.5615416991038115,0,57,3865,4448,1,0,0,23,0,0.00038100543739671126,0.29982214084948916
SMAP,A-9,confirmation,iforest_smooth,0.5615416991038115,0,55,3865,4450,1,0,0,10,0,0.00027550242435815886,0.2799279170007158
SMAP,A-9,confirmation,subsequence_knn,0.010222924649715423,3824,4505,41,0,1,1,0,2,2,0.020019153649890233,0.28025222601877287
SMAP,A-9,confirmation,subsequence_knn_smooth,0.010017031784137367,3830,4505,35,0,1,1,0,2,2,0.021100545175477006,0.2804126684729125
SMAP,A-9,confirmation,gru_target,0.3300086259841919,0,0,3865,4505,1,0,0,0,0,0.9747944284990229,0.9600658270330683
SMAP,A-9,confirmation,gru_target_smooth,0.33000936339883247,0,0,3865,4505,1,0,0,0,0,0.9734895107204442,0.956827492460512
SMAP,A-9,confirmation,gru_context,0.3026987361907959,3865,1885,0,2620,1,1,0,81,1,0.9848918766413055,0.9365168450818552
SMAP,A-9,confirmation,gru_context_smooth,0.30271864947150734,3865,1940,0,2565,1,1,0,28,1,0.9901969494869148,0.9559871661847197
SMAP,B-1,confirmation,zmax,0.27251550555229187,54,3027,17,4882,1,1,17,26,1,0.6834360569791235,0.015460550590651649
SMAP,B-1,confirmation,zmax_smooth,0.27251550555229187,71,7909,0,0,1,1,0,1,1,0.5247418255900302,0.008717361611917069
SMAP,B-1,confirmation,ztarget,1e-06,54,2913,17,4996,1,1,17,1,1,0.6961244009766019,0.015972733140188943
SMAP,B-1,confirmation,ztarget_smooth,1e-06,54,2913,17,4996,1,1,17,1,1,0.5560611106263323,0.009222060813646406
SMAP,B-1,confirmation,pca,1.5649269698769785e-05,0,113,71,7796,1,0,0,25,0,0.4929194588443545,0.008898358190249405
SMAP,B-1,confirmation,pca_smooth,1.5649269698769785e-05,71,7909,0,0,1,1,0,1,1,0.4485396383866481,0.008897243107769423
SMAP,B-1,confirmation,iforest,0.40747701974019745,0,114,71,7795,1,0,0,25,0,0.4927930206094323,0.008897243107769423
SMAP,B-1,confirmation,iforest_smooth,0.40747701974019745,71,7909,0,0,1,1,0,1,1,0.45517764572006575,0.008897243107769423
SMAP,B-1,confirmation,subsequence_knn,1e-06,54,2913,17,4996,1,1,17,1,1,0.5560611106263323,0.009222060813646406
SMAP,B-1,confirmation,subsequence_knn_smooth,1e-06,54,2913,17,4996,1,1,17,1,1,0.5560611106263323,0.009222060813646406
SMAP,B-1,confirmation,gru_target,1.119077205657959e-05,54,2913,17,4996,1,1,17,1,1,0.7713435754239688,0.4169895519499127
SMAP,B-1,confirmation,gru_target_smooth,1.119077205657959e-05,54,2913,17,4996,1,1,17,1,1,0.5560611106263323,0.009222060813646406
SMAP,B-1,confirmation,gru_context,7.0035457611083984e-06,54,3355,17,4554,1,1,17,14,1,0.6199925561715215,0.03860050257929876
SMAP,B-1,confirmation,gru_context_smooth,7.0035457611083984e-06,71,7909,0,0,1,1,0,1,1,0.5439969441125194,0.009222060813646408
MSL,C-1,confirmation,zmax,8.419554710388184,7,26,305,1862,2,1,7,29,7,0.5376534658843981,0.1579601920592158
MSL,C-1,confirmation,zmax_smooth,3.131096412176429,51,217,261,1671,2,1,0,35,5,0.5834250054324207,0.19516758503663903
MSL,C-1,confirmation,ztarget,1.596476969122887,49,93,263,1795,2,1,36,5,2,0.5708922411451542,0.20626934358061966
MSL,C-1,confirmation,ztarget_smooth,1.494608913184055,48,98,264,1790,2,1,0,4,2,0.6291727781399391,0.2347204457917449
MSL,C-1,confirmation,pca,0.20310324966907556,4,25,308,1863,2,1,165,22,3,0.5252624538244242,0.15333985337502598
MSL,C-1,confirmation,pca_smooth,0.0574996877158119,48,84,264,1804,2,1,0,18,5,0.5725567687961756,0.20861330760895527
MSL,C-1,confirmation,iforest,0.5395854811388267,5,14,307,1874,2,1,74,16,4,0.5338414344306823,0.1568125416074706
MSL,C-1,confirmation,iforest_smooth,0.4011252546599788,24,92,288,1796,2,1,0,35,6,0.5569928835289005,0.17546407750828868
MSL,C-1,confirmation,subsequence_knn,0.6223635768890386,90,118,222,1770,2,1,3,28,19,0.7818305899608866,0.3831986974993554
MSL,C-1,confirmation,subsequence_knn_smooth,0.590151369912656,88,132,224,1756,2,1,36,8,5,0.7877043948283354,0.382684337659047
MSL,C-1,confirmation,gru_target,1.6309623366594335,7,8,305,1880,2,1,0,10,4,0.6175609789222077,0.2538240674207589
MSL,C-1,confirmation,gru_target_smooth,0.5030649190514865,24,19,288,1869,2,1,0,7,3,0.7771485223815732,0.4049627785198388
MSL,C-1,confirmation,gru_context,0.4925236240029367,26,40,286,1848,2,1,0,20,6,0.5819803210560626,0.23283382580080186
MSL,C-1,confirmation,gru_context_smooth,0.35868902168105793,44,33,268,1855,2,1,0,7,3,0.682456336918731,0.32156145298474687
MSL,C-2,confirmation,zmax,21.377559661865234,0,0,137,1850,2,0,0,0,0,0.5777273623988952,0.09469759377296984
MSL,C-2,confirmation,zmax_smooth,4.629200389185072,4,37,133,1813,2,1,2,13,2,0.7561649240481357,0.13787111781565703
MSL,C-2,confirmation,ztarget,1e-06,127,1456,10,394,2,2,0,30,6,0.6252791477608997,0.19643767199828155
MSL,C-2,confirmation,ztarget_smooth,1e-06,137,1675,0,175,2,2,0,1,1,0.6748707831919509,0.21505991217887094
MSL,C-2,confirmation,pca,0.12244147807359695,0,0,137,1850,2,0,0,0,0,0.5398382323929769,0.07449671827990283
MSL,C-2,confirmation,pca_smooth,0.12236467190928796,0,448,137,1402,2,0,0,13,0,0.39605444860919314,0.052625517780173235
MSL,C-2,confirmation,iforest,0.5927923517439053,3,29,134,1821,2,2,90,29,2,0.4682619846123495,0.06863984305740145
MSL,C-2,confirmation,iforest_smooth,0.49367813803144356,0,12,137,1838,2,0,0,6,0,0.6243716709410141,0.0816901573231571
MSL,C-2,confirmation,subsequence_knn,1e-06,137,1650,0,200,2,2,0,1,1,0.8544170447820083,0.6882643899087225
MSL,C-2,confirmation,subsequence_knn_smooth,1e-06,137,1706,0,144,2,2,0,1,1,0.8523416847504438,0.6690322058897522
MSL,C-2,confirmation,gru_target,0.00018548965454101562,137,1647,0,203,2,2,0,4,2,0.630518840007891,0.198166193676992
MSL,C-2,confirmation,gru_target_smooth,0.00018548965454101562,137,1706,0,144,2,2,0,1,1,0.6762280528703886,0.2136991588776417
MSL,C-2,confirmation,gru_context,0.07471125036478053,109,1319,28,531,2,2,5,25,7,0.6237837837837839,0.19715078558112087
MSL,C-2,confirmation,gru_context_smooth,0.02019949702912103,137,1598,0,252,2,2,0,1,1,0.6779443677253896,0.2138662027319483
SMAP,D-1,confirmation,zmax,25.874011850357725,7,15,3252,5171,1,1,56,14,2,0.9505158339888105,0.9415603915702216
SMAP,D-1,confirmation,zmax_smooth,8.977772452464656,2901,6,358,5180,1,1,358,4,1,0.9626966742073657,0.9630222907832197
SMAP,D-1,confirmation,ztarget,2.7889742851257324,2914,32,345,5154,1,1,54,7,2,0.9422605494742556,0.9501370766854347
SMAP,D-1,confirmation,ztarget_smooth,1.712703738991917,2931,754,328,4432,1,1,0,75,4,0.9484951755422434,0.9551339133410067
SMAP,D-1,confirmation,pca,1.3011882990598684,3,30,3256,5156,1,1,56,29,3,0.8916481482292294,0.810658397986284
SMAP,D-1,confirmation,pca_smooth,0.3276238573546737,5,99,3254,5087,1,1,56,15,2,0.7598143182242842,0.5123574554452367
SMAP,D-1,confirmation,iforest,0.7591649491898177,7,19,3252,5167,1,1,56,20,5,0.7832286088528526,0.7191565299353871
SMAP,D-1,confirmation,iforest_smooth,0.5556725008390261,1,37,3258,5149,1,1,203,18,1,0.6358174290141028,0.5539614845661175
SMAP,D-1,confirmation,subsequence_knn,0.9247655272483826,3029,1513,230,3673,1,1,0,189,2,0.9419357199683288,0.9579965630351651
SMAP,D-1,confirmation,subsequence_knn_smooth,0.846106822603594,3041,2813,218,2373,1,1,0,71,3,0.9417758790010682,0.958552196062676
SMAP,D-1,confirmation,gru_target,2.545673942565918,2902,9,357,5177,1,1,357,10,1,0.9337586252883971,0.9496800390930739
SMAP,D-1,confirmation,gru_target_smooth,0.8998597184839789,2906,29,353,5157,1,1,66,6,2,0.9229317442681791,0.9454343342148023
SMAP,D-1,confirmation,gru_context,2.46512890458107,2902,14,357,5172,1,1,357,9,1,0.9415966902654218,0.9555838082575951
SMAP,D-1,confirmation,gru_context_smooth,0.8589908242178563,2970,239,289,4947,1,1,0,35,9,0.9432796798612925,0.9579535965534419
SMAP,D-12,confirmation,zmax,1e-06,2578,96,162,5018,1,1,162,18,1,0.9623125583413501,0.9422096960511588
SMAP,D-12,confirmation,zmax_smooth,1e-06,2577,486,163,4628,1,1,163,2,1,0.9316207976386561,0.9408676516038919
SMAP,D-12,confirmation,ztarget,1e-06,2578,0,162,5114,1,1,162,1,1,0.9704379562043796,0.9615023447998974
SMAP,D-12,confirmation,ztarget_smooth,1e-06,2577,0,163,5114,1,1,163,1,1,0.9704379562043796,0.9615023447998975
SMAP,D-12,confirmation,pca,1e-06,2536,96,204,5018,1,1,204,18,1,0.9561455029702349,0.9109036872174252
SMAP,D-12,confirmation,pca_smooth,1e-06,2536,466,204,4648,1,1,204,2,1,0.9170069138960175,0.902887787808169
SMAP,D-12,confirmation,iforest,0.5000000000000008,0,0,2740,5114,1,0,0,0,0,0.5,0.34886681945505477
SMAP,D-12,confirmation,iforest_smooth,0.5000000000000008,0,0,2740,5114,1,0,0,0,0,0.5,0.34886681945505477
SMAP,D-12,confirmation,subsequence_knn,1e-06,2577,0,163,5114,1,1,163,1,1,0.9704379562043796,0.9615023447998974
SMAP,D-12,confirmation,subsequence_knn_smooth,1e-06,2574,0,166,5114,1,1,166,1,1,0.9704379562043796,0.9615023447998974
SMAP,D-12,confirmation,gru_target,0.00018528103828430176,2536,0,204,5114,1,1,204,1,1,0.9551094890510949,0.9512895990316563
SMAP,D-12,confirmation,gru_target_smooth,0.00018528103828430176,2536,0,204,5114,1,1,204,1,1,0.9551094890510949,0.9512883510270952
SMAP,D-12,confirmation,gru_context,0.0016358718276023865,2578,283,162,4831,1,1,162,21,1,0.968923007972961,0.9606796134689232
SMAP,D-12,confirmation,gru_context_smooth,0.0016358718276023865,2740,5114,0,0,1,1,0,1,1,0.9653042742264687,0.9593630748316415
MSL,D-14,confirmation,zmax,46.946781158447266,0,14,222,2325,2,0,0,7,0,0.6681562922477843,0.18289675527810872
MSL,D-14,confirmation,zmax_smooth,30.789532372298613,0,1,222,2338,2,0,0,1,0,0.1773164785135713,0.050955824151679964
MSL,D-14,confirmation,ztarget,1e-06,186,0,36,2339,2,2,19,2,2,0.9189189189189189,0.8518948468187046
MSL,D-14,confirmation,ztarget_smooth,1e-06,203,210,19,2129,2,2,19,2,2,0.9791606484637694,0.9428768762185276
MSL,D-14,confirmation,pca,1e-06,0,0,222,2339,2,0,0,0,0,0.4012976208358851,0.07926227233232751
MSL,D-14,confirmation,pca_smooth,1e-06,0,0,222,2339,2,0,0,0,0,0.09205057986588555,0.04697898568722539
MSL,D-14,confirmation,iforest,0.6609875090977737,0,0,222,2339,2,0,0,0,0,0.42410901709747373,0.08674819553599984
MSL,D-14,confirmation,iforest_smooth,0.4282724026351991,28,476,194,1863,2,2,193,48,3,0.3039837614442147,0.06910045571388648
MSL,D-14,confirmation,subsequence_knn,1e-06,203,109,19,2230,2,2,19,2,2,0.9489723798188955,0.8604673404622512
MSL,D-14,confirmation,subsequence_knn_smooth,1e-06,216,308,6,2031,2,2,4,2,2,0.9691559879674458,0.8542369599361415
MSL,D-14,confirmation,gru_target,1e-06,203,27,19,2312,2,2,19,2,2,0.9558889800446021,0.921672032559834
MSL,D-14,confirmation,gru_target_smooth,1e-06,203,212,19,2127,2,2,19,2,2,0.9791645001136237,0.9429186225471226
MSL,D-14,confirmation,gru_context,0.2322954490780828,186,40,36,2299,2,2,19,39,2,0.9079513459590416,0.8712159403688916
MSL,D-14,confirmation,gru_context_smooth,0.07940152831637247,203,156,19,2183,2,2,19,22,2,0.9279779993760328,0.9238066277459371
MSL,D-16,confirmation,zmax,8.894632539749159,26,43,625,1433,1,1,88,69,26,0.4443091512328333,0.2925022323304323
MSL,D-16,confirmation,zmax_smooth,3.0825573951083816,105,166,546,1310,1,1,91,63,20,0.4102641756064258,0.30612101815072956
MSL,D-16,confirmation,ztarget,0.8139877319335938,85,0,566,1476,1,1,120,22,22,0.5519057609930937,0.3959700584862847
MSL,D-16,confirmation,ztarget_smooth,0.8139877319335938,120,0,531,1476,1,1,124,1,1,0.5837308872320675,0.45832536636346755
MSL,D-16,confirmation,pca,0.08479539304971695,2,0,649,1476,1,1,146,2,2,0.6119218296637651,0.41718080433770777
MSL,D-16,confirmation,pca_smooth,0.0847950669858854,0,0,651,1476,1,0,0,0,0,0.8042817179323867,0.7982898492106876
MSL,D-16,confirmation,iforest,0.5409969166286634,18,44,633,1432,1,1,88,62,18,0.3756832307186359,0.2614316298896946
MSL,D-16,confirmation,iforest_smooth,0.4374297757568347,119,640,532,836,1,1,49,127,36,0.34163409222417873,0.22461234921700743
MSL,D-16,confirmation,subsequence_knn,1e-06,649,940,2,536,1,1,2,1,1,0.5124063875047352,0.4283703005391247
MSL,D-16,confirmation,subsequence_knn_smooth,1e-06,649,940,2,536,1,1,2,1,1,0.5185112334994317,0.44690121276250216
MSL,D-16,confirmation,gru_target,0.009108424186706543,644,935,7,541,1,1,2,11,6,0.5909524225810614,0.3794944268595364
MSL,D-16,confirmation,gru_target_smooth,0.009108424186706543,649,940,2,536,1,1,2,1,1,0.5263728098110474,0.4411915666855569
MSL,D-16,confirmation,gru_context,0.9413126707077026,56,83,595,1393,1,1,72,117,37,0.750519317789184,0.5082276675964572
MSL,D-16,confirmation,gru_context_smooth,0.9413007381753525,20,0,631,1476,1,1,158,4,4,0.842490602325378,0.7810630686502166
SMAP,D-2,confirmation,zmax,11.958260536193848,11,20,4207,4293,1,1,364,25,9,0.8015396020081976,0.742334644391459
SMAP,D-2,confirmation,zmax_smooth,6.581887733450966,28,47,4190,4266,1,1,365,20,8,0.8113856714903732,0.7029327884111758
SMAP,D-2,confirmation,ztarget,1e-06,3805,0,413,4313,1,1,371,1,1,0.9510431484115695,0.9504979718905402
SMAP,D-2,confirmation,ztarget_smooth,1e-06,3847,58,371,4255,1,1,371,1,1,0.9554304050838396,0.9555320764440445
SMAP,D-2,confirmation,pca,1.2987723624706247,46,45,4172,4268,1,1,21,68,35,0.4980224803616752,0.4946133049793117
SMAP,D-2,confirmation,pca_smooth,0.3012258869327337,113,133,4105,4180,1,1,365,39,20,0.49922565859695955,0.49425203139144375
SMAP,D-2,confirmation,iforest,0.7661195006911945,5,4,4213,4309,1,1,1396,7,4,0.4971394112454797,0.49158074263050094
SMAP,D-2,confirmation,iforest_smooth,0.5503889764510098,19,19,4199,4294,1,1,378,22,7,0.49819444934580326,0.487897150101476
SMAP,D-2,confirmation,subsequence_knn,1e-06,3847,21,371,4292,1,1,371,1,1,0.955795560897029,0.9555178688163349
SMAP,D-2,confirmation,subsequence_knn_smooth,1e-06,3847,58,371,4255,1,1,371,1,1,0.9553948954262571,0.9554923944563025
SMAP,D-2,confirmation,gru_target,4.407018423080444e-06,3831,22,387,4291,1,1,371,2,2,0.952117920207051,0.9535275524813367
SMAP,D-2,confirmation,gru_target_smooth,4.407018423080444e-06,3847,58,371,4255,1,1,371,1,1,0.9554304050838396,0.9555320764440445
SMAP,D-2,confirmation,gru_context,0.05641478376463055,3811,30,407,4283,1,1,22,20,3,0.9530483172105196,0.9691090675206174
SMAP,D-2,confirmation,gru_context_smooth,0.027652471380595352,3846,41,372,4272,1,1,23,8,2,0.9572756155181381,0.9724345171707638
SMAP,D-4,confirmation,zmax,15.894751701355064,10,23,3238,5138,1,1,238,28,9,0.7758818149192075,0.5395971966014341
SMAP,D-4,confirmation,zmax_smooth,7.233397985508908,7,19,3241,5142,1,1,238,9,3,0.6767806912968904,0.4836379449103604
SMAP,D-4,confirmation,ztarget,0.024006545543670654,3248,8,0,5153,1,1,0,1,1,0.9999995227564062,0.9999984870674528
SMAP,D-4,confirmation,ztarget_smooth,0.024006162041652887,3248,4,0,5157,1,1,0,1,1,1.0,1.0
SMAP,D-4,confirmation,pca,0.957974855899811,47,50,3201,5111,1,1,83,73,38,0.9534427100086571,0.8381448582002496
SMAP,D-4,confirmation,pca_smooth,0.21368475797142875,283,117,2965,5044,1,1,84,50,28,0.8733991460203135,0.7418092982424548
SMAP,D-4,confirmation,iforest,0.73343526517909,12,35,3236,5126,1,1,85,43,10,0.5658842238062467,0.48074087392039283
SMAP,D-4,confirmation,iforest_smooth,0.651368951140955,0,0,3248,5161,1,0,0,0,0,0.5465923375677566,0.4116920574300258
SMAP,D-4,confirmation,subsequence_knn,0.017142832279205322,3238,0,10,5161,1,1,10,1,1,1.0,1.0
SMAP,D-4,confirmation,subsequence_knn_smooth,0.01702088436939671,3233,0,15,5161,1,1,15,1,1,1.0,1.0
SMAP,D-4,confirmation,gru_target,0.014099901244044305,3248,8,0,5153,1,1,0,1,1,0.9999983893028712,0.9999974430795591
SMAP,D-4,confirmation,gru_target_smooth,0.013719337867021715,3248,6,0,5155,1,1,0,1,1,1.0,1.0
SMAP,D-4,confirmation,gru_context,0.04157999478280544,3232,39,16,5122,1,1,16,34,1,0.9998475803272555,0.9997615647514668
SMAP,D-4,confirmation,gru_context_smooth,0.025635269949898024,3235,15,13,5146,1,1,13,5,1,0.9999534090941631,0.9999268551758453
SMAP,D-6,confirmation,zmax,11.343132019042969,0,37,81,7702,1,0,0,30,0,0.583057753019419,0.018700293148982593
SMAP,D-6,confirmation,zmax_smooth,6.560988923170267,0,76,81,7663,1,0,0,18,0,0.6815264676745488,0.016439123764469946
SMAP,D-6,confirmation,ztarget,1.8631476163864136,81,7739,0,0,1,1,0,1,1,0.48486581511950855,0.33301084576596385
SMAP,D-6,confirmation,ztarget_smooth,1.6824921007038274,81,7739,0,0,1,1,0,1,1,0.4779511820042466,0.4123391138326954
SMAP,D-6,confirmation,pca,1.5570124244689942,0,32,81,7707,1,0,0,32,0,0.5767285785160617,0.01771807636314304
SMAP,D-6,confirmation,pca_smooth,0.28604673740586173,0,86,81,7653,1,0,0,27,0,0.65575193145508,0.013809385620663507
SMAP,D-6,confirmation,iforest,0.7419959216897531,4,75,77,7664,1,1,4,74,4,0.5784211441488437,0.014351185034675884
SMAP,D-6,confirmation,iforest_smooth,0.5565190681755137,25,1321,56,6418,1,1,7,131,2,0.7132592815928304,0.02484222403949529
SMAP,D-6,confirmation,subsequence_knn,0.5911364996433258,32,31,49,7708,1,1,49,2,1,0.47859167691618054,0.14405685941606927
SMAP,D-6,confirmation,subsequence_knn_smooth,0.4791923329755345,29,40,52,7699,1,1,52,1,1,0.4821451075919784,0.12980175212749218
SMAP,D-6,confirmation,gru_target,1.1769298183918098,6,0,75,7739,1,1,48,1,1,0.31876546400386685,0.13476195118033912
SMAP,D-6,confirmation,gru_target_smooth,0.5595338627857148,18,0,63,7739,1,1,48,1,1,0.47824151842758883,0.4123399270713374
SMAP,D-6,confirmation,gru_context,0.5001133674383175,23,880,58,6859,1,1,3,234,4,0.6219803815531084,0.08513221804900448
SMAP,D-6,confirmation,gru_context_smooth,0.2880698138438325,81,7533,0,206,1,1,0,28,1,0.8060074115550706,0.1970141522635966
SMAP,E-1,confirmation,zmax,25.129782423972884,0,15,508,7929,2,0,0,13,0,0.6258280155973704,0.09292854547893785
SMAP,E-1,confirmation,zmax_smooth,8.917283140936126,0,1,508,7943,2,0,0,1,0,0.49040924265131514,0.05701758469770707
SMAP,E-1,confirmation,ztarget,1.9257326126098633,0,0,508,7944,2,0,0,0,0,0.6353184149281189,0.09644598850499095
SMAP,E-1,confirmation,ztarget_smooth,1.6902072772922168,10,59,498,7885,2,2,266,51,2,0.567027509495603,0.08034080100461237
SMAP,E-1,confirmation,pca,1.2995668649673462,2,28,506,7916,2,1,1,26,2,0.6752512419614466,0.13642155031103334
SMAP,E-1,confirmation,pca_smooth,0.33300217617928407,9,110,499,7834,2,2,24,16,2,0.6053271027111037,0.09245260251865407
SMAP,E-1,confirmation,iforest,0.7540368648264166,1,5,507,7939,2,1,3,6,1,0.657979998770924,0.11829920348732045
SMAP,E-1,confirmation,iforest_smooth,0.5582796160720556,1,25,507,7919,2,1,25,12,1,0.5977326026278438,0.09280186461694492
SMAP,E-1,confirmation,subsequence_knn,0.7486300468444824,251,113,257,7831,2,2,46,15,3,0.7184152254759696,0.5438348635192876
SMAP,E-1,confirmation,subsequence_knn_smooth,0.5613362307655694,272,184,236,7760,2,1,14,20,1,0.735852245244269,0.5609707452495333
SMAP,E-1,confirmation,gru_target,2.3383896350860596,1,34,507,7910,2,1,231,35,1,0.65949726332358,0.12327639236599489
SMAP,E-1,confirmation,gru_target_smooth,0.5618480397511612,10,101,498,7843,2,2,258,48,3,0.6169844918365567,0.10871773450161393
SMAP,E-1,confirmation,gru_context,0.6260950225591659,259,611,249,7333,2,1,1,87,5,0.7332331487736994,0.17485834840583744
SMAP,E-1,confirmation,gru_context_smooth,0.2751017571160558,295,1076,213,6868,2,1,2,57,3,0.6785359227188745,0.17499547885732253
SMAP,E-10,confirmation,zmax,24.867554006576334,0,16,322,8103,2,0,0,13,0,0.7577115714308664,0.0966786861012318
SMAP,E-10,confirmation,zmax_smooth,8.92930063278299,0,5,322,8114,2,0,0,2,0,0.7934382886856151,0.08923483920911245
SMAP,E-10,confirmation,ztarget,1.9297717809677124,0,0,322,8119,2,0,0,0,0,0.7838726964355522,0.10718497144935737
SMAP,E-10,confirmation,ztarget_smooth,1.6901880470449044,233,55,89,8064,2,2,47,55,3,0.9126728271006052,0.7745862597468582
SMAP,E-10,confirmation,pca,1.234120892882347,4,48,318,8071,2,2,20,46,4,0.8242505311136594,0.15493647265347593
SMAP,E-10,confirmation,pca_smooth,0.265685503781361,18,153,304,7966,2,2,23,26,3,0.8904765984857235,0.22445449632965428
SMAP,E-10,confirmation,iforest,0.7459061811308475,1,13,321,8106,2,1,12,11,1,0.8301155406496071,0.17508796008642039
SMAP,E-10,confirmation,iforest_smooth,0.5641922009011783,200,34,122,8085,2,2,56,27,7,0.9160985771432549,0.7233124340130591
SMAP,E-10,confirmation,subsequence_knn,0.7477176016569138,264,123,58,7996,2,2,58,48,2,0.9221009073877013,0.8500710617072832
SMAP,E-10,confirmation,subsequence_knn_smooth,0.5607716638487044,264,210,58,7909,2,2,58,23,2,0.8957533092760712,0.8160357928314547
SMAP,E-10,confirmation,gru_target,2.332243812084198,3,69,319,8050,2,2,19,72,3,0.85183038176687,0.21145547042493
SMAP,E-10,confirmation,gru_target_smooth,0.5598380294747549,238,87,84,8032,2,2,55,50,3,0.9166459474325617,0.7907324602196142
SMAP,E-10,confirmation,gru_context,0.7913584363460541,238,619,84,7500,2,2,47,77,4,0.8646088578359633,0.21533782533330195
SMAP,E-10,confirmation,gru_context_smooth,0.24657584137022764,261,1215,61,6904,2,2,47,71,2,0.9055321502586907,0.7429803702611637
SMAP,E-11,confirmation,zmax,24.867554006576334,0,16,295,8139,2,0,0,13,0,0.8232231447900321,0.12276605323392041
SMAP,E-11,confirmation,zmax_smooth,8.898612526716105,0,4,295,8151,2,0,0,2,0,0.8157611530827505,0.08890594912513815
SMAP,E-11,confirmation,ztarget,1.9286434650421143,0,0,295,8155,2,0,0,0,0,0.8872125866422803,0.35814431547511655
SMAP,E-11,confirmation,ztarget_smooth,1.691636765761975,229,45,66,8110,2,2,34,46,3,0.9415677186710868,0.8244368599357226
SMAP,E-11,confirmation,pca,0.821623468101024,6,91,289,8064,2,2,10,69,3,0.8966881085743383,0.2760745534142651
SMAP,E-11,confirmation,pca_smooth,0.27649011831326653,16,177,279,7978,2,2,11,31,3,0.9087526629186629,0.21574602862364203
SMAP,E-11,confirmation,iforest,0.7563465829907625,0,26,295,8129,2,0,0,20,0,0.7711878955408453,0.09469441187939381
SMAP,E-11,confirmation,iforest_smooth,0.5540213765720831,231,439,64,7716,2,2,30,79,2,0.9122364360016212,0.23488434048592238
SMAP,E-11,confirmation,subsequence_knn,0.7471666589379311,249,108,46,8047,2,2,46,15,2,0.9285047127165408,0.8644620359284552
SMAP,E-11,confirmation,subsequence_knn_smooth,0.5601720195720754,250,227,45,7928,2,2,45,22,2,0.9139685541780543,0.8269356464796264
SMAP,E-11,confirmation,gru_target,2.3235204219818115,0,0,295,8155,2,0,0,0,0,0.8737503247461783,0.21489452055457628
SMAP,E-11,confirmation,gru_target_smooth,0.5618585026495327,235,64,60,8091,2,2,42,50,3,0.9423915867358074,0.8388718590417542
SMAP,E-11,confirmation,gru_context,0.7418248370289799,233,627,62,7528,2,2,41,80,3,0.8968587432063099,0.26403733868254164
SMAP,E-11,confirmation,gru_context_smooth,0.24184971256206142,244,1242,51,6913,2,1,0,63,1,0.9222758212181359,0.7723881206097238
SMAP,E-12,confirmation,zmax,24.867554006576334,0,16,583,7849,2,0,0,13,0,0.3194020232067947,0.053573316404764156
SMAP,E-12,confirmation,zmax_smooth,8.915273023549839,0,4,583,7861,2,0,0,2,0,0.28761769962456063,0.04662565681796319
SMAP,E-12,confirmation,ztarget,1.9257326126098633,0,0,583,7865,2,0,0,0,0,0.3255510277964668,0.05485260243089791
SMAP,E-12,confirmation,ztarget_smooth,1.6902072772922168,16,54,567,7811,2,2,544,53,2,0.3038157850258271,0.07548775536533113
SMAP,E-12,confirmation,pca,1.0590405103564233,6,50,577,7815,2,2,11,42,4,0.328027640533488,0.05822518510398319
SMAP,E-12,confirmation,pca_smooth,0.27404779455442346,14,152,569,7713,2,2,14,23,3,0.36226436903187254,0.06087108069441604
SMAP,E-12,confirmation,iforest,0.7497420557779781,1,5,582,7860,2,1,3,5,1,0.6197541270518038,0.1013031560678099
SMAP,E-12,confirmation,iforest_smooth,0.5593000744524381,2,28,581,7837,2,1,24,13,1,0.4120897346844641,0.05745023631916039
SMAP,E-12,confirmation,subsequence_knn,0.7486300468444824,25,87,558,7778,2,2,37,20,5,0.5938315855359361,0.12812785855944334
SMAP,E-12,confirmation,subsequence_knn_smooth,0.5613362307655694,74,189,509,7676,2,2,48,21,3,0.5878786424864704,0.11132937844705353
SMAP,E-12,confirmation,gru_target,2.3383896350860596,2,33,581,7832,2,1,6,35,2,0.358640065688249,0.06107573384285027
SMAP,E-12,confirmation,gru_target_smooth,0.5618480397511612,24,92,559,7773,2,2,33,51,3,0.3284935865631328,0.09340677449923587
SMAP,E-12,confirmation,gru_context,0.6611106321215628,67,602,516,7263,2,2,38,98,7,0.6621541253070958,0.11678381800602539
SMAP,E-12,confirmation,gru_context_smooth,0.22359597411662266,133,1179,450,6686,2,2,38,68,6,0.5818617995134446,0.08869845721800122
SMAP,E-13,confirmation,zmax,34.79710641860954,0,14,264,8298,3,0,0,14,0,0.5087774703240295,0.0311424759690274
SMAP,E-13,confirmation,zmax_smooth,7.81446180653448,0,22,264,8290,3,0,0,11,0,0.3898794550412693,0.026351015552444585
SMAP,E-13,confirmation,ztarget,2.762357965707779,4,66,260,8246,3,1,92,29,1,0.5200160137224021,0.03471646043884803
SMAP,E-13,confirmation,ztarget_smooth,2.036343496370475,7,88,257,8224,3,2,143,38,2,0.48337061058126995,0.03327254889765939
SMAP,E-13,confirmation,pca,1.958407359719272,0,11,264,8301,3,0,0,11,0,0.5343023594948523,0.032981941259306105
SMAP,E-13,confirmation,pca_smooth,4.040854883922947,0,15,264,8297,3,0,0,5,0,0.38230141890512437,0.02292045366825278
SMAP,E-13,confirmation,iforest,0.7466678492360695,4,67,260,8245,3,2,119,67,4,0.49980153739026456,0.03188116805280397
SMAP,E-13,confirmation,iforest_smooth,0.5445494518982144,13,94,251,8218,3,2,134,50,5,0.4199974662408492,0.03980721838474896
SMAP,E-13,confirmation,subsequence_knn,0.80350758343935,53,149,211,8163,3,1,43,67,1,0.49501359844839155,0.2070264155253884
SMAP,E-13,confirmation,subsequence_knn_smooth,0.7252353832799281,54,108,210,8204,3,1,48,8,1,0.4921790693265669,0.21695736542248695
SMAP,E-13,confirmation,gru_target,2.4264383292198177,3,65,261,8247,3,2,113,68,3,0.49761434727447723,0.03669045242550597
SMAP,E-13,confirmation,gru_target_smooth,0.5753929490546896,25,172,239,8140,3,3,142,85,6,0.512079560037332,0.07358470216465435
SMAP,E-13,confirmation,gru_context,1.6028784579038609,3,36,261,8276,3,2,96,36,3,0.49519451614314464,0.034818296217160746
SMAP,E-13,confirmation,gru_context_smooth,0.4943667844651834,6,89,258,8223,3,1,26,31,1,0.4686830103246128,0.03909183842220836
SMAP,E-2,confirmation,zmax,11.485776901245117,0,16,1398,7054,1,0,0,13,0,0.7183007448506961,0.25141255024498727
SMAP,E-2,confirmation,zmax_smooth,5.924412678888134,0,44,1398,7026,1,0,0,11,0,0.595799414398828,0.1781197927833262
SMAP,E-2,confirmation,ztarget,2.2092583179473877,169,0,1229,7070,1,1,68,1,1,0.7765194468557831,0.42146034712868047
SMAP,E-2,confirmation,ztarget_smooth,1.6626056925885304,197,0,1201,7070,1,1,53,2,2,0.8078854819878064,0.46756795846381016
SMAP,E-2,confirmation,pca,0.26507725268602356,4,161,1394,6909,1,1,12,128,2,0.6388847575744699,0.24870529919329978
SMAP,E-2,confirmation,pca_smooth,0.15589657316109745,73,412,1325,6658,1,1,12,52,2,0.5137942059074087,0.16691066264530469
SMAP,E-2,confirmation,iforest,0.7472174649959171,1,26,1397,7044,1,1,15,20,1,0.5802765822259724,0.19165399270348796
SMAP,E-2,confirmation,iforest_smooth,0.5475966789070396,165,140,1233,6930,1,1,74,62,1,0.5460291829305555,0.2573482954084918
SMAP,E-2,confirmation,subsequence_knn,0.6208535733819007,401,93,997,6977,1,1,36,42,24,0.7027615729077507,0.5958307993793648
SMAP,E-2,confirmation,subsequence_knn_smooth,0.5204200366065637,726,264,672,6806,1,1,23,27,13,0.7085061909011258,0.6161499700767263
SMAP,E-2,confirmation,gru_target,1.3600341129302977,0,0,1398,7070,1,0,0,0,0,0.7197202307600472,0.2970078935750138
SMAP,E-2,confirmation,gru_target_smooth,0.39810825222694746,196,0,1202,7070,1,1,53,3,3,0.724940458484843,0.4361547534375515
SMAP,E-2,confirmation,gru_context,0.66659333050251,389,550,1009,6520,1,1,13,133,23,0.48897819273037046,0.3597815170516282
SMAP,E-2,confirmation,gru_context_smooth,0.2589906878084524,656,1829,742,5241,1,1,22,116,17,0.5375363471356333,0.40107095030675677
SMAP,E-3,confirmation,zmax,11.958260536193848,3,15,3210,5015,1,1,219,15,3,0.36944659463078366,0.37321551270022724
SMAP,E-3,confirmation,zmax_smooth,5.93528680483974,21,48,3192,4982,1,1,219,14,4,0.3443752672263958,0.33205997015548794
SMAP,E-3,confirmation,ztarget,3.0346615314483643,0,0,3213,5030,1,0,0,0,0,0.4045176497813616,0.5420098929050688
SMAP,E-3,confirmation,ztarget_smooth,2.853743704969573,63,0,3150,5030,1,1,1323,2,2,0.4043526577850049,0.5422931934244988
SMAP,E-3,confirmation,pca,0.7944886630773538,16,80,3197,4950,1,1,13,70,12,0.07318562945390217,0.2369367122459894
SMAP,E-3,confirmation,pca_smooth,0.2410614353306538,34,167,3179,4863,1,1,219,32,6,0.10723180370005302,0.24137350668359303
SMAP,E-3,confirmation,iforest,0.754246436283628,11,20,3202,5010,1,1,219,21,6,0.37806342771259155,0.37707241643720557
SMAP,E-3,confirmation,iforest_smooth,0.582716499648242,14,22,3199,5008,1,1,368,12,3,0.38680750851257223,0.3851406844549207
SMAP,E-3,confirmation,subsequence_knn,0.6539047354459762,868,0,2345,5030,1,1,529,3,3,0.770084998876953,0.7552640392661684
SMAP,E-3,confirmation,subsequence_knn_smooth,0.6214211781213476,886,0,2327,5030,1,1,541,3,3,0.7764394646747588,0.7603977528699899
SMAP,E-3,confirmation,gru_target,0.6820294141769409,6,0,3207,5030,1,1,517,4,4,0.5360285532370668,0.5775683052088681
SMAP,E-3,confirmation,gru_target_smooth,0.5838368291466023,46,0,3167,5030,1,1,1325,1,1,0.5119416089828908,0.5702957678146421
SMAP,E-3,confirmation,gru_context,0.8549732792377471,7,24,3206,5006,1,1,220,12,2,0.5221198176641983,0.49804276990141577
SMAP,E-3,confirmation,gru_context_smooth,0.7268969205266169,0,6,3213,5024,1,0,0,1,0,0.4798525374364458,0.528467423263279
SMAP,E-4,confirmation,zmax,11.485776901245117,2,15,2810,5463,1,1,164,15,2,0.42667579668213784,0.28999203436725
SMAP,E-4,confirmation,zmax_smooth,5.878870208618343,13,40,2799,5438,1,1,164,12,2,0.35020607452440045,0.25732140993099195
SMAP,E-4,confirmation,ztarget,2.568258190155029,1,35,2811,5443,1,1,18,21,1,0.44975943473882596,0.2982388919686444
SMAP,E-4,confirmation,ztarget_smooth,1.648048898194183,12,196,2800,5282,1,1,18,29,2,0.4253159670883196,0.28039688536711915
SMAP,E-4,confirmation,pca,0.9423167857527731,5,28,2807,5450,1,1,8,26,4,0.26925956769013204,0.2423233229705454
SMAP,E-4,confirmation,pca_smooth,0.21685865832184323,29,184,2783,5294,1,1,18,27,4,0.17052446174196334,0.21262015259799294
SMAP,E-4,confirmation,iforest,0.7514601167098963,8,14,2804,5464,1,1,8,18,4,0.2988857018660443,0.24754181601124878
SMAP,E-4,confirmation,iforest_smooth,0.5542785284919169,10,33,2802,5445,1,1,11,14,4,0.276669590556718,0.2356110167085651
SMAP,E-4,confirmation,subsequence_knn,0.7592628028988837,2,108,2810,5370,1,1,726,6,1,0.18551283888950343,0.21368253226269304
SMAP,E-4,confirmation,subsequence_knn_smooth,0.6399467322332508,24,995,2788,4483,1,1,73,40,3,0.15794842372204454,0.20833763863911856
SMAP,E-4,confirmation,gru_target,1.4666788876056671,0,0,2812,5478,1,0,0,0,0,0.5754957629561307,0.36972940014473354
SMAP,E-4,confirmation,gru_target_smooth,0.3832765454179984,15,11,2797,5467,1,1,167,7,6,0.5553849953025602,0.3704166598093264
SMAP,E-4,confirmation,gru_context,0.6831819701194761,310,46,2502,5432,1,1,165,52,37,0.2630720087124653,0.334354767743154
SMAP,E-4,confirmation,gru_context_smooth,0.3356554635453371,681,609,2131,4869,1,1,27,78,38,0.3516497776960681,0.4106005349873121
SMAP,E-5,confirmation,zmax,11.958260536193848,2,17,319,7892,1,1,14,15,2,0.48586097544931856,0.04104487431867172
SMAP,E-5,confirmation,zmax_smooth,6.259917545674947,10,40,311,7869,1,1,14,13,2,0.36610486338171466,0.04464604008518613
SMAP,E-5,confirmation,ztarget,1.9257326126098633,0,0,321,7909,1,0,0,0,0,0.49536176499898177,0.044627709080981987
SMAP,E-5,confirmation,ztarget_smooth,1.6902072772922168,0,0,321,7909,1,0,0,0,0,0.4383259105029996,0.10598593233468641
SMAP,E-5,confirmation,pca,0.8216715633869165,6,89,315,7820,1,1,10,62,5,0.48696740847703374,0.039215927000503165
SMAP,E-5,confirmation,pca_smooth,0.27517606093882213,15,176,306,7733,1,1,14,28,3,0.407785365384835,0.036645970373540504
SMAP,E-5,confirmation,iforest,0.7687006804342973,3,4,318,7905,1,1,13,5,2,0.4860047447818625,0.0506457408870542
SMAP,E-5,confirmation,iforest_smooth,0.5532850855456979,6,7,315,7902,1,1,16,9,2,0.39370581801008275,0.05269362222685316
SMAP,E-5,confirmation,subsequence_knn,0.7486300468444824,46,685,275,7224,1,1,18,56,3,0.42195826435359535,0.040278401274713216
SMAP,E-5,confirmation,subsequence_knn_smooth,0.5613362307655694,119,4433,202,3476,1,1,0,50,2,0.4222721935536982,0.03955984629611006
SMAP,E-5,confirmation,gru_target,2.3383896350860596,0,0,321,7909,1,0,0,0,0,0.504249466970276,0.04970487498491649
SMAP,E-5,confirmation,gru_target_smooth,0.5618480397511612,7,0,314,7909,1,1,17,2,2,0.44101971451743327,0.09852272934712403
SMAP,E-5,confirmation,gru_context,0.6787584710121155,55,1444,266,6465,1,1,11,167,8,0.5404113929909102,0.04393225275670025
SMAP,E-5,confirmation,gru_context_smooth,0.27024703360943264,84,2377,237,5532,1,1,14,116,4,0.411338634285874,0.03183231952309867
SMAP,E-7,confirmation,zmax,11.722484588623047,39,16,242,7949,1,1,46,17,4,0.582270520716748,0.13027967503975982
SMAP,E-7,confirmation,zmax_smooth,5.952791940034342,81,43,200,7922,1,1,46,14,4,0.7591424224755547,0.3690338167365461
SMAP,E-7,confirmation,ztarget,2.1495089530944824,42,41,239,7924,1,1,43,48,7,0.5968534491424895,0.18242680093007413
SMAP,E-7,confirmation,ztarget_smooth,1.464647947658642,147,69,134,7896,1,1,46,36,4,0.8145230579514915,0.5685848316275388
SMAP,E-7,confirmation,pca,1.3154366993904119,40,23,241,7942,1,1,45,24,4,0.6199527291330175,0.1885096812948412
SMAP,E-7,confirmation,pca_smooth,0.34056780569775197,168,98,113,7867,1,1,45,14,3,0.8614454251585563,0.6090717621832796
SMAP,E-7,confirmation,iforest,0.7368152616647828,1,25,280,7940,1,1,44,21,1,0.5749846414361764,0.049725570013156015
SMAP,E-7,confirmation,iforest_smooth,0.5393218671685476,18,88,263,7877,1,1,49,39,4,0.6768218607654038,0.06616061157803783
SMAP,E-7,confirmation,subsequence_knn,0.9756672787666321,233,128,48,7837,1,1,46,44,3,0.9205103287737947,0.8083290395748579
SMAP,E-7,confirmation,subsequence_knn_smooth,0.8993293463063513,235,298,46,7667,1,1,46,14,1,0.9311324232127658,0.8134205352477663
SMAP,E-7,confirmation,gru_target,2.4878195631504068,48,50,233,7915,1,1,43,59,9,0.7231178219657622,0.22547524064920277
SMAP,E-7,confirmation,gru_target_smooth,0.9581266299753634,185,24,96,7941,1,1,46,13,3,0.9008299209396984,0.752074901460661
SMAP,E-7,confirmation,gru_context,1.4999020594358448,56,471,225,7494,1,1,43,100,8,0.714060848954389,0.20441622568753068
SMAP,E-7,confirmation,gru_context_smooth,0.7945128807549917,206,769,75,7196,1,1,46,77,8,0.8831520464308932,0.6092313113984149
SMAP,E-9,confirmation,zmax,25.129782423972884,2,16,349,7871,1,1,64,15,2,0.6904098019858131,0.07590657334990183
SMAP,E-9,confirmation,zmax_smooth,8.832413045894953,2,4,349,7883,1,1,78,3,1,0.6435885515383424,0.07597297704120504
SMAP,E-9,confirmation,ztarget,1.8439242839813232,1,0,350,7887,1,1,66,1,1,0.7606160304905075,0.13557412388900453
SMAP,E-9,confirmation,ztarget_smooth,1.8438368347736371,0,0,351,7887,1,0,0,0,0,0.7585969482761672,0.12750990494431977
SMAP,E-9,confirmation,pca,1.0300271496176692,3,69,348,7818,1,1,61,50,3,0.6307736377471385,0.05823882280698719
SMAP,E-9,confirmation,pca_smooth,0.24659568113705804,15,185,336,7702,1,1,64,28,3,0.49769338053856876,0.04345300382209366
SMAP,E-9,confirmation,iforest,0.7483671813614599,5,1,346,7886,1,1,63,4,3,0.6343407612584739,0.07556452559071465
SMAP,E-9,confirmation,iforest_smooth,0.5590638194999102,5,1,346,7886,1,1,66,3,2,0.5859055454592415,0.07163478179359621
SMAP,E-9,confirmation,subsequence_knn,0.8231451576948166,0,0,351,7887,1,0,0,0,0,0.3690211849207665,0.03217036243781371
SMAP,E-9,confirmation,subsequence_knn_smooth,0.7444263881904492,0,0,351,7887,1,0,0,0,0,0.35045227513846755,0.030343455541074607
SMAP,E-9,confirmation,gru_target,0.4760392040014267,4,0,347,7887,1,1,65,2,2,0.5266622163414353,0.08308239634098734
SMAP,E-9,confirmation,gru_target_smooth,0.2973599082567578,13,0,338,7887,1,1,66,1,1,0.5622249025317365,0.14828373084872293
SMAP,E-9,confirmation,gru_context,0.474815239906311,27,910,324,6977,1,1,13,163,8,0.3360190612631338,0.044412322393785786
SMAP,E-9,confirmation,gru_context_smooth,0.28814524530141766,69,1812,282,6075,1,1,14,116,4,0.29462959170072145,0.043942088726881615
SMAP,F-1,confirmation,zmax,11.462313652038574,0,4,101,8415,1,0,0,3,0,0.5533811428416866,0.012864633060393071
SMAP,F-1,confirmation,zmax_smooth,6.028240733139012,0,5,101,8414,1,0,0,2,0,0.491624907828709,0.011079712584218282
SMAP,F-1,confirmation,ztarget,3.6918283092975606,0,30,101,8389,1,0,0,26,0,0.5678321900369155,0.014034615852191727
SMAP,F-1,confirmation,ztarget_smooth,1.2882767432840463,3,99,98,8320,1,1,30,38,1,0.5590219670500131,0.015681926122364357
SMAP,F-1,confirmation,pca,1.42798558294773,0,6,101,8413,1,0,0,6,0,0.43076833517773916,0.010166900515130441
SMAP,F-1,confirmation,pca_smooth,0.32601356550831057,0,43,101,8376,1,0,0,3,0,0.42457360120143145,0.009438415604014722
SMAP,F-1,confirmation,iforest,0.7724808433073871,0,0,101,8419,1,0,0,0,0,0.5047805588255703,0.011454691153834993
SMAP,F-1,confirmation,iforest_smooth,0.5364134466774754,0,9,101,8410,1,0,0,7,0,0.41917327497092266,0.009393043965350472
SMAP,F-1,confirmation,subsequence_knn,1.1373388063907623,0,86,101,8333,1,0,0,26,0,0.485781218577969,0.011837734134217553
SMAP,F-1,confirmation,subsequence_knn_smooth,1.054815011947061,0,111,101,8308,1,0,0,6,0,0.49174486281031005,0.012496812596647418
SMAP,F-1,confirmation,gru_target,3.6098493301868424,1,27,100,8392,1,1,30,27,1,0.49780494143962445,0.015046974698683577
SMAP,F-1,confirmation,gru_target_smooth,1.1877680010911522,5,76,96,8343,1,1,30,29,2,0.5148197323592675,0.020017205138700964
SMAP,F-1,confirmation,gru_context,2.7438538324832873,3,237,98,8182,1,1,28,221,3,0.5091959605747961,0.01227217154593967
SMAP,F-1,confirmation,gru_context_smooth,1.1431005589187013,8,444,93,7975,1,1,29,94,2,0.5147679870730867,0.01257710539343954
SMAP,F-2,confirmation,zmax,5.129069871902463,4,35,2953,5570,1,1,10,31,4,0.7244512107377918,0.5471315744822067
SMAP,F-2,confirmation,zmax_smooth,1.5601488028624746,36,162,2921,5443,1,1,12,11,5,0.7576130303001964,0.6154981271832917
SMAP,F-2,confirmation,ztarget,5.129069871902463,4,0,2953,5605,1,1,10,4,4,0.7330282065538252,0.5726344682553665
SMAP,F-2,confirmation,ztarget_smooth,1.5504550396679286,36,0,2921,5605,1,1,12,5,5,0.7876312184426377,0.7561137777227193
SMAP,F-2,confirmation,pca,0.00013302373088663435,4,66,2953,5539,1,1,10,26,4,0.24167778600016834,0.24847708852882655
SMAP,F-2,confirmation,pca_smooth,4.098839692525058e-05,6,409,2951,5196,1,1,444,5,2,0.24428977098748433,0.24055095618082217
SMAP,F-2,confirmation,iforest,0.6392067374117251,4,33,2953,5572,1,1,10,27,4,0.6321130675573798,0.4510519818700621
SMAP,F-2,confirmation,iforest_smooth,0.4313592776273072,16,112,2941,5493,1,1,444,11,5,0.616703707647859,0.4033666472934656
SMAP,F-2,confirmation,subsequence_knn,1.2684347891807555,75,0,2882,5605,1,1,451,7,7,0.8190664164351542,0.7933517573930928
SMAP,F-2,confirmation,subsequence_knn_smooth,1.1504206982831102,131,0,2826,5605,1,1,460,2,2,0.8337895804780806,0.8302872712535005
SMAP,F-2,confirmation,gru_target,4.784525814056394,4,0,2953,5605,1,1,10,4,4,0.724250082282565,0.5384190501389976
SMAP,F-2,confirmation,gru_target_smooth,1.3935013744736242,45,0,2912,5605,1,1,12,5,5,0.7564656297203117,0.6286129773181706
SMAP,F-2,confirmation,gru_context,4.893603916168212,4,0,2953,5605,1,1,10,4,4,0.7303687676801928,0.5521592042004491
SMAP,F-2,confirmation,gru_context_smooth,1.417007432968307,45,0,2912,5605,1,1,12,5,5,0.7720137311575943,0.6764535437107609
SMAP,F-3,confirmation,zmax,11.485776901245117,2,15,39,8256,1,1,14,15,2,0.6686910775527777,0.03828150550025797
SMAP,F-3,confirmation,zmax_smooth,8.027551891651825,7,6,34,8265,1,1,14,5,2,0.841509122381757,0.28330276021420214
SMAP,F-3,confirmation,ztarget,4.035283460617065,0,8,41,8263,1,0,0,1,0,0.6693265626889131,0.007601446712577076
SMAP,F-3,confirmation,ztarget_smooth,4.020248871448033,0,23,41,8248,1,0,0,1,0,0.6693265626889131,0.007601446712577076
SMAP,F-3,confirmation,pca,1.026346697807312,7,159,34,8112,1,1,10,137,5,0.6815438012922023,0.02829425307434111
SMAP,F-3,confirmation,pca_smooth,0.2631961969989992,26,254,15,8017,1,1,11,43,2,0.868258475838295,0.07372288067864212
SMAP,F-3,confirmation,iforest,0.7375741060264822,7,24,34,8247,1,1,13,23,2,0.8069820796140497,0.1107655480016112
SMAP,F-3,confirmation,iforest_smooth,0.6029967167029092,7,9,34,8262,1,1,15,5,2,0.9654537894671656,0.2658372775356212
SMAP,F-3,confirmation,subsequence_knn,2.3041762256622316,0,71,41,8200,1,0,0,1,0,0.6693265626889131,0.007601446712577076
SMAP,F-3,confirmation,subsequence_knn_smooth,2.2891416825404853,0,86,41,8185,1,0,0,1,0,0.6693265626889131,0.007601446712577076
SMAP,F-3,confirmation,gru_target,1.6644141340255738,0,7,41,8264,1,0,0,1,0,0.6702613598497247,0.007603789972005192
SMAP,F-3,confirmation,gru_target_smooth,1.652015346288339,0,22,41,8249,1,0,0,1,0,0.6693265626889131,0.007601446712577076
SMAP,F-3,confirmation,gru_context,2.2127483057975756,0,0,41,8271,1,0,0,0,0,0.7510166287734695,0.03361488355947004
SMAP,F-3,confirmation,gru_context_smooth,1.9428559534316965,0,0,41,8271,1,0,0,0,0,0.7298347738646048,0.008548851449565676
MSL,F-4,confirmation,zmax,14.03430290222164,0,12,71,3275,1,0,0,10,0,0.792425988850658,0.05283010319911909
MSL,F-4,confirmation,zmax_smooth,5.585993180824157,0,15,71,3272,1,0,0,6,0,0.828037895765221,0.0682261679644668
MSL,F-4,confirmation,ztarget,1.168626079559326,56,935,15,2352,1,1,0,30,1,0.8476113755854262,0.10537753981872568
MSL,F-4,confirmation,ztarget_smooth,1.1678546467949362,71,1020,0,2267,1,1,0,16,1,0.8895306735453794,0.09897936161912854
MSL,F-4,confirmation,pca,1e-06,0,0,71,3287,1,0,0,0,0,0.7847002918025341,0.052227532419831725
MSL,F-4,confirmation,pca_smooth,1e-06,0,0,71,3287,1,0,0,0,0,0.6826379634668369,0.030858763148633797
MSL,F-4,confirmation,iforest,0.6121079305937911,7,84,64,3203,1,1,8,55,5,0.7897136393046444,0.06852068077850777
MSL,F-4,confirmation,iforest_smooth,0.5968836993713897,0,0,71,3287,1,0,0,0,0,0.8713626449907232,0.1139390124808049
MSL,F-4,confirmation,subsequence_knn,0.5810724711418152,17,543,54,2744,1,1,54,92,1,0.5977538489225589,0.026076465374713316
MSL,F-4,confirmation,subsequence_knn_smooth,0.49734389626543635,16,654,55,2633,1,1,55,23,1,0.5265514596554074,0.021422929106778343
MSL,F-4,confirmation,gru_target,1.4155429220199578,2,62,69,3225,1,1,56,19,1,0.8235944416116411,0.08561625624918319
MSL,F-4,confirmation,gru_target_smooth,0.4570453366628436,35,263,36,3024,1,1,32,17,1,0.84018562240495,0.08480486949802263
MSL,F-4,confirmation,gru_context,0.561319279670714,27,153,44,3134,1,1,29,42,3,0.776001919640753,0.07806825806913363
MSL,F-4,confirmation,gru_context_smooth,0.4543656694294596,34,179,37,3108,1,1,37,7,1,0.8004601995912194,0.08626328890168379
MSL,F-7,confirmation,zmax,21.134415245056168,0,29,423,4538,3,0,0,29,0,0.5395063568896198,0.11514189684331005
MSL,F-7,confirmation,zmax_smooth,6.844554980080214,0,15,423,4552,3,0,0,9,0,0.511178715018472,0.07830761619176908
MSL,F-7,confirmation,ztarget,2.745884418487549,0,0,423,4567,3,0,0,0,0,0.5860961124647421,0.18412655700566044
MSL,F-7,confirmation,ztarget_smooth,1.5891807629829215,159,87,264,4480,3,3,160,52,22,0.7642052322111396,0.45517847641927556
MSL,F-7,confirmation,pca,1e-06,0,0,423,4567,3,0,0,0,0,0.5327933302999572,0.11281522071309956
MSL,F-7,confirmation,pca_smooth,1e-06,0,0,423,4567,3,0,0,0,0,0.31592817421309516,0.058037698059570715
MSL,F-7,confirmation,iforest,0.6769263643429279,0,6,423,4561,3,0,0,6,0,0.6601143675902934,0.1369136971433792
MSL,F-7,confirmation,iforest_smooth,0.5564563533822372,0,0,423,4567,3,0,0,0,0,0.7160791183125319,0.1818339631661006
MSL,F-7,confirmation,subsequence_knn,1.3480456864833832,149,254,274,4313,3,3,228,96,12,0.7163480327832363,0.40459708899014674
MSL,F-7,confirmation,subsequence_knn_smooth,1.2625325379420202,178,502,245,4065,3,3,244,18,4,0.6917204883838783,0.39105124564673055
MSL,F-7,confirmation,gru_target,3.0654277634620666,2,42,421,4525,3,1,3,44,2,0.6391964970201999,0.13506103526864396
MSL,F-7,confirmation,gru_target_smooth,1.3045243087246103,40,54,383,4513,3,3,258,38,18,0.7493432430515762,0.2884946276303514
MSL,F-7,confirmation,gru_context,2.9884351229667665,1,16,422,4551,3,1,120,17,1,0.6973982330843997,0.1763565947775102
MSL,F-7,confirmation,gru_context_smooth,1.1278512661088944,190,137,233,4430,3,3,165,54,25,0.7739663875029054,0.39301513241671077
MSL,F-8,confirmation,zmax,11.518101692199707,17,18,520,1868,1,1,0,34,16,0.5324600950648808,0.24322084067576163
MSL,F-8,confirmation,zmax_smooth,5.9662116820078,12,11,525,1875,1,1,0,9,5,0.6280226149358895,0.2935652339603766
MSL,F-8,confirmation,ztarget,4.073718070983887,0,1,537,1885,1,0,0,1,0,0.5539133791872288,0.2984346100000899
MSL,F-8,confirmation,ztarget_smooth,2.1855436181245556,60,33,477,1853,1,1,38,4,2,0.5663439911056871,0.367163851024951
MSL,F-8,confirmation,pca,1e-06,0,0,537,1886,1,0,0,0,0,0.5663538648988627,0.24456804590631578
MSL,F-8,confirmation,pca_smooth,1e-06,0,0,537,1886,1,0,0,0,0,0.6466663112101123,0.3069564920724598
MSL,F-8,confirmation,iforest,0.7077608652163597,0,0,537,1886,1,0,0,0,0,0.5070874087414666,0.21760026451671394
MSL,F-8,confirmation,iforest_smooth,0.47916009372792545,16,0,521,1886,1,1,125,2,2,0.47741468549006594,0.28319337186357113
MSL,F-8,confirmation,subsequence_knn,1.3000872588157655,139,107,398,1779,1,1,45,5,2,0.5234626010335887,0.4311267337362479
MSL,F-8,confirmation,subsequence_knn_smooth,1.1883543284205562,140,111,397,1775,1,1,52,3,1,0.5407767910567132,0.4421960324434162
MSL,F-8,confirmation,gru_target,3.4637532377243048,0,3,537,1883,1,0,0,3,0,0.5126137707818661,0.2581523395030507
MSL,F-8,confirmation,gru_target_smooth,1.0437969067761648,63,36,474,1850,1,1,39,5,3,0.4059353345537341,0.31533232404200906
MSL,F-8,confirmation,gru_context,3.3302702903747594,3,8,534,1878,1,1,65,11,3,0.558715498498196,0.24757241654169052
MSL,F-8,confirmation,gru_context_smooth,1.0797144100306504,0,0,537,1886,1,0,0,0,0,0.5765416446974769,0.27406581935979324
SMAP,G-2,confirmation,zmax,11.579764366149902,0,31,41,7225,1,0,0,25,0,0.5372072229542582,0.006197524856462442
SMAP,G-2,confirmation,zmax_smooth,5.226900084111884,0,80,41,7176,1,0,0,15,0,0.5872112566219377,0.006389653003894668
SMAP,G-2,confirmation,ztarget,1e-06,1,0,40,7256,1,1,11,1,1,0.5121951219512195,0.029871948712634995
SMAP,G-2,confirmation,ztarget_smooth,1e-06,30,69,11,7187,1,1,11,1,1,0.8050293113184714,0.7332147858959746
SMAP,G-2,confirmation,pca,1.0359475752711267,2,101,39,7155,1,1,15,80,2,0.5644647322989217,0.016186975563446827
SMAP,G-2,confirmation,pca_smooth,0.36043646236555027,3,293,38,6963,1,1,23,27,1,0.8067368973028208,0.017515536149793873
SMAP,G-2,confirmation,iforest,0.7712257228419613,0,0,41,7256,1,0,0,0,0,0.5530292844273537,0.009126281461937462
SMAP,G-2,confirmation,iforest_smooth,0.5444024777159758,4,35,37,7221,1,1,23,22,1,0.6536961841503751,0.05017702500838209
SMAP,G-2,confirmation,subsequence_knn,1e-06,30,34,11,7222,1,1,11,1,1,0.8635107698927044,0.34449527370085264
SMAP,G-2,confirmation,subsequence_knn_smooth,1e-06,30,133,11,7123,1,1,11,1,1,0.8013418667814021,0.2025248083598255
SMAP,G-2,confirmation,gru_target,1.1254101991653442e-05,18,1,23,7255,1,1,11,2,1,0.5737875467233172,0.4415223555703534
SMAP,G-2,confirmation,gru_target_smooth,1.1254101991653442e-05,30,3290,11,3966,1,1,11,1,1,0.8050293113184714,0.7332147858959746
SMAP,G-2,confirmation,gru_context,0.028285070657730015,2,140,39,7116,1,1,11,65,2,0.5742161239142711,0.035538948646546255
SMAP,G-2,confirmation,gru_context_smooth,0.012768922277004805,26,304,15,6952,1,1,11,29,1,0.8244816737031758,0.3153751777018204
SMAP,G-3,confirmation,zmax,9.70401687622067,0,90,51,7702,1,0,0,79,0,0.5305428896404557,0.006912902484347784
SMAP,G-3,confirmation,zmax_smooth,5.4002334039503275,0,91,51,7701,1,0,0,21,0,0.5730638764746144,0.007680321248789112
SMAP,G-3,confirmation,ztarget,1e-06,1,1,50,7791,1,1,12,2,1,0.5097410113942907,0.025982954701707278
SMAP,G-3,confirmation,ztarget_smooth,1e-06,39,146,12,7646,1,1,12,2,1,0.8262697789588115,0.6100949695313391
SMAP,G-3,confirmation,pca,1.5614851236343312,0,24,51,7768,1,0,0,23,0,0.5360009763659057,0.008790559573139612
SMAP,G-3,confirmation,pca_smooth,0.3842145582587379,0,156,51,7636,1,0,0,10,0,0.75796946088497,0.01587122440796817
SMAP,G-3,confirmation,iforest,0.7425349602424591,0,61,51,7731,1,0,0,57,0,0.5323672846962193,0.008039703142377948
SMAP,G-3,confirmation,iforest_smooth,0.5474736749038664,0,24,51,7768,1,0,0,12,0,0.6051656802351331,0.009705368598467823
SMAP,G-3,confirmation,subsequence_knn,1e-06,39,89,12,7703,1,1,12,2,1,0.8797824314530741,0.4675226738342921
SMAP,G-3,confirmation,subsequence_knn_smooth,1e-06,39,274,12,7518,1,1,12,2,1,0.8243522768450295,0.2944037772463168
SMAP,G-3,confirmation,gru_target,0.0009615309536457062,38,65,13,7727,1,1,12,18,2,0.8702641220759351,0.45193891124971586
SMAP,G-3,confirmation,gru_target_smooth,0.0009615309536457062,39,3656,12,4136,1,1,12,1,1,0.8262848774006523,0.6155128779802351
SMAP,G-3,confirmation,gru_context,0.09255300611257544,1,38,50,7754,1,1,12,28,1,0.533227895881145,0.028918378325063353
SMAP,G-3,confirmation,gru_context_smooth,0.04013896142529657,16,44,35,7748,1,1,12,9,1,0.8498736763699319,0.30084453002804273
SMAP,G-6,confirmation,zmax,4.03559440612793,17,115,84,8360,1,1,36,25,1,0.6823844154326937,0.10129675311602751
SMAP,G-6,confirmation,zmax_smooth,4.020588956904698,53,201,48,8274,1,1,0,18,1,0.6935588072081544,0.07159966905830739
SMAP,G-6,confirmation,ztarget,4.03559440612793,17,0,84,8475,1,1,36,1,1,0.6895610268991501,0.5313108896685835
SMAP,G-6,confirmation,ztarget_smooth,4.020588956904698,53,15,48,8460,1,1,0,1,1,0.707436548964631,0.5320965066056038
SMAP,G-6,confirmation,pca,0.00043108395067974924,17,118,84,8357,1,1,36,24,1,0.7181167674289552,0.10025997042834005
SMAP,G-6,confirmation,pca_smooth,0.0004273964062508357,53,517,48,7958,1,1,0,3,1,0.7196401764070213,0.03515041462724866
SMAP,G-6,confirmation,iforest,0.5474298599546916,0,117,101,8358,1,0,0,22,0,0.514543649055171,0.011897318280726932
SMAP,G-6,confirmation,iforest_smooth,0.5474298599546916,53,5536,48,2939,1,1,0,1,1,0.4965635678612109,0.011534596419290773
SMAP,G-6,confirmation,subsequence_knn,2.3050643539428712,101,183,0,8292,1,1,0,1,1,0.9998691550570986,0.9845643196990703
SMAP,G-6,confirmation,subsequence_knn_smooth,2.290117896551619,101,240,0,8235,1,1,0,1,1,0.9993714769707058,0.9220805909868681
SMAP,G-6,confirmation,gru_target,1.6647981071472169,17,0,84,8475,1,1,40,1,1,0.7304979701509974,0.5722738832674725
SMAP,G-6,confirmation,gru_target_smooth,1.6524214276249118,61,12,40,8463,1,1,0,1,1,0.7762411285376325,0.6134865340574724
SMAP,G-6,confirmation,gru_context,1.7693972015380859,17,134,84,8341,1,1,41,18,1,0.7275189111831537,0.136334891567416
SMAP,G-6,confirmation,gru_context_smooth,1.756902552775034,62,110,39,8365,1,1,0,10,1,0.7748287041093489,0.19256643761018685
SMAP,G-7,confirmation,zmax,12.003684043884277,0,0,268,7697,3,0,0,0,0,0.6747252273128318,0.2693412909330995
SMAP,G-7,confirmation,zmax_smooth,2.414126722047911,152,0,116,7697,3,3,81,9,9,0.815222397173545,0.7208145151727783
SMAP,G-7,confirmation,ztarget,12.003684043884277,0,0,268,7697,3,0,0,0,0,0.6792991163449997,0.2693412909330995
SMAP,G-7,confirmation,ztarget_smooth,2.414126722047911,152,0,116,7697,3,3,81,9,9,0.8277910176285004,0.7232909643856262
SMAP,G-7,confirmation,pca,1e-06,0,0,268,7697,3,0,0,0,0,0.5,0.033647206528562464
SMAP,G-7,confirmation,pca_smooth,1e-06,0,0,268,7697,3,0,0,0,0,0.5,0.033647206528562464
SMAP,G-7,confirmation,iforest,0.8303824733302414,0,0,268,7697,3,0,0,0,0,0.6792991163449997,0.2693412909330995
SMAP,G-7,confirmation,iforest_smooth,0.5381237069762882,165,1,103,7696,3,3,79,7,6,0.8194751201766922,0.7221289323050737
SMAP,G-7,confirmation,subsequence_knn,1.5111044645309448,184,138,84,7559,3,3,84,4,3,0.8544640381307702,0.5087395237243413
SMAP,G-7,confirmation,subsequence_knn_smooth,0.9346147370037279,191,560,77,7137,3,3,68,192,8,0.8323464850620225,0.4016903329362063
SMAP,G-7,confirmation,gru_target,11.776575803756714,0,0,268,7697,3,0,0,0,0,0.6107550140682839,0.3133982536911261
SMAP,G-7,confirmation,gru_target_smooth,2.4464793509585148,136,0,132,7697,3,3,81,11,11,0.8315555682675358,0.7173655392388754
SMAP,G-7,confirmation,gru_context,11.790729880332947,0,0,268,7697,3,0,0,0,0,0.6090253229112331,0.31297134550436795
SMAP,G-7,confirmation,gru_context_smooth,2.4200574493434757,140,0,128,7697,3,3,81,11,11,0.8306691500274386,0.7174499954638756
MSL,M-2,confirmation,zmax,19.03346344947822,2,3,1139,1069,1,1,268,5,2,0.8431409178908262,0.8438031995264423
MSL,M-2,confirmation,zmax_smooth,11.56122913264883,413,11,728,1061,1,1,93,24,23,0.8807032977095243,0.8861801997008228
MSL,M-2,confirmation,ztarget,12.32860489845276,630,10,511,1062,1,1,40,25,24,0.833343689091789,0.8679861224864692
MSL,M-2,confirmation,ztarget_smooth,11.479120849708552,367,9,774,1063,1,1,93,23,22,0.8708639645767655,0.8757815042792018
MSL,M-2,confirmation,pca,5.345774970054626,581,10,560,1062,1,1,40,44,43,0.8060850164166025,0.8577445748222852
MSL,M-2,confirmation,pca_smooth,4.778817089467816,417,13,724,1059,1,1,90,27,26,0.8886156422096354,0.8935885679540316
MSL,M-2,confirmation,iforest,0.5947816292875818,25,2,1116,1070,1,1,45,25,23,0.6902130724554267,0.6536058309769686
MSL,M-2,confirmation,iforest_smooth,0.4768165641682667,96,18,1045,1054,1,1,72,27,20,0.818584280612712,0.7721857425521623
MSL,M-2,confirmation,subsequence_knn,9.423402194976807,664,16,477,1056,1,1,96,23,22,0.9567878726437925,0.96458567558111
MSL,M-2,confirmation,subsequence_knn_smooth,8.994916242134,921,24,220,1048,1,1,99,11,10,0.9579676115478698,0.9684233738234959
MSL,M-2,confirmation,gru_target,10.229822745323185,260,4,881,1068,1,1,40,29,26,0.8463220433764569,0.8751826591888936
MSL,M-2,confirmation,gru_target_smooth,8.33607725174082,446,13,695,1059,1,1,90,23,22,0.8788686933431004,0.8893234620665218
MSL,M-2,confirmation,gru_context,10.397434453964236,280,4,861,1068,1,1,40,30,27,0.8263044985414731,0.8671813053219145
MSL,M-2,confirmation,gru_context_smooth,8.61482283314063,428,12,713,1060,1,1,91,23,22,0.8776178267296297,0.8865690421771982
MSL,M-5,confirmation,zmax,12.303454399108887,4,2,297,1936,1,1,20,5,3,0.44301331303635283,0.14097868626023383
MSL,M-5,confirmation,zmax_smooth,3.1496297271135916,39,50,262,1888,1,1,106,35,8,0.5200844107532854,0.2348883781086636
MSL,M-5,confirmation,ztarget,2.085921266078949,11,162,290,1776,1,1,46,10,2,0.39932937679355707,0.14823383617717473
MSL,M-5,confirmation,ztarget_smooth,2.0717909058829407,0,48,301,1890,1,0,0,3,0,0.30121644741127784,0.093100734254606
MSL,M-5,confirmation,pca,0.3915898776054401,0,8,301,1930,1,0,0,8,0,0.45825147684532813,0.1487613521754816
MSL,M-5,confirmation,pca_smooth,0.1990720500399959,0,48,301,1890,1,0,0,16,0,0.5947392420860633,0.16367867045709977
MSL,M-5,confirmation,iforest,0.622512112201365,0,18,301,1920,1,0,0,15,0,0.550234169555215,0.15333734853043496
MSL,M-5,confirmation,iforest_smooth,0.514402701745065,0,15,301,1923,1,0,0,12,0,0.6077385666628953,0.18670509534801655
MSL,M-5,confirmation,subsequence_knn,1.068458461761475,0,15,301,1923,1,0,0,6,0,0.558655530755754,0.1387042031115951
MSL,M-5,confirmation,subsequence_knn_smooth,1.0222070413048157,0,14,301,1924,1,0,0,2,0,0.5665120393322567,0.14423768494615513
MSL,M-5,confirmation,gru_target,2.039089841842653,0,8,301,1930,1,0,0,8,0,0.2962270587549585,0.10032830130124719
MSL,M-5,confirmation,gru_target_smooth,0.870640125210901,3,4,298,1934,1,1,142,2,1,0.30072959416324674,0.1072786901514918
MSL,M-5,confirmation,gru_context,2.0768041086196924,0,8,301,1930,1,0,0,8,0,0.4218634822349993,0.11737619937384265
MSL,M-5,confirmation,gru_context_smooth,0.8524039357595338,4,22,297,1916,1,1,141,7,1,0.39353513743318624,0.10983109736607699
MSL,M-6,confirmation,zmax,12.59167625427242,168,37,13,1767,1,1,13,20,1,0.981780818561576,0.8636851273512076
MSL,M-6,confirmation,zmax_smooth,3.366020890546195,176,303,5,1501,1,1,1,48,2,0.9800872217662407,0.7286721552327351
MSL,M-6,confirmation,ztarget,1e-06,181,858,0,946,1,1,0,1,1,0.9919270865235021,0.8799209723893741
MSL,M-6,confirmation,ztarget_smooth,1e-06,181,858,0,946,1,1,0,1,1,0.9900221729490022,0.7635214825488821
MSL,M-6,confirmation,pca,0.0723713645339012,6,30,175,1774,1,1,15,36,6,0.5159743234800505,0.09782814304949226
MSL,M-6,confirmation,pca_smooth,0.05534807960929181,0,21,181,1783,1,0,0,7,0,0.5306715585990616,0.09865759826248927
MSL,M-6,confirmation,iforest,0.5667245446381899,2,16,179,1788,1,1,1,18,2,0.4629552498438093,0.0850451839480362
MSL,M-6,confirmation,iforest_smooth,0.4202401571321687,2,183,179,1621,1,1,44,61,2,0.3446515416937193,0.0641944064380653
MSL,M-6,confirmation,subsequence_knn,1e-06,181,858,0,946,1,1,0,1,1,0.9912655731278559,0.852216830123295
MSL,M-6,confirmation,subsequence_knn_smooth,1e-06,181,858,0,946,1,1,0,1,1,0.9900221729490022,0.763521482548882
MSL,M-6,confirmation,gru_target,7.499754428863525e-05,181,858,0,946,1,1,0,1,1,0.9898047310458037,0.8447453363077493
MSL,M-6,confirmation,gru_target_smooth,7.499754428863525e-05,181,858,0,946,1,1,0,1,1,0.9900221729490022,0.7635214825488821
MSL,M-6,confirmation,gru_context,0.02897307932376848,181,882,0,922,1,1,0,21,1,0.9895153189352084,0.8343277889327396
MSL,M-6,confirmation,gru_context_smooth,0.008663896097454321,181,933,0,871,1,1,0,17,1,0.9902518651002683,0.8920133276709122
MSL,M-7,confirmation,zmax,15.241652865409709,1,21,100,1970,1,1,30,22,1,0.7413161205623325,0.37387902044398824
MSL,M-7,confirmation,zmax_smooth,3.98002200838929,60,52,41,1939,1,1,17,16,1,0.873097254476829,0.6446956059704227
MSL,M-7,confirmation,ztarget,0.14922767877578735,101,1989,0,2,1,1,0,3,1,0.8306612429198722,0.6158760293862277
MSL,M-7,confirmation,ztarget_smooth,0.14922767877578735,101,1988,0,3,1,1,0,2,1,0.9897011800627578,0.8621612166660315
MSL,M-7,confirmation,pca,0.05856482267379755,49,27,52,1964,1,1,15,23,1,0.7679781790333728,0.5373629005712948
MSL,M-7,confirmation,pca_smooth,0.04327513820682731,85,52,16,1939,1,1,15,11,1,0.9272120582223967,0.8316347897129024
MSL,M-7,confirmation,iforest,0.5569474896028094,29,37,72,1954,1,1,17,48,13,0.7782297566773253,0.43717229795662416
MSL,M-7,confirmation,iforest_smooth,0.4243210827439153,59,18,42,1973,1,1,17,6,1,0.8824810657861364,0.6638067886922956
MSL,M-7,confirmation,subsequence_knn,1e-06,101,1991,0,0,1,1,0,1,1,0.989581831111288,0.8744262884715681
MSL,M-7,confirmation,subsequence_knn_smooth,1e-06,101,1991,0,0,1,1,0,1,1,0.9790443132711062,0.7870215183481845
MSL,M-7,confirmation,gru_target,0.05092186480760574,91,1982,10,9,1,1,0,4,3,0.8638153870635681,0.7301304824830649
MSL,M-7,confirmation,gru_target_smooth,0.05092186480760574,101,1991,0,0,1,1,0,1,1,0.9904520838824215,0.8639247320154981
MSL,M-7,confirmation,gru_context,0.2203838641941547,60,118,41,1873,1,1,1,43,2,0.7812283990830022,0.5678786616999488
MSL,M-7,confirmation,gru_context_smooth,0.13445712645159294,98,274,3,1717,1,1,1,31,2,0.9824606770069272,0.8381097166632558
SMAP,P-1,confirmation,zmax,13.088162422180176,4,33,747,7657,3,1,92,30,3,0.5313274541616813,0.1026748134011919
SMAP,P-1,confirmation,zmax_smooth,7.019809868659421,10,38,741,7652,3,1,93,18,1,0.5084508042159652,0.09613747109053326
SMAP,P-1,confirmation,ztarget,3.605275249481201,0,1,751,7689,3,0,0,1,0,0.5368000879624739,0.10354389116758861
SMAP,P-1,confirmation,ztarget_smooth,2.2460142730771957,0,13,751,7677,3,0,0,5,0,0.5276300866291845,0.09938960865942632
SMAP,P-1,confirmation,pca,1.5816827774047848,1,33,750,7657,3,1,209,34,1,0.4769773808307605,0.09092777413959181
SMAP,P-1,confirmation,pca_smooth,0.3969694557562056,8,74,743,7616,3,2,339,38,5,0.4770495862473789,0.08928507164412224
SMAP,P-1,confirmation,iforest,0.7698694042101449,3,23,748,7667,3,2,108,21,3,0.511166299290586,0.09383137219329712
SMAP,P-1,confirmation,iforest_smooth,0.5550534735275157,4,64,747,7626,3,2,56,33,2,0.44927318408571837,0.08334292555363641
SMAP,P-1,confirmation,subsequence_knn,1.12012836933136,0,0,751,7690,3,0,0,0,0,0.4864240830171821,0.08391742148004722
SMAP,P-1,confirmation,subsequence_knn_smooth,1.0555089783516314,0,0,751,7690,3,0,0,0,0,0.4675719759869372,0.0852475558060635
SMAP,P-1,confirmation,gru_target,1.8237948656082144,8,41,743,7649,3,3,249,49,8,0.4710748044653076,0.08509353393940976
SMAP,P-1,confirmation,gru_target_smooth,0.7769500320647512,4,10,747,7680,3,2,226,8,2,0.385443768949593,0.07300176595209204
SMAP,P-1,confirmation,gru_context,1.6015224933624266,9,40,742,7650,3,3,142,47,8,0.456929209255453,0.08386034917929974
SMAP,P-1,confirmation,gru_context_smooth,0.8533996692709485,0,4,751,7686,3,0,0,3,0,0.40429578940259975,0.07540700280545691
MSL,P-10,confirmation,zmax,19.187049865722656,22,27,109,5878,1,1,0,22,7,0.7590113178765568,0.10568756369536925
MSL,P-10,confirmation,zmax_smooth,4.891913501726294,59,128,72,5777,1,1,0,20,3,0.8139718572047236,0.3855403758629842
MSL,P-10,confirmation,ztarget,0.004068851470947266,104,1384,27,4521,1,1,27,6,1,0.737535146175773,0.10869340308241364
MSL,P-10,confirmation,ztarget_smooth,0.0014772906293668657,104,1403,27,4502,1,1,27,10,1,0.719983711565435,0.04058337367784488
MSL,P-10,confirmation,pca,1.03502650347309e-06,104,1384,27,4521,1,1,27,6,1,0.7486765646915862,0.10958189872930801
MSL,P-10,confirmation,pca_smooth,1e-06,104,1379,27,4526,1,1,27,1,1,0.7632437253976769,0.048340675944242475
MSL,P-10,confirmation,iforest,0.6465885598030336,7,66,124,5839,1,1,41,67,4,0.7703783182837678,0.05788586737858267
MSL,P-10,confirmation,iforest_smooth,0.41907066862353026,102,1399,29,4506,1,1,29,15,1,0.8054346491199722,0.17512721660779706
MSL,P-10,confirmation,subsequence_knn,0.0015812598267802968,104,1383,27,4522,1,1,27,5,1,0.7265695393346303,0.038344095730007924
MSL,P-10,confirmation,subsequence_knn_smooth,0.0015229028149091005,104,1379,27,4526,1,1,27,1,1,0.7393940960888365,0.03952184415473499
MSL,P-10,confirmation,gru_target,0.00411141000688076,104,1383,27,4522,1,1,27,5,1,0.7359644756998532,0.11422539268468856
MSL,P-10,confirmation,gru_target_smooth,0.0014863306773519277,104,1385,27,4520,1,1,27,3,1,0.7117386611165334,0.040295687420883616
MSL,P-10,confirmation,gru_context,0.01890258720144627,112,1421,19,4484,1,1,2,24,2,0.7959485750851587,0.10695283888905674
MSL,P-10,confirmation,gru_context_smooth,0.009388228307372721,129,1484,2,4421,1,1,2,9,1,0.786980886944044,0.048270889557050854
MSL,P-14,confirmation,zmax,15.194683508872945,2,10,179,5845,1,1,4,9,1,0.7302050945737458,0.05949705271785963
MSL,P-14,confirmation,zmax_smooth,3.765442683090769,2,23,179,5832,1,1,5,12,1,0.6570981028633976,0.04631702652581614
MSL,P-14,confirmation,ztarget,0.0002657771110534668,181,5855,0,0,1,1,0,1,1,0.7525064755533118,0.2643818389301811
MSL,P-14,confirmation,ztarget_smooth,9.771933590866958e-05,181,5855,0,0,1,1,0,1,1,0.6961665668008172,0.14700067177397996
MSL,P-14,confirmation,pca,1e-06,181,5848,0,7,1,1,0,8,1,0.7529174195922641,0.2645637158825517
MSL,P-14,confirmation,pca_smooth,1e-06,181,5855,0,0,1,1,0,1,1,0.700317526220683,0.1612077795218474
MSL,P-14,confirmation,iforest,0.6511563513644851,14,576,167,5279,1,1,1,557,10,0.48841147246297495,0.029110934055115327
MSL,P-14,confirmation,iforest_smooth,0.4338559426338923,181,5855,0,0,1,1,0,1,1,0.3326023467688286,0.034886817258328456
MSL,P-14,confirmation,subsequence_knn,0.00010232829790766117,181,5855,0,0,1,1,0,1,1,0.6587588640770745,0.052954415307971264
MSL,P-14,confirmation,subsequence_knn_smooth,9.754447371578138e-05,181,5855,0,0,1,1,0,1,1,0.6593184273723642,0.046062806868664236
MSL,P-14,confirmation,gru_target,0.00026783404871821403,181,5855,0,0,1,1,0,1,1,0.7556397469226377,0.2685588558191706
MSL,P-14,confirmation,gru_target_smooth,9.739461438989571e-05,181,5855,0,0,1,1,0,1,1,0.6966836674514393,0.14761852594038333
MSL,P-14,confirmation,gru_context,0.007306027682498095,152,1639,29,4216,1,1,5,136,4,0.7736259795896221,0.27191304343499256
MSL,P-14,confirmation,gru_context_smooth,0.007798586511344499,151,1496,30,4359,1,1,20,28,2,0.801574892310015,0.15711536196739345
SMAP,P-4,confirmation,zmax,31.518620724677334,0,0,443,7276,3,0,0,0,0,0.5045680346778487,0.058134902009343924
SMAP,P-4,confirmation,zmax_smooth,8.338763663506635,0,1,443,7275,3,0,0,1,0,0.8085365535847469,0.15406902018673052
SMAP,P-4,confirmation,ztarget,1e-06,15,0,428,7276,3,3,154,8,8,0.5169300225733634,0.08930764198569564
SMAP,P-4,confirmation,ztarget_smooth,1e-06,289,173,154,7103,3,3,154,3,3,0.7220367651712486,0.6516860937180294
SMAP,P-4,confirmation,pca,1.5991699695587158,0,0,443,7276,3,0,0,0,0,0.4885926333150083,0.05742060920285159
SMAP,P-4,confirmation,pca_smooth,0.4127065395610557,0,2,443,7274,3,0,0,2,0,0.5662631838246153,0.06111950831799812
SMAP,P-4,confirmation,iforest,0.7678757854979628,0,0,443,7276,3,0,0,0,0,0.48804288070368335,0.05739085373753077
SMAP,P-4,confirmation,iforest_smooth,0.5514833721451142,0,0,443,7276,3,0,0,0,0,0.5691186708644767,0.06099344284122591
SMAP,P-4,confirmation,subsequence_knn,1e-06,269,49,174,7227,3,3,154,4,4,0.800515191414428,0.5405791132746623
SMAP,P-4,confirmation,subsequence_knn_smooth,1e-06,289,353,154,6923,3,3,154,3,3,0.7193854187737414,0.5175802599950627
SMAP,P-4,confirmation,gru_target,1.1309981346130371e-05,143,18,300,7258,3,3,154,35,22,0.5284788605849715,0.34881147558104597
SMAP,P-4,confirmation,gru_target_smooth,1.1309981346130371e-05,289,950,154,6326,3,3,154,3,3,0.8025190582973554,0.6497226949100043
SMAP,P-4,confirmation,gru_context,0.10532691076397825,15,0,428,7276,3,3,154,8,8,0.4842644173553053,0.12056422319019039
SMAP,P-4,confirmation,gru_context_smooth,0.02801510255841575,139,0,304,7276,3,3,154,5,5,0.849932118582755,0.5696299535038098
SMAP,P-7,confirmation,zmax,2.405933232307426,30,95,1621,6261,1,1,88,71,30,0.6745947304282661,0.2903076621904357
SMAP,P-7,confirmation,zmax_smooth,1.8254550605760556,30,405,1621,5951,1,1,177,47,9,0.7281995121670448,0.29583214724075674
SMAP,P-7,confirmation,ztarget,2.405933232307426,30,24,1621,6332,1,1,88,54,30,0.6821072931369854,0.31200851839925153
SMAP,P-7,confirmation,ztarget_smooth,1.824260686380168,30,256,1621,6100,1,1,177,40,9,0.7495263850236273,0.31575664366886097
SMAP,P-7,confirmation,pca,3.8486308294522774e-05,41,87,1610,6269,1,1,88,73,40,0.7388268795272162,0.4258817684241475
SMAP,P-7,confirmation,pca_smooth,1.857310310982048e-05,572,603,1079,5753,1,1,103,65,35,0.8087496983920724,0.4063685184875021
SMAP,P-7,confirmation,iforest,0.6320004372026671,32,75,1619,6281,1,1,88,68,31,0.5719211500629517,0.2987658776250925
SMAP,P-7,confirmation,iforest_smooth,0.5314008473302434,159,330,1492,6026,1,1,176,64,27,0.6719158516740813,0.3300176228050795
SMAP,P-7,confirmation,subsequence_knn,0.5604371505975723,1292,532,359,5824,1,1,88,83,29,0.9023582214032801,0.7935226969858485
SMAP,P-7,confirmation,subsequence_knn_smooth,0.5110111013737343,1431,1109,220,5247,1,1,95,30,3,0.9106043632041759,0.8178691877572931
SMAP,P-7,confirmation,gru_target,1.5800730288028644,42,27,1609,6329,1,1,88,63,39,0.7574756359877245,0.5084813009233451
SMAP,P-7,confirmation,gru_target_smooth,0.6759480083725761,218,9,1433,6347,1,1,88,39,37,0.9205619989639554,0.8291442577011209
SMAP,P-7,confirmation,gru_context,1.6052520787715823,40,31,1611,6325,1,1,88,63,38,0.7591968500125217,0.5000338787146374
SMAP,P-7,confirmation,gru_context_smooth,0.6925216993569439,196,20,1455,6336,1,1,88,38,34,0.9192973421528002,0.8054779528862247
SMAP,R-1,confirmation,zmax,0.2597927451133728,1,72,80,7027,1,1,49,18,1,0.5010390960994333,0.011311180171917125
SMAP,R-1,confirmation,zmax_smooth,0.2597927451133728,81,7073,0,26,1,1,0,1,1,0.6423405139656255,0.024064255308019086
SMAP,R-1,confirmation,ztarget,1e-06,81,7099,0,0,1,1,0,1,1,0.5061728395061729,0.023487740293682724
SMAP,R-1,confirmation,ztarget_smooth,1e-06,81,7099,0,0,1,1,0,1,1,0.5844937297724075,0.4018862409298806
SMAP,R-1,confirmation,pca,7.463906058546854e-06,0,72,81,7027,1,0,0,17,0,0.4949288632201719,0.01128133704735376
SMAP,R-1,confirmation,pca_smooth,7.463906058546854e-06,0,695,81,6404,1,0,0,1,0,0.4510494435836033,0.01128133704735376
SMAP,R-1,confirmation,iforest,0.4262551336680865,0,72,81,7027,1,0,0,17,0,0.4949288632201719,0.01128133704735376
SMAP,R-1,confirmation,iforest_smooth,0.4262551336680865,0,592,81,6507,1,0,0,1,0,0.4583039864769686,0.01128133704735376
SMAP,R-1,confirmation,subsequence_knn,1e-06,81,7099,0,0,1,1,0,1,1,0.6952770256287184,0.2043553767323498
SMAP,R-1,confirmation,subsequence_knn_smooth,1e-06,81,7099,0,0,1,1,0,1,1,0.5825790104326988,0.12464823798817454
SMAP,R-1,confirmation,gru_target,4.433095455169678e-06,81,7099,0,0,1,1,0,1,1,0.6726012531759819,0.37041464848696215
SMAP,R-1,confirmation,gru_target_smooth,4.433095455169678e-06,81,7099,0,0,1,1,0,1,1,0.5844937297724075,0.4018862409298806
SMAP,R-1,confirmation,gru_context,5.792081356048584e-05,81,7097,0,2,1,1,0,3,1,0.36454273684869537,0.023478143344158518
SMAP,R-1,confirmation,gru_context_smooth,5.792081356048584e-05,81,7099,0,0,1,1,0,1,1,0.6553044334187218,0.26180685823413175
SMAP,S-1,confirmation,zmax,26.607639608383046,0,15,448,6804,1,0,0,13,0,0.654211316070643,0.10476502686306169
SMAP,S-1,confirmation,zmax_smooth,8.8565828582693,0,1,448,6818,1,0,0,1,0,0.6514312032556093,0.09293824373727566
SMAP,S-1,confirmation,ztarget,2.474423408508301,0,0,448,6819,1,0,0,0,0,0.7360324945530345,0.17151431723835023
SMAP,S-1,confirmation,ztarget_smooth,1.1926153793187704,263,12,185,6807,1,1,48,9,1,0.7977512936542853,0.6515310421960882
SMAP,S-1,confirmation,pca,1.0022328984737396,1,113,447,6706,1,1,44,83,1,0.6024846214882786,0.08395482597282583
SMAP,S-1,confirmation,pca_smooth,0.2256121940366055,4,283,444,6536,1,1,0,38,2,0.3063757646701444,0.041457084756555414
SMAP,S-1,confirmation,iforest,0.7536530066274095,0,8,448,6811,1,0,0,8,0,0.5733322269184841,0.08948010146724691
SMAP,S-1,confirmation,iforest_smooth,0.5510654279581648,0,13,448,6806,1,0,0,4,0,0.4724682740452098,0.0529973531304693
SMAP,S-1,confirmation,subsequence_knn,1.165655722618103,298,17,150,6802,1,1,53,19,4,0.8056042203507008,0.7103693379995843
SMAP,S-1,confirmation,subsequence_knn_smooth,1.085187655739747,306,8,142,6811,1,1,58,4,1,0.8035151258039512,0.7201904060983076
SMAP,S-1,confirmation,gru_target,2.588017998933792,11,70,437,6749,1,1,200,80,11,0.7378261632413635,0.18402944098624013
SMAP,S-1,confirmation,gru_target_smooth,1.1472773233194578,264,54,184,6765,1,1,48,33,1,0.7891310780801543,0.6416411451846273
SMAP,S-1,confirmation,gru_context,2.5949727869033814,11,64,437,6755,1,1,200,74,11,0.7297614464835649,0.17333878716307152
SMAP,S-1,confirmation,gru_context_smooth,1.1707541888860102,263,25,185,6794,1,1,48,20,1,0.7919056260867743,0.6463695386591226
MSL,S-2,confirmation,zmax,23.537206649780273,0,2,11,1750,1,0,0,2,0,0.6167237442922375,0.014911271183266859
MSL,S-2,confirmation,zmax_smooth,4.178948073548461,5,103,6,1649,1,1,4,34,2,0.9001141552511414,0.0418326231566727
MSL,S-2,confirmation,ztarget,1e-06,3,0,8,1752,1,1,5,1,1,0.6363636363636364,0.2772649925230753
MSL,S-2,confirmation,ztarget_smooth,1e-06,6,103,5,1649,1,1,5,1,1,0.6536944790369448,0.5119269839632857
MSL,S-2,confirmation,pca,0.08851372450590134,0,0,11,1752,1,0,0,0,0,0.5695568700705687,0.007846022436981159
MSL,S-2,confirmation,pca_smooth,0.08850979539016189,0,0,11,1752,1,0,0,0,0,0.27973225404732255,0.004376757980774351
MSL,S-2,confirmation,iforest,0.5144600306575912,3,188,8,1564,1,1,1,178,3,0.5812318389373183,0.019244555286321758
MSL,S-2,confirmation,iforest_smooth,0.44808555970513037,11,709,0,1043,1,1,0,127,1,0.936332503113325,0.11406070909941225
MSL,S-2,confirmation,subsequence_knn,1e-06,6,60,5,1692,1,1,5,1,1,0.7528019925280199,0.04166322096675146
MSL,S-2,confirmation,subsequence_knn_smooth,1e-06,6,163,5,1589,1,1,5,1,1,0.6320049813200497,0.027793625587791707
MSL,S-2,confirmation,gru_target,0.00018512830138206482,6,29,5,1723,1,1,5,2,1,0.7728569946035699,0.5483397156795887
MSL,S-2,confirmation,gru_target_smooth,0.00018512830138206482,6,916,5,836,1,1,5,1,1,0.6536425902864258,0.5069683062773352
MSL,S-2,confirmation,gru_context,0.22654737360775395,3,10,8,1742,1,1,5,10,1,0.7425280199252802,0.2849110272658991
MSL,S-2,confirmation,gru_context_smooth,0.0683411919597805,6,45,5,1707,1,1,5,9,1,0.8621315898713158,0.5166534392239078
SMAP,T-1,confirmation,zmax,2.6108888149261475,0,27,1536,6985,2,0,0,23,0,0.723431334973379,0.27828995228675335
SMAP,T-1,confirmation,zmax_smooth,2.0456982603029172,1,177,1535,6835,2,1,27,11,1,0.7082788322696805,0.24695779272415938
SMAP,T-1,confirmation,ztarget,2.6108888149261475,0,3,1536,7009,2,0,0,3,0,0.7290008423060469,0.28385708213801514
SMAP,T-1,confirmation,ztarget_smooth,2.0456982603029172,1,7,1535,7005,2,1,27,4,1,0.735656099959593,0.2678887405035555
SMAP,T-1,confirmation,pca,1e-06,0,23,1536,6989,2,0,0,19,0,0.7295940404247481,0.3914793901374666
SMAP,T-1,confirmation,pca_smooth,1e-06,0,463,1536,6549,2,0,0,1,0,0.7316025949562655,0.26406328895500714
SMAP,T-1,confirmation,iforest,0.659081146263974,0,5,1536,7007,2,0,0,5,0,0.27485824152643085,0.13476459894865075
SMAP,T-1,confirmation,iforest_smooth,0.5896547867616453,1,232,1535,6780,2,1,37,62,1,0.21776898085424984,0.11175372863785653
SMAP,T-1,confirmation,subsequence_knn,0.054150110110640526,1040,7010,496,2,2,2,0,33,33,0.0565420217127781,0.10435143034578674
SMAP,T-1,confirmation,subsequence_knn_smooth,0.04306142698032683,1262,7012,274,0,2,2,0,13,13,0.05869532438438868,0.10144357088282449
SMAP,T-1,confirmation,gru_target,0.6578599333763122,30,0,1506,7012,2,2,116,16,16,0.38311587687476234,0.18486859452149748
SMAP,T-1,confirmation,gru_target_smooth,0.3095958432498881,14,4,1522,7008,2,2,1218,5,3,0.4090016073635672,0.20614856963923517
SMAP,T-1,confirmation,gru_context,0.6563526213169097,31,11,1505,7001,2,2,116,21,16,0.3274653700055856,0.16542969156077475
SMAP,T-1,confirmation,gru_context_smooth,0.2940672432249851,26,38,1510,6974,2,2,118,17,12,0.37276889172133487,0.18808363830670355
MSL,T-12,confirmation,zmax,26.191600799560547,0,0,121,2245,1,0,0,0,0,0.4503064661598778,0.058534816999411154
MSL,T-12,confirmation,zmax_smooth,4.5506088870105055,5,17,116,2228,1,1,73,12,3,0.612034088608294,0.10033102905964082
MSL,T-12,confirmation,ztarget,2.233881702423096,0,13,121,2232,1,0,0,1,0,0.4170627105229252,0.04446398209281922
MSL,T-12,confirmation,ztarget_smooth,2.028733252988708,0,36,121,2209,1,0,0,1,0,0.4587384269911098,0.04420032016263503
MSL,T-12,confirmation,pca,1e-06,0,0,121,2245,1,0,0,0,0,0.4778534484345378,0.058843401492292884
MSL,T-12,confirmation,pca_smooth,1e-06,0,0,121,2245,1,0,0,0,0,0.6949842625485467,0.0923313669579888
MSL,T-12,confirmation,iforest,0.6816190953579028,0,2,121,2243,1,0,0,2,0,0.46748881812659904,0.049672281311034835
MSL,T-12,confirmation,iforest_smooth,0.4964152811952049,0,2,121,2243,1,0,0,2,0,0.4589813911538957,0.042984256857133384
MSL,T-12,confirmation,subsequence_knn,0.32976468026638034,94,566,27,1679,1,1,0,13,2,0.8539085939369397,0.33538954874160715
MSL,T-12,confirmation,subsequence_knn_smooth,0.30973408775494354,100,598,21,1647,1,1,0,7,2,0.8683207863203813,0.21903541766055565
MSL,T-12,confirmation,gru_target,0.9249028158187875,5,22,116,2223,1,1,84,5,1,0.783960683980931,0.13358116021148264
MSL,T-12,confirmation,gru_target_smooth,0.4991647336719691,15,86,106,2159,1,1,84,5,1,0.8260192530692632,0.15142706688819016
MSL,T-12,confirmation,gru_context,1.2891078543663035,2,9,119,2236,1,1,84,8,1,0.6593458373980747,0.10821047291870507
MSL,T-12,confirmation,gru_context_smooth,0.7281100767833302,9,11,112,2234,1,1,84,3,1,0.72041083031162,0.18633266367986157
MSL,T-13,confirmation,zmax,26.191600799560547,0,0,252,2114,2,0,0,0,0,0.5228596957546815,0.1514627131891224
MSL,T-13,confirmation,zmax_smooth,5.256159711930047,5,13,247,2101,2,1,20,9,3,0.7088532984937904,0.264158495467965
MSL,T-13,confirmation,ztarget,2.8531142473220825,0,3,252,2111,2,0,0,1,0,0.49932047874337365,0.13086835870679472
MSL,T-13,confirmation,ztarget_smooth,2.7314715619455456,0,57,252,2057,2,0,0,1,0,0.501736345752429,0.1310551941734318
MSL,T-13,confirmation,pca,1e-06,0,0,252,2114,2,0,0,0,0,0.5161949437611688,0.13788258468078407
MSL,T-13,confirmation,pca_smooth,1e-06,0,0,252,2114,2,0,0,0,0,0.7589764382574221,0.2076375098407969
MSL,T-13,confirmation,iforest,0.672654533566666,1,5,251,2109,2,1,46,6,1,0.5638505954258083,0.13781154380228167
MSL,T-13,confirmation,iforest_smooth,0.4956397099274707,0,2,252,2112,2,0,0,1,0,0.6388382063642234,0.1956170068023007
MSL,T-13,confirmation,subsequence_knn,1.0357768082618715,29,379,223,1735,2,1,122,1,1,0.6345020348095087,0.14708435686376045
MSL,T-13,confirmation,subsequence_knn_smooth,0.9448894261098416,36,379,216,1735,2,1,115,1,1,0.6386523704404499,0.14774536952681597
MSL,T-13,confirmation,gru_target,0.914138679504395,0,0,252,2114,2,0,0,0,0,0.6795475364538751,0.17152963291660228
MSL,T-13,confirmation,gru_target_smooth,0.7487964280797719,0,52,252,2062,2,0,0,1,0,0.7093939120902224,0.18064122067879304
MSL,T-13,confirmation,gru_context,1.5686521649360659,0,4,252,2110,2,0,0,3,0,0.6519612259915004,0.15744232208215655
MSL,T-13,confirmation,gru_context_smooth,0.9423082453319859,0,33,252,2081,2,0,0,6,0,0.6832379751017404,0.16077048564810123
SMAP,T-2,confirmation,zmax,2.6173813343048096,1,83,1784,6693,1,1,1469,32,1,0.6794056878949928,0.2879449776984559
SMAP,T-2,confirmation,zmax_smooth,2.04192234361083,14,204,1771,6572,1,1,92,57,10,0.6571934558947546,0.25757987080177625
SMAP,T-2,confirmation,ztarget,2.6173813343048096,1,13,1784,6763,1,1,1469,14,1,0.686299643824472,0.2974605520184439
SMAP,T-2,confirmation,ztarget_smooth,2.0397422866555233,14,51,1771,6725,1,1,92,49,10,0.6953145721098357,0.2890426477719188
SMAP,T-2,confirmation,pca,0.0005683015333488584,1,81,1784,6695,1,1,1469,33,1,0.6648347355471116,0.26896127058716174
SMAP,T-2,confirmation,pca_smooth,0.00039785761125859636,11,460,1774,6316,1,1,92,58,6,0.542290469906971,0.20326214041749852
SMAP,T-2,confirmation,iforest,0.531011720151128,1,78,1784,6698,1,1,1469,30,1,0.3079726518706656,0.16205580507537612
SMAP,T-2,confirmation,iforest_smooth,0.4786438881113842,31,276,1754,6500,1,1,1469,44,5,0.3011855982062247,0.15073174841225642
SMAP,T-2,confirmation,subsequence_knn,0.24055362686514803,0,0,1785,6776,1,0,0,0,0,0.13353010625737896,0.12226835325096999
SMAP,T-2,confirmation,subsequence_knn_smooth,0.14487955381620538,396,6776,1389,0,1,1,0,2,2,0.13758453794741035,0.12321296811739182
SMAP,T-2,confirmation,gru_target,0.6560224032402028,26,2,1759,6774,1,1,75,15,14,0.38693663415779533,0.20246066320975714
SMAP,T-2,confirmation,gru_target_smooth,0.3008598009784926,10,1,1775,6775,1,1,96,9,8,0.4108726135082132,0.2223039947996458
SMAP,T-2,confirmation,gru_context,0.6561911708116522,26,18,1759,6758,1,1,75,20,14,0.3589817331891434,0.18987802551590477
SMAP,T-2,confirmation,gru_context_smooth,0.3331577810936719,15,42,1770,6734,1,1,96,14,10,0.3934907020659504,0.20383549430258643
SMAP,T-3,confirmation,zmax,1.5707639455795288,2,55,182,8276,2,2,111,17,2,0.4789367109747251,0.03120189441298348
SMAP,T-3,confirmation,zmax_smooth,1.4054416517286703,48,162,136,8169,2,2,111,6,2,0.5960758142714743,0.14531558205633194
SMAP,T-3,confirmation,ztarget,1.5707639455795288,2,0,182,8331,2,2,111,2,2,0.4795828701601666,0.031228833268993852
SMAP,T-3,confirmation,ztarget_smooth,1.4000045961200709,48,5,136,8326,2,2,111,2,2,0.6036255368894594,0.2859622246784771
SMAP,T-3,confirmation,pca,0.00010078351624542847,2,445,182,7886,2,2,111,93,2,0.5153509286948171,0.023284906338976688
SMAP,T-3,confirmation,pca_smooth,9.277061779248298e-05,72,491,112,7840,2,2,111,23,2,0.6574782243375972,0.0623384260442472
SMAP,T-3,confirmation,iforest,0.4993576349570898,2,452,182,7879,2,2,111,86,2,0.4487746786491522,0.018964161789786195
SMAP,T-3,confirmation,iforest_smooth,0.47387660751443644,0,179,184,8152,2,0,0,32,0,0.40007332487879216,0.016298873835096327
SMAP,T-3,confirmation,subsequence_knn,0.11698988340795037,184,8310,0,21,2,2,0,15,2,0.7967511337957237,0.28111969279197013
SMAP,T-3,confirmation,subsequence_knn_smooth,0.10559971897320218,184,8331,0,0,2,2,0,1,1,0.809795003470537,0.18323081324530324
SMAP,T-3,confirmation,gru_target,0.4237172290682792,18,18,166,8313,2,2,111,10,3,0.5778724564617224,0.12489949600129872
SMAP,T-3,confirmation,gru_target_smooth,0.17235350265222363,65,68,119,8263,2,2,111,7,2,0.6461122157682412,0.3556547922187092
SMAP,T-3,confirmation,gru_context,0.5090306597948074,15,13,169,8318,2,2,111,11,3,0.5594835032069849,0.1103860023182745
SMAP,T-3,confirmation,gru_context_smooth,0.2266007184141606,63,62,121,8269,2,2,111,9,2,0.6204354610595315,0.3486594625775191
MSL,T-5,confirmation,zmax,26.627339744567994,0,4,26,2124,1,0,0,4,0,0.6147881723539619,0.01607160097251372
MSL,T-5,confirmation,zmax_smooth,5.756476449283727,0,6,26,2122,1,0,0,3,0,0.5069223539618277,0.011657446349666312
MSL,T-5,confirmation,ztarget,1e-06,5,0,21,2128,1,1,12,1,1,0.5961538461538461,0.20205699592886223
MSL,T-5,confirmation,ztarget_smooth,1e-06,14,100,12,2028,1,1,12,1,1,0.6615818392134181,0.5354855605551982
MSL,T-5,confirmation,pca,1e-06,0,0,26,2128,1,0,0,0,0,0.562481925968768,0.015805824870694846
MSL,T-5,confirmation,pca_smooth,1e-06,0,0,26,2128,1,0,0,0,0,0.5433957489878543,0.012611692326579861
MSL,T-5,confirmation,iforest,0.6400415043898423,0,0,26,2128,1,0,0,0,0,0.562951850780798,0.018296628326284887
MSL,T-5,confirmation,iforest_smooth,0.47119710230119355,0,4,26,2124,1,0,0,4,0,0.5868818681318682,0.013687857412117362
MSL,T-5,confirmation,subsequence_knn,1e-06,14,54,12,2074,1,1,12,1,1,0.7550607287449392,0.09920326415667811
MSL,T-5,confirmation,subsequence_knn_smooth,1e-06,14,158,12,1970,1,1,12,1,1,0.6463815789473684,0.06184839014238974
MSL,T-5,confirmation,gru_target,1.1317431926727295e-05,14,9,12,2119,1,1,12,1,1,0.7732432041642567,0.5441541380820317
MSL,T-5,confirmation,gru_target_smooth,1.1317431926727295e-05,14,992,12,1136,1,1,12,1,1,0.6615818392134181,0.5354855605551982
MSL,T-5,confirmation,gru_context,0.04258794672787201,7,19,19,2109,1,1,12,19,1,0.7562897628687103,0.2682682056960267
MSL,T-5,confirmation,gru_context_smooth,0.01650842556657407,14,31,12,2097,1,1,12,3,1,0.6515146038172355,0.53569039529975
MSL,T-8,confirmation,zmax,13.269977480173164,5,57,97,1296,2,2,45,62,5,0.5189158442386563,0.07454875310115769
MSL,T-8,confirmation,zmax_smooth,3.7091713123616907,36,249,66,1104,2,2,0,69,8,0.6700433314493573,0.10784868851359533
MSL,T-8,confirmation,ztarget,0.10623570531606674,6,18,96,1335,2,2,12,24,6,0.5231511673405504,0.08398755843948139
MSL,T-8,confirmation,ztarget_smooth,0.10623570531606674,102,1340,0,13,2,2,0,1,1,0.8827732127588656,0.25798634238037066
MSL,T-8,confirmation,pca,0.08653124421834946,2,13,100,1340,2,1,7,15,2,0.4854173006970711,0.06980209051596635
MSL,T-8,confirmation,pca_smooth,0.08648834281640444,8,48,94,1305,2,1,7,14,2,0.4883700708664841,0.08150403939513896
MSL,T-8,confirmation,iforest,0.522961543417293,17,175,85,1178,2,2,6,161,13,0.5192419170181006,0.09608224110187527
MSL,T-8,confirmation,iforest_smooth,0.44580205621006525,30,150,72,1203,2,2,0,68,6,0.658978595133545,0.19769188997483406
MSL,T-8,confirmation,subsequence_knn,1.187513828277588,66,301,36,1052,2,2,12,113,15,0.847637059258293,0.3336248744932115
MSL,T-8,confirmation,subsequence_knn_smooth,0.603287274713324,93,571,9,782,2,2,9,37,2,0.8354491833688391,0.2696085584853504
MSL,T-8,confirmation,gru_target,0.10682164877653122,80,454,22,899,2,2,0,36,8,0.7059439444661828,0.20669885226504894
MSL,T-8,confirmation,gru_target_smooth,0.10682164876445298,102,1340,0,13,2,2,0,1,1,0.8828094430676927,0.25806901303456764
MSL,T-8,confirmation,gru_context,0.3657452441751958,8,41,94,1312,2,2,12,47,8,0.5293900265205861,0.1011889153776984
MSL,T-8,confirmation,gru_context_smooth,0.22238405093773683,93,340,9,1013,2,2,5,20,4,0.8720417952842631,0.258915547105351
MSL,T-9,confirmation,zmax,9.018499374389648,19,26,93,894,2,2,12,36,14,0.6573709239130433,0.26608570132036935
MSL,T-9,confirmation,zmax_smooth,3.36783316377425,83,113,29,807,2,2,12,25,6,0.9043575310559007,0.5126323804648176
MSL,T-9,confirmation,ztarget,1.9597694903612117,58,182,54,738,2,2,0,10,8,0.5821234472049688,0.3616445650705703
MSL,T-9,confirmation,ztarget_smooth,0.630814854702735,112,920,0,0,2,2,0,1,1,0.8291052018633541,0.366563358858701
MSL,T-9,confirmation,pca,1e-06,0,0,112,920,2,0,0,0,0,0.45430415372670807,0.2163647098057374
MSL,T-9,confirmation,pca_smooth,1e-06,0,0,112,920,2,0,0,0,0,0.8587247670807453,0.5335492067479408
MSL,T-9,confirmation,iforest,0.6342724337591268,20,26,92,894,2,2,12,37,15,0.5159161490683231,0.24655308622079142
MSL,T-9,confirmation,iforest_smooth,0.4581743452844911,41,50,71,870,2,2,38,21,8,0.7727872670807453,0.448863084561872
MSL,T-9,confirmation,subsequence_knn,0.3328174948692322,112,920,0,0,2,2,0,1,1,0.9233404503105591,0.6854615660482696
MSL,T-9,confirmation,subsequence_knn_smooth,0.32864836011262083,112,920,0,0,2,2,0,1,1,0.9130337732919255,0.60904028460551
MSL,T-9,confirmation,gru_target,2.1693546292930814,42,90,70,830,2,2,9,12,9,0.608695652173913,0.3714427182078053
MSL,T-9,confirmation,gru_target_smooth,0.4160312627627156,112,920,0,0,2,2,0,1,1,0.8621215062111801,0.45864636679599047
MSL,T-9,confirmation,gru_context,2.2840345099568338,40,25,72,895,2,2,9,14,11,0.6896253881987577,0.4128904592907964
MSL,T-9,confirmation,gru_context_smooth,0.33183796819774675,112,920,0,0,2,2,0,1,1,0.9004464285714285,0.5462605285723546
