dataset,split,method,channels,precision,recall,f1,fpr,event_recall,alert_precision,delay_detected,macro_ap,tp,fp,fn,tn,hits,events,alerts,hit_alerts,delay_sum
MSL,confirmation,gru_context,19,0.17667794698251552,0.24995012966287652,0.2070218917802561,0.1259219322838042,0.7777777777777778,0.18454258675078863,22.857142857142858,0.33736666994838854,1253,5839,3760,40531,21,27,634,117,480
MSL,confirmation,gru_context_smooth,19,0.19388929580412262,0.369638938759226,0.2543582704186685,0.16614190209186974,0.8518518518518519,0.2896825396825397,32.17391304347826,0.4279038993538027,1853,7704,3160,38666,23,27,252,73,740
MSL,confirmation,gru_target,19,0.12739806204071016,0.3907839616995811,0.19215301618440414,0.289368125943498,0.7407407407407407,0.350253807106599,12.85,0.37583703140449337,1959,13418,3054,32952,20,27,197,69,257
MSL,confirmation,gru_target_smooth,19,0.12045069299032805,0.4819469379613006,0.1927326393043756,0.3804615052835885,0.8888888888888888,0.5446428571428571,29.583333333333332,0.3997160032723305,2416,17642,2597,28728,24,27,112,61,710
MSL,confirmation,iforest,19,0.10493398193189715,0.03012168362258129,0.046807191568505886,0.027776579685141255,0.5925925925925926,0.08814352574102964,26.875,0.1568676132328168,151,1288,4862,45082,16,27,1282,113,430
MSL,confirmation,iforest_smooth,19,0.06860847687245984,0.1414322760821863,0.09239590799504789,0.20756954927755014,0.5555555555555556,0.15452930728241562,37.8,0.21261285573037642,709,9625,4304,36745,15,27,563,87,567
MSL,confirmation,pca,19,0.11227942953831278,0.1853181727508478,0.13983592985625048,0.15839982747466033,0.2962962962962963,0.3597560975609756,51.875,0.19243566665247797,929,7345,4084,39025,8,27,164,59,415
MSL,confirmation,pca_smooth,19,0.09589352747127744,0.16816277678037103,0.12213851057664445,0.17140392495147724,0.2222222222222222,0.3333333333333333,23.166666666666668,0.24376206677208098,843,7948,4170,38422,6,27,108,36,139
MSL,confirmation,subsequence_knn,19,0.15408029388611913,0.5856772391781369,0.24397540302476317,0.34761699374595645,0.8888888888888888,0.21683673469387754,26.041666666666668,0.40977680821612567,2936,16119,2077,30251,24,27,392,85,625
MSL,confirmation,subsequence_knn_smooth,19,0.1593786521231009,0.6529024536205865,0.25621355043250227,0.372288117317231,0.8888888888888888,0.30578512396694213,27.5,0.38375712000752094,3273,17263,1740,29107,24,27,121,37,660
MSL,confirmation,zmax,19,0.4519867549668874,0.054458408138839016,0.09720491365497597,0.007138235928401984,0.48148148148148145,0.2273972602739726,37.46153846153846,0.21623132215367682,273,331,4740,46039,13,27,365,83,487
MSL,confirmation,zmax_smooth,19,0.4081237911025145,0.2104528226610812,0.27770465912082126,0.03299547120983395,0.6296296296296297,0.2076749435665914,24.941176470588236,0.2681562614571116,1055,1530,3958,44840,17,27,443,92,424
MSL,confirmation,ztarget,19,0.12094695428028761,0.3556752443646519,0.18051126297139963,0.27946948458054777,0.7037037037037037,0.4540229885057471,16.68421052631579,0.3275731201537795,1783,12959,3230,33411,19,27,174,79,317
MSL,confirmation,ztarget_smooth,19,0.11041222059979783,0.3921803311390385,0.17231254656207548,0.34160017252533964,0.8148148148148148,0.48412698412698413,21.727272727272727,0.38956163331105975,1966,15840,3047,30530,22,27,126,61,478
SMAP,confirmation,gru_context,39,0.4510213890891613,0.44079859072225486,0.44585139870523255,0.08474022962921744,0.8867924528301887,0.10916030534351145,69.38297872340425,0.30503244844811045,18767,22843,23808,246722,47,53,2620,286,3261
SMAP,confirmation,gru_context_smooth,39,0.3132032495634348,0.4844627128596594,0.3804482154385318,0.167785135310593,0.8113207547169812,0.16120906801007556,66.79069767441861,0.4265103304138698,20626,45229,21949,224336,43,53,1191,192,2872
SMAP,confirmation,gru_target,39,0.506740172941132,0.31520845566647093,0.38865880853775087,0.048459555209318717,0.7547169811320755,0.18064516129032257,97.65,0.36223906649106224,13420,13063,29155,256502,40,53,1240,224,3906
SMAP,confirmation,gru_target_smooth,39,0.4193809710039667,0.35262477980035234,0.3831166345552678,0.07710570734331237,0.9245283018867925,0.251953125,139.12244897959184,0.48367872915396576,15013,20785,27562,248780,49,53,512,129,6817
SMAP,confirmation,iforest,39,0.36702988456144137,0.07990604815032296,0.1312398734665535,0.021764694971528203,0.4716981132075472,0.13079299691040164,153.84,0.17008311829655293,3402,5867,39173,263698,25,53,971,127,3846
SMAP,confirmation,iforest_smooth,39,0.14331406437982336,0.11471520845566648,0.12742974926292172,0.10830411960009645,0.6226415094339622,0.09979423868312758,113.33333333333333,0.195901416742872,4884,29195,37691,240370,33,53,972,97,3740
SMAP,confirmation,pca,39,0.4194452910697958,0.16162066940692896,0.23333333333333334,0.03533099623467438,0.5660377358490566,0.11342155009451796,206.26666666666668,0.237195789463648,6881,9524,35694,260041,30,53,1587,180,6188
SMAP,confirmation,pca_smooth,39,0.25641982217248027,0.19372871403405756,0.22070884788804004,0.08872813607107748,0.6415094339622641,0.17668711656441718,174.85294117647058,0.22170541534026766,8248,23918,34327,245647,34,53,815,144,5945
SMAP,confirmation,subsequence_knn,39,0.35527257307926746,0.6297357604227833,0.45426589066510786,0.18049450039879064,0.8301886792452831,0.1231404958677686,71.0,0.439287595179906,26811,48655,15764,220910,44,53,1210,149,3124
SMAP,confirmation,subsequence_knn_smooth,39,0.30137894883233307,0.6617028772753963,0.41413577161673476,0.24226067924248326,0.8301886792452831,0.12518628912071536,55.95454545454545,0.4185591186979475,28172,65305,14403,204260,44,53,671,84,2462
SMAP,confirmation,zmax,39,0.31275720164609055,0.06604815032295948,0.10906411201179071,0.02292211525977037,0.37735849056603776,0.09914320685434516,161.0,0.2496250599142654,2812,6179,39763,263386,20,53,817,81,3220
SMAP,confirmation,zmax_smooth,39,0.23493542400484793,0.14569583088667057,0.1798544463452115,0.07493554430285831,0.4716981132075472,0.15203426124197003,91.28,0.26506547629881005,6203,20200,36372,249365,25,53,467,71,2282
SMAP,confirmation,ztarget,39,0.39500437418926665,0.30755137991779213,0.345834874016164,0.07439764064325859,0.4716981132075472,0.19382022471910113,113.48,0.31298136462691517,13094,20055,29481,249510,25,53,356,69,2837
SMAP,confirmation,ztarget_smooth,39,0.40229634276052034,0.34647093364650616,0.37230256682062535,0.08130135588819024,0.7547169811320755,0.13908450704225353,95.25,0.44876101294071374,14751,21916,27824,247649,40,53,568,79,3810
