channel,dataset,split,method,tp,fp,fn,tn,events,hits,delay_sum,alerts,hit_alerts,auroc,ap,channel_f1,channel_fpr
E-6,SMAP,development,subspace_reference,2,12,64,8158,1,1,38,14,2,0.553239864990171,0.038928073699913,0.05,0.0014687882496940024
E-6,SMAP,development,normal_envelope,2,0,64,8170,1,1,38,2,2,0.553239864990171,0.038928073699913,0.058823529411764705,0.0
E-6,SMAP,development,level_conditional,2,12,64,8158,1,1,38,14,2,0.553239864990171,0.038928073699913,0.05,0.0014687882496940024
E-6,SMAP,development,robust_trajectory,48,1949,18,6221,1,1,17,168,2,0.8617605059159527,0.380265136409315,0.0465341735336888,0.23855569155446757
E-8,SMAP,development,subspace_reference,63,1009,560,6836,1,1,370,62,3,0.5208533719630031,0.0759146826840684,0.0743362831858407,0.12861695347355004
E-8,SMAP,development,normal_envelope,63,1009,560,6836,1,1,370,62,3,0.5208533719630031,0.0759146826840684,0.0743362831858407,0.12861695347355004
E-8,SMAP,development,level_conditional,179,2247,444,5598,1,1,298,115,3,0.5208533719630031,0.0759146826840684,0.11741554608068219,0.2864244741873805
E-8,SMAP,development,robust_trajectory,373,2129,250,5716,1,1,0,137,12,0.7255497004052227,0.4331633155688745,0.23872,0.27138304652644996
A-1,SMAP,development,subspace_reference,85,8491,0,0,1,1,0,1,1,0.6441810359758083,0.1030876890958598,0.019628218450525342,1.0
A-1,SMAP,development,normal_envelope,85,8491,0,0,1,1,0,1,1,0.6441810359758083,0.1030876890958598,0.019628218450525342,1.0
A-1,SMAP,development,level_conditional,85,8491,0,0,1,1,0,1,1,0.6441810359758083,0.1030876890958598,0.019628218450525342,1.0
A-1,SMAP,development,robust_trajectory,85,8491,0,0,1,1,0,1,1,0.6450054382841347,0.1599374451273046,0.019628218450525342,1.0
P-3,SMAP,development,subspace_reference,1119,0,217,7093,1,1,16,2,2,0.926742683391148,0.8947255705147817,0.9116089613034624,0.0
P-3,SMAP,development,normal_envelope,1119,0,217,7093,1,1,16,2,2,0.926742683391148,0.8947255705147817,0.9116089613034624,0.0
P-3,SMAP,development,level_conditional,1119,0,217,7093,1,1,16,2,2,0.926742683391148,0.8947255705147817,0.9116089613034624,0.0
P-3,SMAP,development,robust_trajectory,1052,0,284,7093,1,1,24,3,3,0.9473846611021576,0.9075134222321156,0.88107202680067,0.0
D-3,SMAP,development,subspace_reference,3276,382,0,4918,1,1,0,1,1,0.9737735849056603,0.8643089961787297,0.9449091433516008,0.07207547169811321
D-3,SMAP,development,normal_envelope,3276,382,0,4918,1,1,0,1,1,0.9737735849056603,0.8643089961787297,0.9449091433516008,0.07207547169811321
D-3,SMAP,development,level_conditional,3276,382,0,4918,1,1,0,1,1,0.9737735849056603,0.8643089961787297,0.9449091433516008,0.07207547169811321
D-3,SMAP,development,robust_trajectory,3276,370,0,4930,1,1,0,1,1,0.9737744488216186,0.8643095251124899,0.9465472406818839,0.06981132075471698
G-1,SMAP,development,subspace_reference,0,0,121,8284,1,0,0,0,0,0.4059992178490049,0.0113533703260697,0.0,0.0
G-1,SMAP,development,normal_envelope,0,0,121,8284,1,0,0,0,0,0.4059992178490049,0.0113533703260697,0.0,0.0
G-1,SMAP,development,level_conditional,0,0,121,8284,1,0,0,0,0,0.4059992178490049,0.0113533703260697,0.0,0.0
G-1,SMAP,development,robust_trajectory,121,7936,0,348,1,1,0,51,1,0.6132732221029485,0.0882744666681542,0.02959158718513084,0.9579913085465959
D-5,SMAP,development,subspace_reference,51,7513,0,0,1,1,0,1,1,0.0319863869945688,0.0034848015271788,0.013394615889691399,1.0
D-5,SMAP,development,normal_envelope,51,7513,0,0,1,1,0,1,1,0.0319863869945688,0.0034848015271788,0.013394615889691399,1.0
D-5,SMAP,development,level_conditional,51,7513,0,0,1,1,0,1,1,0.0319863869945688,0.0034848015271788,0.013394615889691399,1.0
D-5,SMAP,development,robust_trajectory,51,7513,0,0,1,1,0,1,1,0.7478905844249054,0.6498689337254125,0.013394615889691399,1.0
D-7,SMAP,development,subspace_reference,2604,0,98,4876,1,1,98,1,1,0.9818652849740932,0.9766627420252516,0.9815303430079155,0.0
D-7,SMAP,development,normal_envelope,2604,0,98,4876,1,1,98,1,1,0.9818652849740932,0.9766627420252516,0.9815303430079155,0.0
D-7,SMAP,development,level_conditional,2604,0,98,4876,1,1,98,1,1,0.9818652849740932,0.9766627420252516,0.9815303430079155,0.0
D-7,SMAP,development,robust_trajectory,2604,0,98,4876,1,1,98,1,1,0.9818652849740932,0.9766627420252516,0.9815303430079155,0.0
D-8,SMAP,development,subspace_reference,35,29,16,7730,1,1,16,1,1,0.8412684573765065,0.3773550281188019,0.6086956521739131,0.003737595050908622
D-8,SMAP,development,normal_envelope,35,29,16,7730,1,1,16,1,1,0.8412684573765065,0.3773550281188019,0.6086956521739131,0.003737595050908622
D-8,SMAP,development,level_conditional,35,29,16,7730,1,1,16,1,1,0.8412684573765065,0.3773550281188019,0.6086956521739131,0.003737595050908622
D-8,SMAP,development,robust_trajectory,35,29,16,7730,1,1,16,1,1,0.841049862398884,0.3587466842436174,0.6086956521739131,0.003737595050908622
D-9,SMAP,development,subspace_reference,933,0,223,6186,1,1,223,1,1,0.903546712802768,0.8374666209201644,0.8932503590234562,0.0
D-9,SMAP,development,normal_envelope,933,0,223,6186,1,1,223,1,1,0.903546712802768,0.8374666209201644,0.8932503590234562,0.0
D-9,SMAP,development,level_conditional,933,0,223,6186,1,1,223,1,1,0.903546712802768,0.8374666209201644,0.8932503590234562,0.0
D-9,SMAP,development,robust_trajectory,933,0,223,6186,1,1,223,1,1,0.903546712802768,0.8374666209201644,0.8932503590234562,0.0
G-4,SMAP,development,subspace_reference,15,76,16,7461,1,1,16,16,1,0.6309389805989377,0.1950897053782524,0.2459016393442623,0.01008358763433727
G-4,SMAP,development,normal_envelope,15,76,16,7461,1,1,16,16,1,0.6309389805989377,0.1950897053782524,0.2459016393442623,0.01008358763433727
G-4,SMAP,development,level_conditional,15,76,16,7461,1,1,16,16,1,0.6309389805989377,0.1950897053782524,0.2459016393442623,0.01008358763433727
G-4,SMAP,development,robust_trajectory,16,154,15,7383,1,1,12,54,2,0.7420553227732434,0.2588373607233771,0.15920398009950248,0.020432532837999205
D-11,SMAP,development,subspace_reference,45,3309,16,3997,1,1,0,5,3,0.6555267846324377,0.0246374210471303,0.02635431918008785,0.45291541199014507
D-11,SMAP,development,normal_envelope,45,3309,16,3997,1,1,0,5,3,0.6555267846324377,0.0246374210471303,0.02635431918008785,0.45291541199014507
D-11,SMAP,development,level_conditional,45,3309,16,3997,1,1,0,5,3,0.6555267846324377,0.0246374210471303,0.02635431918008785,0.45291541199014507
D-11,SMAP,development,robust_trajectory,0,228,61,7078,1,0,0,3,0,0.153716011542276,0.0061310779572087,0.0,0.031207226936764303
A-7,SMAP,development,subspace_reference,192,205,2209,5961,1,1,2156,14,2,0.8678608342858547,0.5919913153623998,0.13724088634739098,0.03324683749594551
A-7,SMAP,development,normal_envelope,192,205,2209,5961,1,1,2156,14,2,0.8678608342858547,0.5919913153623998,0.13724088634739098,0.03324683749594551
A-7,SMAP,development,level_conditional,2343,242,58,5924,1,1,58,36,1,0.8678608342858547,0.5919913153623998,0.9398315282791817,0.039247486214725916
A-7,SMAP,development,robust_trajectory,2329,390,72,5776,1,1,72,53,1,0.9758735244248292,0.9650934165934456,0.909765625,0.06325008108984755
D-13,SMAP,development,subspace_reference,139,2432,22,5006,1,1,22,1,1,0.6270469420918934,0.027342073629325,0.10175695461200586,0.32696961548803444
D-13,SMAP,development,normal_envelope,139,2432,22,5006,1,1,22,1,1,0.6270469420918934,0.027342073629325,0.10175695461200586,0.32696961548803444
D-13,SMAP,development,level_conditional,139,2432,22,5006,1,1,22,1,1,0.6270469420918934,0.027342073629325,0.10175695461200586,0.32696961548803444
D-13,SMAP,development,robust_trajectory,139,2432,22,5006,1,1,22,1,1,0.6696859671420388,0.1550329837263928,0.10175695461200586,0.32696961548803444
M-1,MSL,development,subspace_reference,3,203,1138,869,1,1,71,13,3,0.1908348267427106,0.3547267365660629,0.004454342984409799,0.18936567164179105
M-1,MSL,development,normal_envelope,0,0,1141,1072,1,0,0,0,0,0.1908348267427106,0.3547267365660629,0.0,0.0
M-1,MSL,development,level_conditional,0,224,1141,848,1,0,0,26,0,0.1908348267427106,0.3547267365660629,0.0,0.208955223880597
M-1,MSL,development,robust_trajectory,7,187,1134,885,1,1,57,19,1,0.3696981241906157,0.4126686127308354,0.010486891385767791,0.17444029850746268
T-4,MSL,development,subspace_reference,0,5,69,2079,1,0,0,4,0,0.7847297560432835,0.0744173335148773,0.0,0.0023992322456813818
T-4,MSL,development,normal_envelope,0,5,69,2079,1,0,0,4,0,0.7847297560432835,0.0744173335148773,0.0,0.0023992322456813818
T-4,MSL,development,level_conditional,0,168,69,1916,1,0,0,44,0,0.7847297560432835,0.0744173335148773,0.0,0.08061420345489444
T-4,MSL,development,robust_trajectory,1,2,68,2082,1,1,0,3,1,0.8939435032963364,0.2111467196065938,0.027777777777777776,0.0009596928982725527
M-3,MSL,development,subspace_reference,36,386,215,1426,1,1,14,60,6,0.4327326455766339,0.1004457687461503,0.10698365527488855,0.2130242825607064
M-3,MSL,development,normal_envelope,36,386,215,1426,1,1,14,60,6,0.4327326455766339,0.1004457687461503,0.10698365527488855,0.2130242825607064
M-3,MSL,development,level_conditional,39,392,212,1420,1,1,14,60,6,0.4327326455766339,0.1004457687461503,0.11436950146627566,0.2163355408388521
M-3,MSL,development,robust_trajectory,0,109,251,1703,1,0,0,37,0,0.3467124877971557,0.0860506769671132,0.0,0.06015452538631347
M-4,MSL,development,subspace_reference,0,74,251,1649,1,0,0,17,0,0.2365558081082518,0.0785776824339832,0.0,0.042948345908299476
M-4,MSL,development,normal_envelope,0,74,251,1649,1,0,0,17,0,0.2365558081082518,0.0785776824339832,0.0,0.042948345908299476
M-4,MSL,development,level_conditional,0,74,251,1649,1,0,0,17,0,0.2365558081082518,0.0785776824339832,0.0,0.042948345908299476
M-4,MSL,development,robust_trajectory,13,65,238,1658,1,1,3,32,3,0.4377406219579025,0.1187321141083266,0.0790273556231003,0.03772489843296576
P-15,MSL,development,subspace_reference,19,2379,2,392,1,1,2,12,1,0.5384337784193431,0.0444792722216227,0.015708970649028525,0.858534824972934
P-15,MSL,development,normal_envelope,14,2226,7,545,1,1,7,7,1,0.5384337784193431,0.0444792722216227,0.01238390092879257,0.8033201010465536
P-15,MSL,development,level_conditional,19,2428,2,343,1,1,2,12,1,0.5384337784193431,0.0444792722216227,0.01539708265802269,0.8762179718513172
P-15,MSL,development,robust_trajectory,19,2409,2,362,1,1,0,18,2,0.3616710487876132,0.0058975182022867,0.01551653736218865,0.869361241429087
F-5,MSL,development,subspace_reference,121,491,30,3216,1,1,30,27,1,0.8688073574783344,0.5973818701788689,0.31716906946264745,0.13245211761532236
F-5,MSL,development,normal_envelope,11,0,140,3707,1,1,121,1,1,0.8688073574783344,0.5973818701788689,0.13580246913580246,0.0
F-5,MSL,development,level_conditional,121,491,30,3216,1,1,30,27,1,0.8688073574783344,0.5973818701788689,0.31716906946264745,0.13245211761532236
F-5,MSL,development,robust_trajectory,124,344,27,3363,1,1,27,16,1,0.8901505474697056,0.3787794418614613,0.40064620355411956,0.0927974103048287
P-11,MSL,development,subspace_reference,142,49,86,3194,2,2,67,18,5,0.9133207285868076,0.6493709291797497,0.6778042959427207,0.015109466543324082
P-11,MSL,development,normal_envelope,142,49,86,3194,2,2,67,18,5,0.9133207285868076,0.6493709291797497,0.6778042959427207,0.015109466543324082
P-11,MSL,development,level_conditional,149,54,79,3189,2,2,47,24,10,0.9133207285868076,0.6493709291797497,0.691415313225058,0.016651248843663275
P-11,MSL,development,robust_trajectory,93,46,135,3197,2,2,82,15,5,0.8833722836230261,0.5404085126174313,0.5068119891008175,0.014184397163120567
D-15,MSL,development,subspace_reference,23,5,618,1448,1,1,90,16,16,0.8153586157210914,0.6461079973533758,0.0687593423019432,0.0034411562284927736
D-15,MSL,development,normal_envelope,23,5,618,1448,1,1,90,16,16,0.8153586157210914,0.6461079973533758,0.0687593423019432,0.0034411562284927736
D-15,MSL,development,level_conditional,20,55,621,1398,1,1,132,31,13,0.8153586157210914,0.6461079973533758,0.055865921787709494,0.03785271851342051
D-15,MSL,development,robust_trajectory,220,232,421,1221,1,1,65,69,38,0.7389080422129479,0.4436792250831993,0.4025617566331198,0.1596696490020647
P-1,SMAP,confirmation,subspace_reference,0,2,751,7688,3,0,0,2,0,0.3531353946796556,0.064657616488455,0.0,0.0002600780234070221
P-1,SMAP,confirmation,normal_envelope,0,2,751,7688,3,0,0,2,0,0.3531353946796556,0.064657616488455,0.0,0.0002600780234070221
P-1,SMAP,confirmation,level_conditional,5,123,746,7567,3,2,57,62,2,0.3531353946796556,0.064657616488455,0.011376564277588168,0.01599479843953186
P-1,SMAP,confirmation,robust_trajectory,297,20,454,7670,3,3,131,9,5,0.71943918728215,0.5432680051282467,0.5561797752808989,0.002600780234070221
S-1,SMAP,confirmation,subspace_reference,277,13,171,6806,1,1,56,19,9,0.7834785420987576,0.6936400146498767,0.7506775067750677,0.0019064378941193723
S-1,SMAP,confirmation,normal_envelope,277,13,171,6806,1,1,56,19,9,0.7834785420987576,0.6936400146498767,0.7506775067750677,0.0019064378941193723
S-1,SMAP,confirmation,level_conditional,291,45,157,6774,1,1,55,28,6,0.7834785420987576,0.6936400146498767,0.7423469387755102,0.006599208095028597
S-1,SMAP,confirmation,robust_trajectory,271,6,177,6813,1,1,61,10,4,0.8257192023861899,0.7022632917267679,0.7475862068965518,0.0008798944126704796
E-1,SMAP,confirmation,subspace_reference,4,23,504,7921,2,1,391,27,4,0.3897025735264964,0.0551709907418244,0.014953271028037384,0.0028952668680765356
E-1,SMAP,confirmation,normal_envelope,4,23,504,7921,2,1,391,27,4,0.3897025735264964,0.0551709907418244,0.014953271028037384,0.0028952668680765356
E-1,SMAP,confirmation,level_conditional,4,23,504,7921,2,1,391,27,4,0.3897025735264964,0.0551709907418244,0.014953271028037384,0.0028952668680765356
E-1,SMAP,confirmation,robust_trajectory,160,9,348,7935,2,1,64,7,1,0.7532558123399229,0.4224499465498402,0.4726735598227474,0.0011329305135951663
E-2,SMAP,confirmation,subspace_reference,161,19,1237,7051,1,1,407,47,41,0.7713912378362299,0.453893729600248,0.20405576679340937,0.0026874115983026876
E-2,SMAP,confirmation,normal_envelope,161,19,1237,7051,1,1,407,47,41,0.7713912378362299,0.453893729600248,0.20405576679340937,0.0026874115983026876
E-2,SMAP,confirmation,level_conditional,485,1621,913,5449,1,1,47,190,39,0.7713912378362299,0.453893729600248,0.2768264840182648,0.22927864214992927
E-2,SMAP,confirmation,robust_trajectory,216,174,1182,6896,1,1,65,17,3,0.4702413834271226,0.2835902411257921,0.24161073825503357,0.02461103253182461
E-3,SMAP,confirmation,subspace_reference,1004,0,2209,5030,1,1,533,4,4,0.7312427334530013,0.762613519024256,0.47616789186625563,0.0
E-3,SMAP,confirmation,normal_envelope,1004,0,2209,5030,1,1,533,4,4,0.7312427334530013,0.762613519024256,0.47616789186625563,0.0
E-3,SMAP,confirmation,level_conditional,1006,0,2207,5030,1,1,533,5,5,0.7312427334530013,0.762613519024256,0.47689025835506044,0.0
E-3,SMAP,confirmation,robust_trajectory,1020,0,2193,5030,1,1,522,7,7,0.6867534290057972,0.7359984740577374,0.4819277108433735,0.0
E-4,SMAP,confirmation,subspace_reference,284,409,2528,5069,1,1,335,92,47,0.5222156893447318,0.4105655214254613,0.16205420827389444,0.074662285505659
E-4,SMAP,confirmation,normal_envelope,224,250,2588,5228,1,1,338,75,31,0.5222156893447318,0.4105655214254613,0.1363359707851491,0.045637093829864916
E-4,SMAP,confirmation,level_conditional,445,413,2367,5065,1,1,239,91,46,0.5222156893447318,0.4105655214254613,0.24250681198910082,0.07539247900693684
E-4,SMAP,confirmation,robust_trajectory,299,1696,2513,3782,1,1,10,124,20,0.2142885521135362,0.2270182907051518,0.12440191387559808,0.30960204454180357
E-5,SMAP,confirmation,subspace_reference,85,3982,236,3927,1,1,0,566,19,0.3575247883932064,0.0481974468537197,0.038742023701002735,0.5034770514603616
E-5,SMAP,confirmation,normal_envelope,85,3982,236,3927,1,1,0,566,19,0.3575247883932064,0.0481974468537197,0.038742023701002735,0.5034770514603616
E-5,SMAP,confirmation,level_conditional,85,3982,236,3927,1,1,0,566,19,0.3575247883932064,0.0481974468537197,0.038742023701002735,0.5034770514603616
E-5,SMAP,confirmation,robust_trajectory,4,128,317,7781,1,1,169,102,3,0.4428446003192861,0.0351248373310031,0.017660044150110375,0.01618409407004678
E-7,SMAP,confirmation,subspace_reference,227,108,54,7857,1,1,46,81,9,0.938784674052181,0.8229313989778346,0.737012987012987,0.013559322033898305
E-7,SMAP,confirmation,normal_envelope,227,108,54,7857,1,1,46,81,9,0.938784674052181,0.8229313989778346,0.737012987012987,0.013559322033898305
E-7,SMAP,confirmation,level_conditional,227,108,54,7857,1,1,46,81,9,0.938784674052181,0.8229313989778346,0.737012987012987,0.013559322033898305
E-7,SMAP,confirmation,robust_trajectory,219,132,62,7833,1,1,46,41,4,0.9005745778349675,0.6830375532782298,0.6930379746835443,0.01657250470809793
E-9,SMAP,confirmation,subspace_reference,0,2,351,7885,1,0,0,1,0,0.3922860547686211,0.0520040517169124,0.0,0.00025358184354000256
E-9,SMAP,confirmation,normal_envelope,0,2,351,7885,1,0,0,1,0,0.3922860547686211,0.0520040517169124,0.0,0.00025358184354000256
E-9,SMAP,confirmation,level_conditional,0,283,351,7604,1,0,0,28,0,0.3922860547686211,0.0520040517169124,0.0,0.03588183086091036
E-9,SMAP,confirmation,robust_trajectory,53,15,298,7872,1,1,66,4,3,0.4975434710441684,0.1781701932728066,0.2529832935560859,0.001901863826550019
E-10,SMAP,confirmation,subspace_reference,0,26,322,8093,2,0,0,26,0,0.3905791108809257,0.0295290033547162,0.0,0.003202364823254095
E-10,SMAP,confirmation,normal_envelope,0,26,322,8093,2,0,0,26,0,0.3905791108809257,0.0295290033547162,0.0,0.003202364823254095
E-10,SMAP,confirmation,level_conditional,0,26,322,8093,2,0,0,26,0,0.3905791108809257,0.0295290033547162,0.0,0.003202364823254095
E-10,SMAP,confirmation,robust_trajectory,136,20,186,8099,2,1,73,28,22,0.9011233522471253,0.5521673323714904,0.5690376569037657,0.002463357556349304
E-11,SMAP,confirmation,subspace_reference,0,34,295,8121,2,0,0,28,0,0.3677619012979455,0.0262594569948739,0.0,0.004169221336603311
E-11,SMAP,confirmation,normal_envelope,0,34,295,8121,2,0,0,28,0,0.3677619012979455,0.0262594569948739,0.0,0.004169221336603311
E-11,SMAP,confirmation,level_conditional,0,34,295,8121,2,0,0,28,0,0.3677619012979455,0.0262594569948739,0.0,0.004169221336603311
E-11,SMAP,confirmation,robust_trajectory,94,82,201,8073,2,1,60,29,15,0.8960702075257978,0.4252707682502494,0.3991507430997877,0.010055180870631515
E-12,SMAP,confirmation,subspace_reference,34,28,549,7837,2,1,22,33,5,0.5226735684399804,0.1412103135796645,0.10542635658914729,0.0035600762873490145
E-12,SMAP,confirmation,normal_envelope,34,28,549,7837,2,1,22,33,5,0.5226735684399804,0.1412103135796645,0.10542635658914729,0.0035600762873490145
E-12,SMAP,confirmation,level_conditional,34,28,549,7837,2,1,22,33,5,0.5226735684399804,0.1412103135796645,0.10542635658914729,0.0035600762873490145
E-12,SMAP,confirmation,robust_trajectory,0,9,583,7856,2,0,0,6,0,0.7176531717152331,0.2741194474731144,0.0,0.0011443102352193262
E-13,SMAP,confirmation,subspace_reference,13,57,251,8255,3,1,28,22,1,0.539235898445475,0.0582278064610562,0.07784431137724551,0.006857555341674687
E-13,SMAP,confirmation,normal_envelope,13,57,251,8255,3,1,28,22,1,0.539235898445475,0.0582278064610562,0.07784431137724551,0.006857555341674687
E-13,SMAP,confirmation,level_conditional,14,67,250,8245,3,2,30,33,2,0.539235898445475,0.0582278064610562,0.08115942028985507,0.008060635226179018
E-13,SMAP,confirmation,robust_trajectory,27,188,237,8124,3,2,33,71,4,0.5101974691574066,0.0422998945381637,0.1127348643006263,0.022617901828681425
D-1,SMAP,confirmation,subspace_reference,2902,74,357,5112,1,1,357,9,1,0.926100044884456,0.9472641911840912,0.9308740978348036,0.014269186270728885
D-1,SMAP,confirmation,normal_envelope,2902,74,357,5112,1,1,357,9,1,0.926100044884456,0.9472641911840912,0.9308740978348036,0.014269186270728885
D-1,SMAP,confirmation,level_conditional,2902,72,357,5114,1,1,357,7,1,0.926100044884456,0.9472641911840912,0.9311727899887694,0.013883532587736213
D-1,SMAP,confirmation,robust_trajectory,2994,668,265,4518,1,1,0,88,6,0.9545598430026224,0.9609595690725772,0.8651928912006935,0.12880833011955264
D-2,SMAP,confirmation,subspace_reference,3847,21,371,4292,1,1,371,1,1,0.955795560897029,0.9555178688163348,0.9515211476626267,0.0048690006955715275
D-2,SMAP,confirmation,normal_envelope,3847,21,371,4292,1,1,371,1,1,0.955795560897029,0.9555178688163348,0.9515211476626267,0.0048690006955715275
D-2,SMAP,confirmation,level_conditional,3847,21,371,4292,1,1,371,1,1,0.955795560897029,0.9555178688163348,0.9515211476626267,0.0048690006955715275
D-2,SMAP,confirmation,robust_trajectory,3847,21,371,4292,1,1,371,1,1,0.954770535603269,0.9539830416602968,0.9515211476626267,0.0048690006955715275
D-4,SMAP,confirmation,subspace_reference,3236,0,12,5161,1,1,12,1,1,1.0,1.0,0.9981492905613819,0.0
D-4,SMAP,confirmation,normal_envelope,3236,0,12,5161,1,1,12,1,1,1.0,1.0,0.9981492905613819,0.0
D-4,SMAP,confirmation,level_conditional,3236,0,12,5161,1,1,12,1,1,1.0,1.0,0.9981492905613819,0.0
D-4,SMAP,confirmation,robust_trajectory,3224,0,24,5161,1,1,18,2,2,0.9996728495165046,0.999523637557276,0.9962917181705809,0.0
A-2,SMAP,confirmation,subspace_reference,71,122,40,7617,1,1,15,21,2,0.9022477704477964,0.45089738041289,0.46710526315789475,0.015764310634448896
A-2,SMAP,confirmation,normal_envelope,47,23,64,7716,1,1,16,8,4,0.9022477704477964,0.45089738041289,0.5193370165745856,0.002971960201576431
A-2,SMAP,confirmation,level_conditional,82,479,29,7260,1,1,14,113,4,0.9022477704477964,0.45089738041289,0.24404761904761904,0.06189430158935263
A-2,SMAP,confirmation,robust_trajectory,73,1282,38,6457,1,1,26,89,3,0.862325951743189,0.1359744819457807,0.09959072305593451,0.1656544773226515
A-3,SMAP,confirmation,subspace_reference,126,344,60,7611,1,1,59,39,2,0.8176861783013321,0.4448735010208587,0.38414634146341464,0.043243243243243246
A-3,SMAP,confirmation,normal_envelope,126,344,60,7611,1,1,59,39,2,0.8176861783013321,0.4448735010208587,0.38414634146341464,0.043243243243243246
A-3,SMAP,confirmation,level_conditional,126,602,60,7353,1,1,59,62,2,0.8176861783013321,0.4448735010208587,0.27571115973741794,0.07567567567567568
A-3,SMAP,confirmation,robust_trajectory,1,0,185,7955,1,1,68,1,1,0.7721680420105026,0.3560585656160172,0.0106951871657754,0.0
A-4,SMAP,confirmation,subspace_reference,101,235,10,7670,1,1,10,137,1,0.9442113840595816,0.4575926279218147,0.4519015659955257,0.029728020240354206
A-4,SMAP,confirmation,normal_envelope,95,51,16,7854,1,1,11,5,2,0.9442113840595816,0.4575926279218147,0.7392996108949417,0.0064516129032258064
A-4,SMAP,confirmation,level_conditional,101,294,10,7611,1,1,10,176,1,0.9442113840595816,0.4575926279218147,0.39920948616600793,0.037191650853889945
A-4,SMAP,confirmation,robust_trajectory,0,72,111,7833,1,0,0,11,0,0.905223629701808,0.2366138092256293,0.0,0.009108159392789373
G-2,SMAP,confirmation,subspace_reference,30,34,11,7222,1,1,11,1,1,0.8635107698927044,0.3444952737008526,0.5714285714285714,0.004685777287761852
G-2,SMAP,confirmation,normal_envelope,30,34,11,7222,1,1,11,1,1,0.8635107698927044,0.3444952737008526,0.5714285714285714,0.004685777287761852
G-2,SMAP,confirmation,level_conditional,30,34,11,7222,1,1,11,1,1,0.8635107698927044,0.3444952737008526,0.5714285714285714,0.004685777287761852
G-2,SMAP,confirmation,robust_trajectory,30,34,11,7222,1,1,11,1,1,0.8637141339715492,0.3795562493106088,0.5714285714285714,0.004685777287761852
D-6,SMAP,confirmation,subspace_reference,29,26,52,7713,1,1,49,2,2,0.4786658562770894,0.2237605061603206,0.4264705882352941,0.003359607184390748
D-6,SMAP,confirmation,normal_envelope,27,25,54,7714,1,1,49,2,2,0.4786658562770894,0.2237605061603206,0.40601503759398494,0.0032303915234526423
D-6,SMAP,confirmation,level_conditional,29,29,52,7710,1,1,49,4,2,0.4786658562770894,0.2237605061603206,0.4172661870503597,0.003747254167205065
D-6,SMAP,confirmation,robust_trajectory,3,29,78,7710,1,1,48,2,1,0.1072617606192142,0.042527118647068,0.05309734513274336,0.003747254167205065
F-1,SMAP,confirmation,subspace_reference,0,98,101,8321,1,0,0,36,0,0.596583164671141,0.0226379451683202,0.0,0.01164033733222473
F-1,SMAP,confirmation,normal_envelope,0,15,101,8404,1,0,0,7,0,0.596583164671141,0.0226379451683202,0.0,0.0017816842855446016
F-1,SMAP,confirmation,level_conditional,55,1142,46,7277,1,1,30,518,8,0.596583164671141,0.0226379451683202,0.0847457627118644,0.135645563606129
F-1,SMAP,confirmation,robust_trajectory,1,51,100,8368,1,1,30,41,1,0.3728371352398335,0.014252036588387,0.013071895424836602,0.006057726570851645
P-4,SMAP,confirmation,subspace_reference,269,49,174,7227,3,3,154,4,4,0.800515191414428,0.5405791132746623,0.7069645203679369,0.006734469488730071
P-4,SMAP,confirmation,normal_envelope,269,49,174,7227,3,3,154,4,4,0.800515191414428,0.5405791132746623,0.7069645203679369,0.006734469488730071
P-4,SMAP,confirmation,level_conditional,269,49,174,7227,3,3,154,4,4,0.800515191414428,0.5405791132746623,0.7069645203679369,0.006734469488730071
P-4,SMAP,confirmation,robust_trajectory,266,49,177,7227,3,3,154,7,7,0.7967947437197279,0.52510128145458,0.7018469656992085,0.006734469488730071
G-3,SMAP,confirmation,subspace_reference,39,89,12,7703,1,1,12,2,1,0.8797824314530741,0.4675226738342921,0.43575418994413406,0.011421971252566734
G-3,SMAP,confirmation,normal_envelope,0,0,51,7792,1,0,0,0,0,0.8797824314530741,0.4675226738342921,0.0,0.0
G-3,SMAP,confirmation,level_conditional,39,89,12,7703,1,1,12,2,1,0.8797824314530741,0.4675226738342921,0.43575418994413406,0.011421971252566734
G-3,SMAP,confirmation,robust_trajectory,39,89,12,7703,1,1,12,2,1,0.8791520715062205,0.3837765049074458,0.43575418994413406,0.011421971252566734
T-1,SMAP,confirmation,subspace_reference,24,0,1512,7012,2,1,103,15,15,0.3917943124286936,0.1678868075395072,0.03076923076923077,0.0
T-1,SMAP,confirmation,normal_envelope,24,0,1512,7012,2,1,103,15,15,0.3917943124286936,0.1678868075395072,0.03076923076923077,0.0
T-1,SMAP,confirmation,level_conditional,117,4421,1419,2591,2,2,6,381,24,0.3917943124286936,0.1678868075395072,0.038524860059269014,0.6304905875641758
T-1,SMAP,confirmation,robust_trajectory,66,3482,1470,3530,2,1,0,215,11,0.0759933306296349,0.0980678399389607,0.025963808025177025,0.49657729606389045
T-2,SMAP,confirmation,subspace_reference,18,3,1767,6773,1,1,76,15,14,0.393901031486975,0.1836704684775383,0.019933554817275746,0.00044273907910271547
T-2,SMAP,confirmation,normal_envelope,18,3,1767,6773,1,1,76,15,14,0.393901031486975,0.1836704684775383,0.019933554817275746,0.00044273907910271547
T-2,SMAP,confirmation,level_conditional,294,4464,1491,2312,1,1,0,404,41,0.393901031486975,0.1836704684775383,0.08986703347088491,0.6587957497048406
T-2,SMAP,confirmation,robust_trajectory,189,3299,1596,3477,1,1,762,221,17,0.1380248793732369,0.120505278791049,0.07168594727858904,0.48686540731995276
F-2,SMAP,confirmation,subspace_reference,91,0,2866,5605,1,1,475,12,12,0.8249757677468635,0.8307967375193039,0.05971128608923885,0.0
F-2,SMAP,confirmation,normal_envelope,81,0,2876,5605,1,1,1143,3,3,0.8249757677468635,0.8307967375193039,0.05332455562870309,0.0
F-2,SMAP,confirmation,level_conditional,1528,2,1429,5603,1,1,10,32,30,0.8249757677468635,0.8307967375193039,0.6810786717182973,0.0003568242640499554
F-2,SMAP,confirmation,robust_trajectory,1774,184,1183,5421,1,1,76,260,119,0.8290693215904322,0.8225633432603844,0.7218718209562563,0.03282783229259589
T-3,SMAP,confirmation,subspace_reference,153,5092,31,3239,2,2,3,208,5,0.7275113118629739,0.2108860701679049,0.056363971265426416,0.6112111391189533
T-3,SMAP,confirmation,normal_envelope,153,5092,31,3239,2,2,3,208,5,0.7275113118629739,0.2108860701679049,0.056363971265426416,0.6112111391189533
T-3,SMAP,confirmation,level_conditional,154,5132,30,3199,2,2,3,220,4,0.7275113118629739,0.2108860701679049,0.05630712979890311,0.6160124834953787
T-3,SMAP,confirmation,robust_trajectory,146,3665,38,4666,2,2,4,275,7,0.767770193045357,0.2481637154123557,0.07309136420525657,0.4399231784899772
D-12,SMAP,confirmation,subspace_reference,2578,0,162,5114,1,1,162,1,1,0.9704379562043796,0.9615023447998974,0.9695374200827379,0.0
D-12,SMAP,confirmation,normal_envelope,2578,0,162,5114,1,1,162,1,1,0.9704379562043796,0.9615023447998974,0.9695374200827379,0.0
D-12,SMAP,confirmation,level_conditional,2578,0,162,5114,1,1,162,1,1,0.9704379562043796,0.9615023447998974,0.9695374200827379,0.0
D-12,SMAP,confirmation,robust_trajectory,2578,0,162,5114,1,1,162,1,1,0.9704379562043796,0.9615023447998972,0.9695374200827379,0.0
B-1,SMAP,confirmation,subspace_reference,54,2913,17,4996,1,1,17,1,1,0.5560611106263323,0.0092220608136464,0.03554970375246873,0.3683145783284865
B-1,SMAP,confirmation,normal_envelope,54,2913,17,4996,1,1,17,1,1,0.5560611106263323,0.0092220608136464,0.03554970375246873,0.3683145783284865
B-1,SMAP,confirmation,level_conditional,54,2913,17,4996,1,1,17,1,1,0.5560611106263323,0.0092220608136464,0.03554970375246873,0.3683145783284865
B-1,SMAP,confirmation,robust_trajectory,54,2913,17,4996,1,1,17,1,1,0.8359312532166066,0.72589485316982,0.03554970375246873,0.3683145783284865
G-6,SMAP,confirmation,subspace_reference,53,179,48,8296,1,1,0,1,1,0.6997996436811823,0.5342889656421076,0.3183183183183183,0.02112094395280236
G-6,SMAP,confirmation,normal_envelope,53,179,48,8296,1,1,0,1,1,0.6997996436811823,0.5342889656421076,0.3183183183183183,0.02112094395280236
G-6,SMAP,confirmation,level_conditional,53,179,48,8296,1,1,0,1,1,0.6997996436811823,0.5342889656421076,0.3183183183183183,0.02112094395280236
G-6,SMAP,confirmation,robust_trajectory,101,1315,0,7160,1,1,0,1,1,0.999071234557084,0.9098746379972932,0.13315754779169414,0.15516224188790562
G-7,SMAP,confirmation,subspace_reference,1,1,267,7696,3,1,52,2,1,0.7604624984729464,0.228889291904562,0.007407407407407408,0.00012992074834351045
G-7,SMAP,confirmation,normal_envelope,1,1,267,7696,3,1,52,2,1,0.7604624984729464,0.228889291904562,0.007407407407407408,0.00012992074834351045
G-7,SMAP,confirmation,level_conditional,1,1,267,7696,3,1,52,2,1,0.7604624984729464,0.228889291904562,0.007407407407407408,0.00012992074834351045
G-7,SMAP,confirmation,robust_trajectory,36,857,232,6840,3,3,73,63,6,0.7864461633627369,0.2006196090488125,0.06201550387596899,0.11134208133038846
P-7,SMAP,confirmation,subspace_reference,535,36,1116,6320,1,1,89,155,125,0.8500779892347412,0.7266725428899856,0.4815481548154815,0.005663939584644431
P-7,SMAP,confirmation,normal_envelope,535,36,1116,6320,1,1,89,155,125,0.8500779892347412,0.7266725428899856,0.4815481548154815,0.005663939584644431
P-7,SMAP,confirmation,level_conditional,891,199,760,6157,1,1,89,233,115,0.8500779892347412,0.7266725428899856,0.6501276906238599,0.03130899937067338
P-7,SMAP,confirmation,robust_trajectory,1485,57,166,6299,1,1,91,10,1,0.976423122473974,0.960964600787652,0.9301597243971187,0.008967904342353682
R-1,SMAP,confirmation,subspace_reference,81,7099,0,0,1,1,0,1,1,0.694407489143837,0.1819966124381016,0.022310976449524858,1.0
R-1,SMAP,confirmation,normal_envelope,81,7099,0,0,1,1,0,1,1,0.694407489143837,0.1819966124381016,0.022310976449524858,1.0
R-1,SMAP,confirmation,level_conditional,81,7099,0,0,1,1,0,1,1,0.694407489143837,0.1819966124381016,0.022310976449524858,1.0
R-1,SMAP,confirmation,robust_trajectory,81,7099,0,0,1,1,0,1,1,0.6952778951652032,0.2105282162385226,0.022310976449524858,1.0
A-5,SMAP,confirmation,subspace_reference,44,1904,7,2674,1,1,7,2,1,0.5510026640625669,0.0123137126970743,0.04402201100550275,0.41590214067278286
A-5,SMAP,confirmation,normal_envelope,44,1904,7,2674,1,1,7,2,1,0.5510026640625669,0.0123137126970743,0.04402201100550275,0.41590214067278286
A-5,SMAP,confirmation,level_conditional,44,1904,7,2674,1,1,7,2,1,0.5510026640625669,0.0123137126970743,0.04402201100550275,0.41590214067278286
A-5,SMAP,confirmation,robust_trajectory,51,4123,0,455,1,1,0,351,1,0.7982850632607783,0.2552756019353845,0.024142011834319528,0.900611620795107
A-6,SMAP,confirmation,subspace_reference,0,0,41,4348,1,0,0,0,0,0.1484366235106693,0.0295847067652174,0.0,0.0
A-6,SMAP,confirmation,normal_envelope,0,0,41,4348,1,0,0,0,0,0.1484366235106693,0.0295847067652174,0.0,0.0
A-6,SMAP,confirmation,level_conditional,0,0,41,4348,1,0,0,0,0,0.1484366235106693,0.0295847067652174,0.0,0.0
A-6,SMAP,confirmation,robust_trajectory,1,0,40,4348,1,1,7,1,1,0.1784139610025355,0.0300045908558886,0.047619047619047616,0.0
A-8,SMAP,confirmation,subspace_reference,3806,4505,0,0,1,1,0,1,1,0.0487276646547334,0.2883718836284758,0.6282083023850789,1.0
A-8,SMAP,confirmation,normal_envelope,3806,4505,0,0,1,1,0,1,1,0.0487276646547334,0.2883718836284758,0.6282083023850789,1.0
A-8,SMAP,confirmation,level_conditional,3806,4505,0,0,1,1,0,1,1,0.0487276646547334,0.2883718836284758,0.6282083023850789,1.0
A-8,SMAP,confirmation,robust_trajectory,3806,4505,0,0,1,1,0,1,1,0.2007695658995114,0.33752144004657,0.6282083023850789,1.0
A-9,SMAP,confirmation,subspace_reference,3865,4505,0,0,1,1,0,1,1,0.208319633352621,0.3226089976547705,0.631794033510421,1.0
A-9,SMAP,confirmation,normal_envelope,3865,4505,0,0,1,1,0,1,1,0.208319633352621,0.3226089976547705,0.631794033510421,1.0
A-9,SMAP,confirmation,level_conditional,3865,4505,0,0,1,1,0,1,1,0.208319633352621,0.3226089976547705,0.631794033510421,1.0
A-9,SMAP,confirmation,robust_trajectory,3865,4505,0,0,1,1,0,1,1,0.2514541123632933,0.350495197709989,0.631794033510421,1.0
F-3,SMAP,confirmation,subspace_reference,0,71,41,8200,1,0,0,1,0,0.6693265626889131,0.007601446712577,0.0,0.008584209889977028
F-3,SMAP,confirmation,normal_envelope,0,71,41,8200,1,0,0,1,0,0.6693265626889131,0.007601446712577,0.0,0.008584209889977028
F-3,SMAP,confirmation,level_conditional,0,71,41,8200,1,0,0,1,0,0.6693265626889131,0.007601446712577,0.0,0.008584209889977028
F-3,SMAP,confirmation,robust_trajectory,0,304,41,7967,1,0,0,1,0,0.2599355373314342,0.0033003477176275,0.0,0.03675492685285939
M-6,MSL,confirmation,subspace_reference,181,858,0,946,1,1,0,1,1,0.991265573127856,0.852216830123295,0.2967213114754098,0.47560975609756095
M-6,MSL,confirmation,normal_envelope,181,858,0,946,1,1,0,1,1,0.991265573127856,0.852216830123295,0.2967213114754098,0.47560975609756095
M-6,MSL,confirmation,level_conditional,181,858,0,946,1,1,0,1,1,0.991265573127856,0.852216830123295,0.2967213114754098,0.47560975609756095
M-6,MSL,confirmation,robust_trajectory,181,858,0,946,1,1,0,1,1,0.9930847349658832,0.912582717397076,0.2967213114754098,0.47560975609756095
M-2,MSL,confirmation,subspace_reference,1041,25,100,1047,1,1,80,14,13,0.9604677096550552,0.975535881373412,0.9433620299048482,0.02332089552238806
M-2,MSL,confirmation,normal_envelope,1041,25,100,1047,1,1,80,14,13,0.9604677096550552,0.975535881373412,0.9433620299048482,0.02332089552238806
M-2,MSL,confirmation,level_conditional,1041,28,100,1044,1,1,80,16,13,0.9604677096550552,0.975535881373412,0.9420814479638009,0.026119402985074626
M-2,MSL,confirmation,robust_trajectory,157,25,984,1047,1,1,57,33,31,0.9122022446924012,0.8720603345014182,0.23733938019652306,0.02332089552238806
S-2,MSL,confirmation,subspace_reference,6,60,5,1692,1,1,5,1,1,0.7528019925280199,0.0416632209667514,0.15584415584415584,0.03424657534246575
S-2,MSL,confirmation,normal_envelope,6,60,5,1692,1,1,5,1,1,0.7528019925280199,0.0416632209667514,0.15584415584415584,0.03424657534246575
S-2,MSL,confirmation,level_conditional,6,60,5,1692,1,1,5,1,1,0.7528019925280199,0.0416632209667514,0.15584415584415584,0.03424657534246575
S-2,MSL,confirmation,robust_trajectory,6,60,5,1692,1,1,5,1,1,0.7642434620174346,0.4119269839632857,0.15584415584415584,0.03424657534246575
P-10,MSL,confirmation,subspace_reference,104,1379,27,4526,1,1,27,1,1,0.7238554466068994,0.0379581906449915,0.1288723667905824,0.23353090601185436
P-10,MSL,confirmation,normal_envelope,104,1379,27,4526,1,1,27,1,1,0.7238554466068994,0.0379581906449915,0.1288723667905824,0.23353090601185436
P-10,MSL,confirmation,level_conditional,104,1379,27,4526,1,1,27,1,1,0.7238554466068994,0.0379581906449915,0.1288723667905824,0.23353090601185436
P-10,MSL,confirmation,robust_trajectory,104,1389,27,4516,1,1,27,11,1,0.7538830464543568,0.0773841970483714,0.12807881773399016,0.23522438611346316
T-5,MSL,confirmation,subspace_reference,14,54,12,2074,1,1,12,1,1,0.7550607287449392,0.0992032641566781,0.2978723404255319,0.02537593984962406
T-5,MSL,confirmation,normal_envelope,14,54,12,2074,1,1,12,1,1,0.7550607287449392,0.0992032641566781,0.2978723404255319,0.02537593984962406
T-5,MSL,confirmation,level_conditional,14,54,12,2074,1,1,12,1,1,0.7550607287449392,0.0992032641566781,0.2978723404255319,0.02537593984962406
T-5,MSL,confirmation,robust_trajectory,14,54,12,2074,1,1,12,1,1,0.7619107865818392,0.3808419592634303,0.2978723404255319,0.02537593984962406
F-7,MSL,confirmation,subspace_reference,74,96,349,4471,3,3,283,81,20,0.6851417896193319,0.2463066035085097,0.24957841483979765,0.02102036347711846
F-7,MSL,confirmation,normal_envelope,69,65,354,4502,3,3,283,65,21,0.6851417896193319,0.2463066035085097,0.24775583482944344,0.014232537770965623
F-7,MSL,confirmation,level_conditional,108,241,315,4326,3,3,238,127,17,0.6851417896193319,0.2463066035085097,0.27979274611398963,0.05276987081234946
F-7,MSL,confirmation,robust_trajectory,8,10,415,4557,3,2,156,15,7,0.7397539445534079,0.3112381976622879,0.036281179138321996,0.0021896211955331727
M-5,MSL,confirmation,subspace_reference,5,58,296,1880,1,1,241,15,2,0.6256218521680398,0.1657276854087492,0.027472527472527472,0.029927760577915376
M-5,MSL,confirmation,normal_envelope,0,6,301,1932,1,0,0,4,0,0.6256218521680398,0.1657276854087492,0.0,0.0030959752321981426
M-5,MSL,confirmation,level_conditional,14,78,287,1860,1,1,238,18,2,0.6256218521680398,0.1657276854087492,0.07124681933842239,0.04024767801857585
M-5,MSL,confirmation,robust_trajectory,27,25,274,1913,1,1,42,19,6,0.5120753319687728,0.2132752626156575,0.1529745042492918,0.012899896800825593
C-1,MSL,confirmation,subspace_reference,113,32,199,1856,2,2,65,20,6,0.8307104927205562,0.5735540234739648,0.49452954048140046,0.01694915254237288
C-1,MSL,confirmation,normal_envelope,113,32,199,1856,2,2,65,20,6,0.8307104927205562,0.5735540234739648,0.49452954048140046,0.01694915254237288
C-1,MSL,confirmation,level_conditional,143,129,169,1759,2,2,60,33,7,0.8307104927205562,0.5735540234739648,0.4897260273972603,0.06832627118644068
C-1,MSL,confirmation,robust_trajectory,19,93,293,1795,2,1,0,9,2,0.689414928292047,0.2524960340078315,0.08962264150943396,0.04925847457627119
C-2,MSL,confirmation,subspace_reference,137,1650,0,200,2,2,0,1,1,0.8544170447820083,0.6882643899087225,0.14241164241164242,0.8918918918918919
C-2,MSL,confirmation,normal_envelope,137,1650,0,200,2,2,0,1,1,0.8544170447820083,0.6882643899087225,0.14241164241164242,0.8918918918918919
C-2,MSL,confirmation,level_conditional,137,1650,0,200,2,2,0,1,1,0.8544170447820083,0.6882643899087225,0.14241164241164242,0.8918918918918919
C-2,MSL,confirmation,robust_trajectory,137,1650,0,200,2,2,0,1,1,0.8039731702505424,0.38151391992605,0.14241164241164242,0.8918918918918919
T-12,MSL,confirmation,subspace_reference,111,583,10,1662,1,1,0,23,2,0.8872719910176885,0.1977211583354567,0.2723926380368098,0.25968819599109133
T-12,MSL,confirmation,normal_envelope,111,583,10,1662,1,1,0,23,2,0.8872719910176885,0.1977211583354567,0.2723926380368098,0.25968819599109133
T-12,MSL,confirmation,level_conditional,111,583,10,1662,1,1,0,23,2,0.8872719910176885,0.1977211583354567,0.2723926380368098,0.25968819599109133
T-12,MSL,confirmation,robust_trajectory,72,193,49,2052,1,1,0,13,3,0.7481823703730972,0.1642236818638567,0.37305699481865284,0.08596881959910913
T-13,MSL,confirmation,subspace_reference,33,379,219,1735,2,1,118,1,1,0.6385528825216621,0.1490503429402235,0.09939759036144578,0.17928098391674552
T-13,MSL,confirmation,normal_envelope,33,379,219,1735,2,1,118,1,1,0.6385528825216621,0.1490503429402235,0.09939759036144578,0.17928098391674552
T-13,MSL,confirmation,level_conditional,33,379,219,1735,2,1,118,1,1,0.6385528825216621,0.1490503429402235,0.09939759036144578,0.17928098391674552
T-13,MSL,confirmation,robust_trajectory,57,500,195,1614,2,2,74,15,5,0.385789746362121,0.0872607300252712,0.14091470951792337,0.23651844843897823
F-4,MSL,confirmation,subspace_reference,0,45,71,3242,1,0,0,18,0,0.4958800567322401,0.0196023561926713,0.0,0.013690295101916642
F-4,MSL,confirmation,normal_envelope,0,5,71,3282,1,0,0,3,0,0.4958800567322401,0.0196023561926713,0.0,0.0015211439002129601
F-4,MSL,confirmation,level_conditional,0,76,71,3211,1,0,0,26,0,0.4958800567322401,0.0196023561926713,0.0,0.023121387283236993
F-4,MSL,confirmation,robust_trajectory,18,458,53,2829,1,1,38,24,1,0.6090274534337146,0.0265972155671865,0.06581352833638025,0.13933678125950716
D-14,MSL,confirmation,subspace_reference,203,109,19,2230,2,2,19,2,2,0.9489723798188956,0.8604673404622512,0.7602996254681648,0.04660111158614793
D-14,MSL,confirmation,normal_envelope,203,109,19,2230,2,2,19,2,2,0.9489723798188956,0.8604673404622512,0.7602996254681648,0.04660111158614793
D-14,MSL,confirmation,level_conditional,203,109,19,2230,2,2,19,2,2,0.9489723798188956,0.8604673404622512,0.7602996254681648,0.04660111158614793
D-14,MSL,confirmation,robust_trajectory,203,109,19,2230,2,2,19,2,2,0.9433711180184032,0.7443064074231183,0.7602996254681648,0.04660111158614793
T-9,MSL,confirmation,subspace_reference,112,920,0,0,2,2,0,1,1,0.8626455745341616,0.3661579943855905,0.1958041958041958,1.0
T-9,MSL,confirmation,normal_envelope,112,920,0,0,2,2,0,1,1,0.8626455745341616,0.3661579943855905,0.1958041958041958,1.0
T-9,MSL,confirmation,level_conditional,112,920,0,0,2,2,0,1,1,0.8626455745341616,0.3661579943855905,0.1958041958041958,1.0
T-9,MSL,confirmation,robust_trajectory,26,7,86,913,2,2,31,10,8,0.9039402173913044,0.5641141464539189,0.3586206896551724,0.007608695652173913
P-14,MSL,confirmation,subspace_reference,181,5855,0,0,1,1,0,1,1,0.658668277101783,0.0537503521457571,0.058227440887888046,1.0
P-14,MSL,confirmation,normal_envelope,181,5855,0,0,1,1,0,1,1,0.658668277101783,0.0537503521457571,0.058227440887888046,1.0
P-14,MSL,confirmation,level_conditional,181,5855,0,0,1,1,0,1,1,0.658668277101783,0.0537503521457571,0.058227440887888046,1.0
P-14,MSL,confirmation,robust_trajectory,181,5855,0,0,1,1,0,1,1,0.733492175078202,0.3207390299254918,0.058227440887888046,1.0
T-8,MSL,confirmation,subspace_reference,39,184,63,1169,2,2,36,119,18,0.8078670492587279,0.1910320294489605,0.24,0.1359940872135994
T-8,MSL,confirmation,normal_envelope,39,184,63,1169,2,2,36,119,18,0.8078670492587279,0.1910320294489605,0.24,0.1359940872135994
T-8,MSL,confirmation,level_conditional,39,184,63,1169,2,2,36,119,18,0.8078670492587279,0.1910320294489605,0.24,0.1359940872135994
T-8,MSL,confirmation,robust_trajectory,14,43,88,1310,2,1,5,25,2,0.6583735489761315,0.1882479656705976,0.1761006289308176,0.031781226903178125
D-16,MSL,confirmation,subspace_reference,649,940,2,536,1,1,2,1,1,0.5365239635499273,0.4811925863902275,0.5794642857142858,0.6368563685636857
D-16,MSL,confirmation,normal_envelope,649,940,2,536,1,1,2,1,1,0.5365239635499273,0.4811925863902275,0.5794642857142858,0.6368563685636857
D-16,MSL,confirmation,level_conditional,649,940,2,536,1,1,2,1,1,0.5365239635499273,0.4811925863902275,0.5794642857142858,0.6368563685636857
D-16,MSL,confirmation,robust_trajectory,604,920,47,556,1,1,2,30,18,0.7659333774597347,0.6958162513244833,0.5554022988505747,0.6233062330623306
M-7,MSL,confirmation,subspace_reference,101,1991,0,0,1,1,0,1,1,0.606431913909623,0.2909210995260787,0.09211126310989512,1.0
M-7,MSL,confirmation,normal_envelope,101,1991,0,0,1,1,0,1,1,0.606431913909623,0.2909210995260787,0.09211126310989512,1.0
M-7,MSL,confirmation,level_conditional,101,1991,0,0,1,1,0,1,1,0.606431913909623,0.2909210995260787,0.09211126310989512,1.0
M-7,MSL,confirmation,robust_trajectory,101,1991,0,0,1,1,0,1,1,0.9788155611141224,0.6566066819238221,0.09211126310989512,1.0
F-8,MSL,confirmation,subspace_reference,1,23,536,1863,1,1,73,8,1,0.5059667332160326,0.2707058736836699,0.0035650623885918,0.012195121951219513
F-8,MSL,confirmation,normal_envelope,1,23,536,1863,1,1,73,8,1,0.5059667332160326,0.2707058736836699,0.0035650623885918,0.012195121951219513
F-8,MSL,confirmation,level_conditional,1,23,536,1863,1,1,73,8,1,0.5059667332160326,0.2707058736836699,0.0035650623885918,0.012195121951219513
F-8,MSL,confirmation,robust_trajectory,78,48,459,1838,1,1,60,14,7,0.6913911384681007,0.4371236344588978,0.23529411764705882,0.02545068928950159
