channel,dataset,train_n,test_n,features,fit_n,selection_n,calibration_n,anomaly_points,warmup_anomaly_points,events,split
P-1,SMAP,2872,8505,25,1723,574,575,751,0,3,confirmation
S-1,SMAP,2818,7331,25,1690,564,564,448,0,1,confirmation
E-1,SMAP,2880,8516,25,1728,576,576,508,0,2,confirmation
E-2,SMAP,2880,8532,25,1728,576,576,1398,0,1,confirmation
E-3,SMAP,2880,8307,25,1728,576,576,3213,0,1,confirmation
E-4,SMAP,2880,8354,25,1728,576,576,2812,0,1,confirmation
E-5,SMAP,2880,8294,25,1728,576,576,321,0,1,confirmation
E-6,SMAP,2880,8300,25,1728,576,576,66,0,1,development
E-7,SMAP,2769,8310,25,1661,554,554,281,0,1,confirmation
E-8,SMAP,2880,8532,25,1728,576,576,623,0,1,development
E-9,SMAP,2880,8302,25,1728,576,576,351,0,1,confirmation
E-10,SMAP,2880,8505,25,1728,576,576,322,0,2,confirmation
E-11,SMAP,2880,8514,25,1728,576,576,295,0,2,confirmation
E-12,SMAP,2880,8512,25,1728,576,576,583,0,2,confirmation
E-13,SMAP,2880,8640,25,1728,576,576,264,0,3,confirmation
A-1,SMAP,2880,8640,25,1728,576,576,85,0,1,development
D-1,SMAP,2849,8509,25,1709,570,570,3259,0,1,confirmation
P-3,SMAP,2855,8493,25,1713,571,571,1336,0,1,development
D-2,SMAP,2880,8595,25,1728,576,576,4218,0,1,confirmation
D-3,SMAP,2880,8640,25,1728,576,576,3276,0,1,development
D-4,SMAP,2833,8473,25,1699,567,567,3248,0,1,confirmation
A-2,SMAP,2648,7914,25,1588,530,530,111,0,1,confirmation
A-3,SMAP,2736,8205,25,1641,547,548,186,0,1,confirmation
A-4,SMAP,2690,8080,25,1614,538,538,111,0,1,confirmation
G-1,SMAP,2820,8469,25,1692,564,564,121,0,1,development
G-2,SMAP,2478,7361,25,1486,496,496,41,0,1,confirmation
D-5,SMAP,2561,7628,25,1536,512,513,51,0,1,development
D-6,SMAP,2594,7884,25,1556,519,519,81,0,1,confirmation
D-7,SMAP,2583,7642,25,1549,517,517,2702,0,1,development
F-1,SMAP,2869,8584,25,1721,574,574,101,0,1,confirmation
P-4,SMAP,2609,7783,25,1565,522,522,443,0,3,confirmation
G-3,SMAP,2624,7907,25,1574,525,525,51,0,1,confirmation
T-1,SMAP,2875,8612,25,1725,575,575,1536,0,2,confirmation
T-2,SMAP,2855,8625,25,1713,571,571,1785,0,1,confirmation
D-8,SMAP,2602,7874,25,1561,520,521,51,0,1,development
D-9,SMAP,2583,7406,25,1549,517,517,1156,0,1,development
F-2,SMAP,2861,8626,25,1716,572,573,2957,0,1,confirmation
G-4,SMAP,2551,7632,25,1530,510,511,31,0,1,development
T-3,SMAP,2876,8579,25,1725,575,576,184,0,2,confirmation
D-11,SMAP,2611,7431,25,1566,522,523,61,0,1,development
D-12,SMAP,312,7918,25,120,96,96,2740,0,1,confirmation
B-1,SMAP,2435,8044,25,1461,487,487,71,0,1,confirmation
G-6,SMAP,2881,8640,25,1728,576,577,101,0,1,confirmation
G-7,SMAP,2446,8029,25,1467,489,490,268,0,3,confirmation
P-7,SMAP,2853,8071,25,1711,571,571,1651,0,1,confirmation
R-1,SMAP,2874,7244,25,1724,575,575,81,0,1,confirmation
A-5,SMAP,705,4693,25,423,141,141,51,0,1,confirmation
A-6,SMAP,682,4453,25,409,136,137,41,0,1,confirmation
A-7,SMAP,2879,8631,25,1727,576,576,2401,0,1,development
D-13,SMAP,1490,7663,25,894,298,298,161,0,1,development
A-8,SMAP,762,8375,25,457,152,153,3806,0,1,confirmation
A-9,SMAP,762,8434,25,457,152,153,3865,0,1,confirmation
F-3,SMAP,2880,8376,25,1728,576,576,41,0,1,confirmation
M-6,MSL,1565,2049,55,939,313,313,181,0,1,confirmation
M-1,MSL,2209,2277,55,1325,442,442,1141,0,1,development
M-2,MSL,2208,2277,55,1324,442,442,1141,0,1,confirmation
S-2,MSL,926,1827,55,555,185,186,11,0,1,confirmation
P-10,MSL,4308,6100,55,2584,862,862,131,0,1,confirmation
T-4,MSL,2272,2217,55,1363,454,455,69,0,1,development
T-5,MSL,2272,2218,55,1363,454,455,26,0,1,confirmation
F-7,MSL,2511,5054,55,1506,502,503,423,0,3,confirmation
M-3,MSL,2037,2127,55,1222,407,408,251,0,1,development
M-4,MSL,2076,2038,55,1245,415,416,251,0,1,development
M-5,MSL,2032,2303,55,1219,406,407,301,0,1,confirmation
P-15,MSL,3682,2856,55,2209,736,737,21,0,1,development
C-1,MSL,2158,2264,55,1294,432,432,312,0,2,confirmation
C-2,MSL,764,2051,55,458,153,153,137,0,2,confirmation
T-12,MSL,1145,2430,55,687,229,229,121,0,1,confirmation
T-13,MSL,1145,2430,55,687,229,229,252,0,2,confirmation
F-4,MSL,2244,3422,55,1346,449,449,71,0,1,confirmation
F-5,MSL,2598,3922,55,1558,520,520,151,0,1,development
D-14,MSL,3675,2625,55,2205,735,735,222,0,2,confirmation
T-9,MSL,439,1096,55,247,96,96,112,0,2,confirmation
P-14,MSL,2880,6100,55,1728,576,576,181,0,1,confirmation
T-8,MSL,748,1519,55,448,150,150,102,0,2,confirmation
P-11,MSL,3969,3535,55,2381,794,794,228,0,2,development
D-15,MSL,2074,2158,55,1244,415,415,641,0,1,development
D-16,MSL,1451,2191,55,870,290,291,651,0,1,confirmation
M-7,MSL,1587,2156,55,952,317,318,101,0,1,confirmation
F-8,MSL,3342,2487,55,2005,668,669,537,0,1,confirmation
