method,comparator,dataset,delta_f1,ci_low,ci_high,n_bootstrap
normal_envelope,subspace_reference,SMAP,0.0008802045960454863,-0.0015009944718253926,0.0038965453665713756,5000
normal_envelope,subspace_reference,MSL,0.0006612462793123552,-0.00033129866478440114,0.003916927753850453,5000
normal_envelope,subspace_reference,equal_weight_mean,0.0007707254376789208,-0.0005820108872151862,0.002905978934668679,5000
level_conditional,subspace_reference,SMAP,-0.01856731096094255,-0.07999167212118813,0.0539481585399526,5000
level_conditional,subspace_reference,MSL,0.002018762407301311,-0.0019972392134126908,0.007697585824484082,5000
level_conditional,subspace_reference,equal_weight_mean,-0.00827427427682062,-0.039129324605271146,0.028064217372300863,5000
robust_trajectory,subspace_reference,SMAP,0.007815877859318865,-0.06786346335033235,0.10108187385232192,5000
robust_trajectory,subspace_reference,MSL,-0.0774704704869697,-0.24150098155533503,0.011088557193134658,5000
robust_trajectory,subspace_reference,equal_weight_mean,-0.03482729631382542,-0.12501496831043626,0.0351930988653702,5000
