channel,dataset,split,normal_points,false_positives,fpr,outside_fit_normal_fraction,outside_fit_fpr,inside_fit_fpr,outside_normal_n,inside_normal_n,normal_recent_command_fraction,command_recent_fpr,no_recent_command_fpr,command_recent_n,no_recent_command_n,fit_value_std,normal_test_value_std,fit_low,fit_high,calibration_n,reference_threshold,selection_threshold,envelope_ratio,selection_exceedance,calibration_exceedance,pca_rank,reference_floor
P-1,SMAP,confirmation,7690,2,0.0002600780234070221,0.007672301690507152,0.0,0.0002620888481195125,59,7631,0.8967490247074122,0.0002900232018561485,0.0,6896,794,0.39335077779745564,0.405340701855629,-0.9836424916990889,0.8560927540974369,511,1.26167862019985,1.1303226025100594,1.0,0.0,0.0058708414872798,28,0.0059622859019594
S-1,SMAP,confirmation,6819,13,0.0019064378941193723,0.013198416190057193,0.0,0.0019319363947094665,90,6729,0.6876374835019797,0.0017061207080400938,0.002347417840375587,4689,2130,0.44996965445264026,0.439818923563142,-0.3983356119570808,1.0,500,1.11849374714178,1.0673350390025749,1.0,0.0,0.006,56,0.0092779720095004
E-1,SMAP,confirmation,7944,23,0.0028952668680765356,0.0,,0.0028952668680765356,0,7944,0.6198388721047331,0.0036555645816409425,0.0016556291390728477,4924,3020,0.8179906739765558,0.8022944387747468,-1.0,0.9999999999999998,512,480.9768101312047,474.4988894602945,1.0,0.00390625,0.005859375,20,0.004988018015258
E-2,SMAP,confirmation,7070,19,0.0026874115983026876,0.0,,0.0026874115983026876,0,7070,0.6974540311173975,0.0,0.008882655446470314,4931,2139,0.5501132715448859,0.3219003221030732,-1.0,0.9169149298376902,512,3.051566317050875,2.6912624872818824,1.0,0.00390625,0.005859375,9,0.0024502059756481
E-3,SMAP,confirmation,5030,0,0.0,0.0035785288270377734,0.0,0.0,18,5012,0.8860834990059642,0.0,0.0,4457,573,0.3975270771124611,0.08808379933732384,-0.7486219828404543,1.0,512,1.684284154987885,1.2456898544060198,1.0,0.0,0.005859375,3,0.0008917411898247
E-4,SMAP,confirmation,5478,409,0.074662285505659,0.00018254837531945966,0.0,0.0746759174730692,1,5477,0.8714859437751004,0.05006284038542103,0.24147727272727273,4774,704,0.4409397916991511,0.2722480820050333,-0.9678377813807371,0.9730695351072103,512,2.679527411202965,2.777130337087609,1.0364254254226215,0.009765625,0.005859375,9,0.0021902728260822
E-5,SMAP,confirmation,7909,3982,0.5034770514603616,0.0,,0.5034770514603616,0,7909,0.6239726893412568,0.585612968591692,0.367182246133154,4935,2974,0.8179906739765558,0.402742556775391,-1.0,1.0,512,480.9768101312047,474.4988894602945,1.0,0.00390625,0.005859375,20,0.004988018015258
E-6,SMAP,development,8170,12,0.0014687882496940024,0.0,,0.0014687882496940024,0,8170,0.6052631578947368,0.001820020222446916,0.0009302325581395349,4945,3225,0.0033779991548308214,0.002685902342794979,0.99,1.0,512,684.7347943855932,727.7974881779185,1.0628895948408246,0.02734375,0.005859375,26,0.0054128163633774
E-7,SMAP,confirmation,7965,108,0.013559322033898305,0.0010043942247332078,0.25,0.013321603619454569,8,7957,0.6065285624607658,0.014696750155247362,0.011805998723675814,4831,3134,0.043769754891806456,0.04257063709111322,-1.0,-0.8537540845070428,490,1.07487325717836,1.057661345936895,1.0,0.0,0.0061224489795918,53,0.009045135217528
E-8,SMAP,development,7845,1009,0.12861695347355004,0.0,,0.12861695347355004,0,7845,0.6019120458891013,0.03303684879288437,0.27313480627601666,4722,3123,0.49970584742792334,0.2666181385316272,-1.0,0.9999999999999991,512,1.9012303287658097,1.532675130892735,1.0,0.0,0.005859375,6,0.001543229925309
E-9,SMAP,confirmation,7887,2,0.00025358184354000256,0.0,,0.00025358184354000256,0,7887,0.6172182071763662,0.0,0.000662471016893011,4868,3019,0.5109697127821161,0.251917994287005,-1.0,1.0000000000000018,512,2.368345907355,1.39311531062306,1.0,0.0,0.0,5,0.0013144831827352
E-10,SMAP,confirmation,8119,26,0.003202364823254095,0.0,,0.003202364823254095,0,8119,0.6026604261608572,0.003883098303699162,0.0021698698078115313,4893,3226,0.8166421571509334,0.7988640017725568,-1.0,1.0,512,484.4502648003762,473.9645446214994,1.0,0.00390625,0.005859375,20,0.0049886361642946
E-11,SMAP,confirmation,8155,34,0.004169221336603311,0.0,,0.004169221336603311,0,8155,0.6017167381974249,0.004890972080701039,0.003078817733990148,4907,3248,0.8170190274375441,0.7917053251274757,-1.0,1.0,512,484.5178822303487,471.793577839128,1.0,0.00390625,0.005859375,20,0.0049853443311631
E-12,SMAP,confirmation,7865,28,0.0035600762873490145,0.0,,0.0035600762873490145,0,7865,0.6235219326128417,0.004486133768352365,0.002026342451874367,4904,2961,0.817990673976556,0.8017702949611607,-1.0,1.0000000000000002,512,480.9768101312129,474.4988894602996,1.0,0.00390625,0.005859375,20,0.004988018015258
E-13,SMAP,confirmation,8312,57,0.006857555341674687,0.00048123195380173246,0.0,0.0068608570052961,4,8308,0.8960538979788258,0.005236305048335123,0.020833333333333332,7448,864,0.5499367096329533,0.5712192705735621,-1.0,0.9898179814703724,512,3.2362901437547498,3.230884959656989,1.0,0.005859375,0.005859375,20,0.0047053884795884
A-1,SMAP,development,8491,8491,1.0,1.0,1.0,,8491,0,0.8879990578259334,1.0,1.0,7540,951,2.220446049250313e-16,0.0,0.999,0.999,512,1.0,1.0,1.0,0.0,0.0,0,1e-06
D-1,SMAP,confirmation,5186,74,0.014269186270728885,0.195526417277285,0.011834319526627219,0.014860977948226271,1014,4172,0.8895102198225993,0.01604162150444396,0.0,4613,573,0.06282287089705321,0.05977204840170263,-1.0,-0.631625,506,1.4104617081064752,1.2844522237998752,1.0,0.0,0.0059288537549407,37,0.0068583052774636
P-3,SMAP,development,7093,0,0.0,0.0,,0.0,0,7093,0.671225151557874,0.0,0.0,4761,2332,0.3006441517007363,0.04837695175198888,-0.849334560170657,0.8333346904542793,507,1.26638920777133,1.16548291623913,1.0,0.0,0.0059171597633136,18,0.0041219711989031
D-2,SMAP,confirmation,4313,21,0.0048690006955715275,0.0,,0.0048690006955715275,0,4313,0.8826802689543242,0.005516154452324665,0.0,3807,506,0.0,0.0,-1.0,-1.0,512,1.0,1.0,1.0,0.0,0.0,0,1e-06
D-3,SMAP,development,5300,382,0.07207547169811321,0.42509433962264154,0.16955170883266754,0.0,2253,3047,0.8913207547169811,0.07684165961049957,0.03298611111111111,4724,576,0.005256929905403574,0.31192963924163997,-1.0,-0.9819811053377421,512,20.19857844550477,11.09125397835901,1.0,0.0,0.005859375,1,0.000100501260747
D-4,SMAP,confirmation,5161,0,0.0,0.3851966673125363,0.0,0.0,1988,3173,0.895562875411742,0.0,0.0,4622,539,0.005187517367801973,0.007909747084870522,-1.0,-0.9871428571428567,503,11154.299538797346,5577.149769398673,1.0,0.0,0.0,1,0.0003013056203204
A-2,SMAP,confirmation,7739,122,0.015764310634448896,0.0,,0.015764310634448896,0,7739,0.9207907998449412,0.017120404153802976,0.0,7126,613,0.5598427920601683,0.49548054459585156,-1.0,1.0,466,1.4487997681751503,1.8335652644598752,1.2655753436303765,0.0965665236051502,0.0064377682403433,9,0.002366569860116
A-3,SMAP,confirmation,7955,344,0.043243243243243246,0.001005656819610308,0.25,0.04303510758776897,8,7947,0.904588309239472,0.04266259032795998,0.048748353096179184,7196,759,0.4673912909380608,0.4277097169386694,-0.8570659072096125,1.0,484,1.4718275144013648,1.4689988381861492,1.0,0.0062111801242236,0.006198347107438,7,0.0017875810984212
A-4,SMAP,confirmation,7905,235,0.029728020240354206,0.0011385199240986717,0.1111111111111111,0.029635258358662615,9,7896,0.9142314990512334,0.030026290300262902,0.02654867256637168,7227,678,0.35404483133713927,0.31551309892465906,-0.7688749513975798,0.8569186779878153,474,1.07093895950499,1.1480317017199149,1.0719861216465212,0.1139240506329113,0.0063291139240506,35,0.0067881336656492
G-1,SMAP,development,8284,0,0.0,0.07279092225977789,0.0,0.0,603,7681,0.8915982617093192,0.0,0.0,7386,898,0.4383693669469293,0.50146334881199,-0.6506219216302381,0.997670588154496,500,1.29724761178962,1.2861473566282449,1.0,0.002,0.006,21,0.0051148232714276
G-2,SMAP,confirmation,7256,34,0.004685777287761852,0.0,,0.004685777287761852,0,7256,0.9758820286659317,0.004801581697500353,0.0,7081,175,0.0,0.0,-1.0,-1.0,432,1.0,1.0,1.0,0.0,0.0,0,1e-06
D-5,SMAP,development,7513,7513,1.0,1.0,1.0,,7513,0,0.9271928656994542,1.0,1.0,6966,547,0.00021941587130396345,0.0015440344058873913,0.999,0.9999113924050633,449,2.7080013983345594,2.7353222127335246,1.0100889218210034,0.0089285714285714,0.0066815144766146,5,0.000456599693888
D-6,SMAP,confirmation,7739,26,0.003359607184390748,0.0,,0.003359607184390748,0,7739,0.9187233492699315,0.0036568213783403658,0.0,7110,629,0.4393824959465643,0.0015577740783009183,-0.9999999999999999,0.9156626506024099,455,3.9187767313066137,4.418093685959446,1.127416535538719,0.0153846153846153,0.0065934065934065,7,0.000590725961182
D-7,SMAP,development,4876,0,0.0,0.0,,0.0,0,4876,0.9259639048400328,0.0,0.0,4515,361,0.0,0.0,-1.0,-1.0,453,1.0,1.0,1.0,0.0,0.0,0,1e-06
F-1,SMAP,confirmation,8419,98,0.01164033733222473,0.02066753771231738,0.0,0.011885991510006064,174,8245,0.14289107970067705,0.010806317539484621,0.011779379157427938,1203,7216,0.2219368461291656,0.21343086985132284,-0.3384203598703146,0.7283246930535211,510,1.35433133613671,1.47384912808884,1.0882485613107498,0.0862745098039215,0.0058823529411764,56,0.0086172594173462
P-4,SMAP,confirmation,7276,49,0.006734469488730071,0.0,,0.006734469488730071,0,7276,0.1139362286970863,0.0,0.00760043431053203,829,6447,0.0,0.0,-1.0,-1.0,458,1.0,1.0,1.0,0.0,0.0,0,1e-06
G-3,SMAP,confirmation,7792,89,0.011421971252566734,0.00012833675564681725,1.0,0.011295084071364396,1,7791,0.94314681724846,0.012110491223295687,0.0,7349,443,0.0,0.004531141760288984,1.0,1.0,461,1.0,8000000.000000001,8000000.000000001,0.1713665943600867,0.0,0,1e-06
T-1,SMAP,confirmation,7012,0,0.0,0.000713063320022818,0.0,0.0,5,7007,0.05647461494580719,0.0,0.0,396,6616,0.6024627863207691,0.5620141796223583,-0.9867082703150725,0.9962564109031232,511,2.2118010871317493,2.183891090162,1.0,0.0019569471624266,0.0058708414872798,5,0.0009019875389343
T-2,SMAP,confirmation,6776,3,0.00044273907910271547,0.0008854781582054309,0.0,0.0004431314623338257,6,6770,0.057998819362455725,0.0,0.00046999843333855553,393,6383,0.6030352349324578,0.5666112980735596,-0.9928081741608574,0.9999999999999999,507,2.25343125217496,2.1737311319559067,1.0,0.0039447731755424,0.0059171597633136,5,0.0009058454577061
D-8,SMAP,development,7759,29,0.003737595050908622,0.0,,0.003737595050908622,0,7759,0.0454955535507153,0.0,0.003915743991358358,353,7406,0.0,0.0,-1.0,-1.0,457,1.0,1.0,1.0,0.0,0.0,0,1e-06
D-9,SMAP,development,6186,0,0.0,0.0,,0.0,0,6186,0.06094406724862593,0.0,0.0,377,5809,0.0,0.0,-1.0,-1.0,453,1.0,1.0,1.0,0.0,0.0,0,1e-06
F-2,SMAP,confirmation,5605,0,0.0,0.24620874219446923,0.0,0.0,1380,4225,0.07029438001784122,0.0,0.0,394,5211,0.16924427543430134,0.11453720203590093,-0.5393100447039988,0.4712158563202874,509,1.37686502177066,1.414574937768155,1.0273882446000406,0.0314960629921259,0.005893909626719,57,0.0089194469116189
G-4,SMAP,development,7537,76,0.01008358763433727,0.0,,0.01008358763433727,0,7537,0.0006633939233116624,0.0,0.01009028146574615,5,7532,0.008837423096721912,0.008730701980769778,0.98,1.0,447,1.2774112903463195,1.2321117762165248,1.0,0.0,0.0067114093959731,35,0.0070129056522081
T-3,SMAP,confirmation,8331,5092,0.6112111391189533,0.05029408234305605,0.007159904534606206,0.6432002022244692,419,7912,0.04225183051254351,0.5795454545454546,0.6126080962526632,352,7979,0.01566361506715959,0.013246992123427231,0.9514660403903745,0.9984921096174061,512,1.2220211065576598,1.0679649867246,1.0,0.0,0.005859375,3,0.0004635832663505
D-11,SMAP,development,7306,3309,0.45291541199014507,0.42430878729811117,0.0,0.7867332382310984,3100,4206,0.05255954010402409,0.7057291666666666,0.4388904940768564,384,6922,0.2269039677549685,0.8658251730056116,-1.0,-0.2222222222222232,459,20.484269256664,7.587766030759,1.0,0.0,0.0,1,0.000192150436283
D-12,SMAP,confirmation,5114,0,0.0,1.0,0.0,,5114,0,0.08584278451310129,0.0,0.0,439,4675,0.0,1.1102230246251565e-16,-1.0,-1.0,32,1.0,1.0,1.0,0.0,0.0,0,1e-06
B-1,SMAP,confirmation,7909,2913,0.3683145783284865,0.3683145783284865,1.0,0.0,2913,4996,0.06397774687065369,0.0,0.39348912602998787,506,7403,0.0,0.9646946661388683,-1.0,-1.0,423,1.0,1.0,1.0,0.0,0.0,0,1e-06
G-6,SMAP,confirmation,8475,179,0.02112094395280236,0.6532153392330383,0.03233381502890174,0.0,5536,2939,0.059823008849557525,0.0,0.022464859437751002,507,7968,0.3465919943799716,0.7796851654106255,-0.9988005313222581,0.19859766808564774,513,19.97840235075424,10.36906874224699,1.0,0.0,0.0058479532163742,1,0.000103860579182
G-7,SMAP,confirmation,7697,1,0.00012992074834351045,0.0,,0.00012992074834351045,0,7697,0.06573989866181629,0.0,0.00013906271728549575,506,7191,0.16544191815889528,0.10127180244582612,-0.9999999999999998,1.0,426,957.118961381728,957.0881807738772,1.0,0.0047058823529411,0.0046948356807511,49,0.0144404620369461
P-7,SMAP,confirmation,6356,36,0.005663939584644431,0.021397105097545627,0.007352941176470588,0.005627009646302251,136,6220,0.06623662680931404,0.0023752969121140144,0.005897219882055603,421,5935,0.2355017239987051,0.21560287328627611,-0.8823540681957027,0.5015695703904108,507,1.8618722798812897,1.780280183025848,1.0,0.0039447731755424,0.0059171597633136,11,0.0026916312128996
R-1,SMAP,confirmation,7099,7099,1.0,1.0,1.0,,7099,0,0.05986758698408227,1.0,1.0,425,6674,2.220446049250313e-16,0.0,0.999,0.999,511,1.0,1.0,1.0,0.0,0.0,0,1e-06
A-5,SMAP,confirmation,4578,1904,0.41590214067278286,0.5174748798602009,0.7986492190797805,0.005432322317790856,2369,2209,0.0,,0.41590214067278286,0,4578,6.496626070231526e-05,0.7342264976219727,-0.9998064516129033,-0.9992041935483872,77,7.041541793019601,1.52028089587662,1.0,0.0,0.0129870129870129,27,0.0001815921174252
A-6,SMAP,confirmation,4348,0,0.0,1.0,0.0,,4348,0,0.0,,0.0,0,4348,0.0674515180525167,0.13853526332098698,-0.8823529411764639,-0.6470588235293917,73,4370.517617177676,498.5545005394643,1.0,0.0,0.0136986301369863,33,0.0072770239462776
A-7,SMAP,development,6166,205,0.03324683749594551,0.001621796951021732,0.4,0.032651072124756333,10,6156,0.012812195913071683,0.0,0.03367833086906522,79,6087,0.3815215309990327,0.4090825544814526,-1.0,0.8748446129000458,512,1.397012214743525,1.151231325156835,1.0,0.0,0.005859375,19,0.004475877990863
D-13,SMAP,development,7438,2432,0.32696961548803444,0.32696961548803444,1.0,0.0,2432,5006,0.15138478085506857,0.0,0.385297845373891,1126,6312,0.0,0.9382120997634625,-1.0,-1.0,234,1.0,1.0,1.0,0.0,0.0,0,1e-06
A-8,SMAP,confirmation,4505,4505,1.0,0.0,,1.0,0,4505,0.21265260821309656,1.0,1.0,958,3547,0.9665995454858236,0.3245106579921951,-0.9998875843096826,0.9999999999999996,89,3.27794017778696,2.22893554680393,1.0,0.0,0.0112359550561797,2,1e-06
A-9,SMAP,confirmation,4505,4505,1.0,0.0,,1.0,0,4505,0.21265260821309656,1.0,1.0,958,3547,0.9648900802910512,0.31932122972561394,-1.0,0.9999999999999999,89,3.51104000867576,2.204565673833095,1.0,0.0,0.0112359550561797,2,4.899786464657044e-06
F-3,SMAP,confirmation,8271,71,0.008584209889977028,0.3818159835570064,0.022482583913869536,0.0,3158,5113,0.6013783097569823,0.0,0.021534728541097968,4974,3297,0.3465459707223731,0.5801439916025809,-0.9988002778743202,0.19852240361225534,512,19.96442832508733,10.369068742252324,1.0,0.0,0.005859375,1,0.000103965088704
M-6,MSL,confirmation,1804,858,0.47560975609756095,0.47560975609756095,1.0,0.0,858,946,1.0,0.47560975609756095,,1804,0,0.0,12.95424677822123,-1.0,-1.0,249,1.0,1.0,1.0,0.0,0.0,0,1e-06
M-1,MSL,development,1072,203,0.18936567164179105,0.5139925373134329,0.2558983666061706,0.11900191938579655,551,521,1.0,0.18936567164179105,,1072,0,0.4555270054939749,1.092251785117234,-0.21075500494606372,1.0000117763436809,378,4.280671977642115,8.29575923360487,1.937957235904432,0.1534391534391534,0.0052910052910052,16,0.0041574455116568
M-2,MSL,confirmation,1072,25,0.02332089552238806,0.20055970149253732,0.06976744186046512,0.011668611435239206,215,857,1.0,0.02332089552238806,,1072,0,0.14563646282783038,0.6142331187329247,-1.205021301506763,-0.6881363528487258,378,9.041557116380108,7.064376141681525,1.0,0.0,0.0052910052910052,19,0.0047487048275291
S-2,MSL,confirmation,1752,60,0.03424657534246575,0.0,,0.03424657534246575,0,1752,1.0,0.03424657534246575,,1752,0,0.0,0.0,-1.0,-1.0,122,1.0,1.0,1.0,0.0,0.0,0,1e-06
P-10,MSL,confirmation,5905,1379,0.23353090601185436,0.23420829805249788,0.9971077368040492,0.0,1383,4522,0.9810330228619814,0.21871223890902813,1.0,5793,112,0.0012380669699998744,0.7166199337767536,0.9891523365805454,0.9975764506565011,798,1.188024257146405,1.1903630472821851,1.0019686383688813,0.0087719298245614,0.0050125313283208,59,0.009318094278597
T-4,MSL,development,2084,5,0.0023992322456813818,0.0,,0.0023992322456813818,0,2084,1.0,0.0023992322456813818,,2084,0,0.499901888834126,0.49345855976093156,-1.0,0.0,391,1.3558161376772502,1.20655777012605,1.0,0.0,0.0051150895140664,29,0.006230732938368
T-5,MSL,confirmation,2128,54,0.02537593984962406,0.0,,0.02537593984962406,0,2128,1.0,0.02537593984962406,,2128,0,0.0,0.0,-1.0,-1.0,391,1.0,1.0,1.0,0.0,0.0,0,1e-06
F-7,MSL,confirmation,4567,96,0.02102036347711846,0.0,,0.02102036347711846,0,4567,0.8278957740310926,0.020364982808780747,0.024173027989821884,3781,786,0.5895406039790342,0.6244649541103928,-0.9999999999999998,1.0,439,2.21745734339992,2.238948275194205,1.0096917002071093,0.0182648401826484,0.0068337129840546,53,0.007752224716362
M-3,MSL,development,1812,386,0.2130242825607064,0.0,,0.2130242825607064,0,1812,0.9994481236203091,0.2131419105466593,0.0,1811,1,0.6569790548615028,0.6844205759083751,-1.4402897756201731,1.000070758018348,344,432.2462581569272,395.1722881160621,1.0,0.0,0.005813953488372,8,0.0038727204590097
M-4,MSL,development,1723,74,0.042948345908299476,0.0017411491584445734,0.3333333333333333,0.04244186046511628,3,1720,1.0,0.042948345908299476,,1723,0,0.5882825961639535,0.5930018944686243,-1.4371917595288684,1.00000547321409,352,650.1770077832765,515.259803595052,1.0,0.0,0.0056818181818181,15,0.0048621880291329
M-5,MSL,confirmation,1938,58,0.029927760577915376,0.023735810113519093,0.0,0.0306553911205074,46,1892,0.9721362229102167,0.03078556263269639,0.0,1884,54,0.6511039252350979,0.6701670040650424,-1.2453277715155475,0.887109668803803,343,793.7957634826035,952.1653280074526,1.199509208552635,0.0526315789473684,0.0058309037900874,20,0.0049693417946898
P-15,MSL,development,2771,2379,0.858534824972934,0.7390833634067123,0.9775390625,0.5214384508990318,2048,723,0.6044749188018765,0.8340298507462687,0.8959854014598541,1675,1096,0.036930362110801605,0.9282224604078415,0.8574016528925613,1.0041395389299688,673,1.32070902799508,1.6834505979907497,1.274656689934447,0.2038690476190476,0.0059435364041604,5,0.0012626956015151
C-1,MSL,confirmation,1888,32,0.01694915254237288,0.0,,0.01694915254237288,0,1888,0.8919491525423728,0.019002375296912115,0.0,1684,204,0.501360818400532,0.41086165370397254,-1.0,2.1858361934477384,368,2.263434750020225,1.996802943800775,1.0,0.0,0.0054347826086956,7,0.0011268347971833
C-2,MSL,confirmation,1850,1650,0.8918918918918919,0.787027027027027,1.0,0.49238578680203043,1456,394,0.84,0.8712998712998713,1.0,1554,296,0.0,0.447078019870965,-1.0,-1.0,89,1.0,1.0,1.0,0.0,0.0,0,1e-06
T-12,MSL,confirmation,2245,583,0.25968819599109133,0.0013363028953229399,0.6666666666666666,0.2591436217662801,3,2242,0.8552338530066815,0.30364583333333334,0.0,1920,325,0.5494305086285134,0.412754750190135,-0.9988747180643839,0.9988747180643837,165,2.9892909114666004,1.2998371921071,1.0,0.0,0.006060606060606,4,0.0005019946998988
T-13,MSL,confirmation,2114,379,0.17928098391674552,0.3930936613055818,0.45607701564380265,0.0,831,1283,0.8505203405865658,0.15739710789766406,0.3037974683544304,1798,316,0.44401594525236926,0.6371207513229241,-0.9994608437086118,0.3404221819065387,165,9.385888572364282,4.2542034955206,1.0,0.0,0.006060606060606,1,0.0001670364032849
F-4,MSL,confirmation,3287,45,0.013690295101916642,0.044113173106175844,0.0,0.014322087842138766,145,3142,0.7681776696075449,0.01782178217821782,0.0,2525,762,0.4158423820156045,0.5639092653665051,-1.0,0.749747352204891,385,2.69123121988168,3.0446134989926787,1.1313087766299528,0.0311688311688311,0.0051948051948051,10,0.0019711963123317
F-5,MSL,development,3707,491,0.13245211761532236,0.0,,0.13245211761532236,0,3707,0.8011869436201781,0.09831649831649832,0.2700135685210312,2970,737,1.0753099625743578,0.6070368007674329,-1.0922997489602457,4.160716100266027,456,2.257979476666476,6.222422266633678,2.755747929037881,0.1820175438596491,0.006578947368421,4,0.0004776986046105
D-14,MSL,confirmation,2339,109,0.04660111158614793,0.0,,0.04660111158614793,0,2339,0.9876015391192817,0.047186147186147186,0.0,2310,29,0.0,0.0,-1.0,-1.0,671,1.0,1.0,1.0,0.0,0.0,0,1e-06
T-9,MSL,confirmation,920,920,1.0,1.0,1.0,,920,0,1.0,1.0,,920,0,0.2503874826869297,0.14368298933967702,-0.8359988902445532,0.333337844534185,32,303.09241092912185,191.8554311036333,1.0,0.0,0.03125,18,0.0075782185439556
P-14,MSL,confirmation,5855,5855,1.0,1.0,1.0,,5855,0,0.9808710503842869,1.0,1.0,5743,112,8.008682436771234e-05,0.7109106084258376,0.9992626111111113,0.9997643148148149,512,1.134691304889915,1.18832371433916,1.047266079521468,0.076171875,0.005859375,59,0.0007659179656333
T-8,MSL,confirmation,1353,184,0.1359940872135994,0.0,,0.1359940872135994,0,1353,1.0,0.1359940872135994,,1353,0,0.2105238697499101,0.22141544234320276,-1.0,1.0206470588235292,86,1347.764450602085,1030.6045519550355,1.0,0.0,0.0116279069767441,52,0.009979868809503
P-11,MSL,development,3243,49,0.015109466543324082,0.004008633980881899,0.15384615384615385,0.01455108359133127,13,3230,0.7095282146160962,0.018252933507170794,0.0074309978768577496,2301,942,0.12093698105647471,0.12187752554517636,0.4115447929577016,0.9878513998792371,730,1.8689562079031752,1.80796397015612,1.0,0.0,0.0054794520547945,26,0.0047282967544104
D-15,MSL,development,1453,5,0.0034411562284927736,0.008947006194081212,0.38461538461538464,0.0,13,1440,0.9848589125946318,0.0034940600978336828,0.0,1431,22,0.6405732536706115,0.6062050718528643,-1.0,1.1895020823692735,351,13.5945812999555,12.67939555027325,1.0,0.0,0.0056980056980056,50,0.0076995829735952
D-16,MSL,confirmation,1476,940,0.6368563685636857,0.0,,0.6368563685636857,0,1476,1.0,0.6368563685636857,,1476,0,0.9518525827488327,0.5206695554231906,-1.0,1.0056710040443113,227,1.0,1.0,1.0,0.0,0.0,47,0.0084350517480518
M-7,MSL,confirmation,1991,1991,1.0,0.0015067805123053742,1.0,1.0,3,1988,1.0,1.0,,1991,0,0.15061241529848146,0.08454942780510605,-1.0016803715685032,0.4032494171651668,254,1.0,1.0,1.0,0.0,0.0,39,0.0005500786750894
F-8,MSL,confirmation,1886,23,0.012195121951219513,0.0005302226935312832,0.0,0.01220159151193634,1,1885,0.7698833510074231,0.01584022038567493,0.0,1452,434,0.46549144295865214,0.29272130266895746,-1.0,1.0869565217391304,605,3.18415024272094,3.0344433574617704,1.0,0.0,0.0066115702479338,43,0.006368114259922
