channel,train_n,test_n,dims,anomaly_points,threshold,pred_points,tp,fp,fn,tn,roc_auc,pr_auc
M-6,1565,2049,55,181,12.074311538412577,216,168,48,13,1820,0.982134406757604,0.8634095557644788
M-1,2209,2277,55,1141,17.73616160761478,6,2,4,1139,1132,0.3213853674192394,0.4886844600432355
M-2,2208,2277,55,1141,17.732133865628565,6,2,4,1139,1132,0.8169635142141191,0.7939231115953473
S-2,926,1827,55,11,17.54042948923049,16,0,16,11,1800,0.6131107328794554,0.015249800761809961
P-10,4308,6100,55,131,17.22493582110096,1522,114,1408,17,4561,0.7720480753613773,0.11204887809653072
T-4,2272,2217,55,69,20.400814372707874,3,0,3,69,2145,0.4599661295981432,0.03108065801748885
T-5,2272,2218,55,26,20.400814372707874,3,0,3,26,2189,0.6151038742279618,0.01633125070148995
F-7,2511,5054,55,423,17.338495099369883,29,0,29,423,4602,0.5422058049540741,0.11474565621397943
M-3,2037,2127,55,251,14.96071586161715,7,0,7,251,1869,0.5062893415676314,0.1255749220729921
M-4,2076,2038,55,251,15.04575245554937,7,0,7,251,1780,0.5890138383232599,0.14845094318413427
M-5,2032,2303,55,301,14.916680560575207,8,4,4,297,1998,0.42291097606712225,0.12805941046394503
P-15,3682,2856,55,21,31.82590929250587,1460,14,1446,7,1389,0.6621231208532795,0.021253267563776556
C-1,2158,2264,55,312,9.055385138137417,35,7,28,305,1924,0.5337318397961328,0.15257639952485588
C-2,764,2051,55,137,15.926916420533724,2,0,2,137,1912,0.5641355665896315,0.08462938329020812
T-12,1145,2430,55,121,23.90606617576384,12,4,8,117,2301,0.5363042209965317,0.06628990215829697
T-13,1145,2430,55,252,23.90606617576384,12,7,5,245,2173,0.4883138746775111,0.12127528029759733
F-4,2244,3422,55,71,14.106319904194567,31,1,30,70,3321,0.7835479003534787,0.055759855934258015
F-5,2598,3922,55,151,13.84673424145467,33,0,33,151,3738,0.6721318672827311,0.17471810996519177
D-14,3675,2625,55,222,20.182500670960803,247,20,227,202,2176,0.5496367153670524,0.13285401628595758
T-9,439,1096,55,112,18.254633280203922,4,0,4,112,980,0.6608685394889663,0.25744544297744176
P-14,2880,6100,55,181,17.86057109949175,6098,181,5917,0,2,0.7537973507918596,0.2643072004422531
T-8,748,1519,55,102,12.303252763295498,65,5,60,97,1357,0.5191304468152822,0.07124452304167268
P-11,3969,3535,55,228,14.051690289783647,10,2,8,226,3299,0.7714112541711097,0.16845637808919828
D-15,2074,2158,55,641,18.565200420859096,9,3,6,638,1511,0.77333897574756,0.4461481836436126
D-16,1451,2191,55,651,9.173963952811429,69,26,43,625,1497,0.4351651804416782,0.2934062593403524
M-7,1587,2156,55,101,18.324891527772053,17,1,16,100,2039,0.7419045554190455,0.39606585949741907
F-8,3342,2487,55,537,22.983833370060232,26,16,10,521,1940,0.5285350713842334,0.2339678280146452
