channel,tp,fp,fn,tn,pred_points
P-1,0,10,751,7744,10
S-1,0,7,448,6876,7
E-1,0,5,508,8003,5
E-2,0,13,1398,7121,13
E-3,6,14,3207,5080,20
E-4,6,5,2806,5537,11
E-5,6,20,315,7953,26
E-6,8,10,58,8224,18
E-7,24,13,257,8016,37
E-8,0,5,623,7904,5
E-9,6,8,345,7943,14
E-10,0,8,322,8175,8
E-11,0,8,295,8211,8
E-12,0,8,583,7921,8
E-13,0,11,264,8365,11
A-1,0,16,85,8539,16
D-1,362,9,2897,5241,371
P-2,136,6,1090,6977,142
P-3,0,12,1336,7145,12
D-2,8,26,4210,4351,34
D-3,392,37,2884,5327,429
D-4,398,20,2850,5205,418
A-2,0,61,111,7742,61
A-3,0,25,186,7994,25
A-4,0,61,111,7908,61
G-1,0,62,121,8286,62
G-2,1,73,40,7247,74
D-5,6,940,45,6637,946
D-6,0,8,81,7795,8
D-7,0,16,2702,4924,16
F-1,0,0,101,8483,0
P-4,0,0,443,7340,0
G-3,0,8,51,7848,8
T-1,0,49,1536,7027,49
T-2,0,15,1785,6825,15
D-8,0,22,51,7801,22
D-9,0,11,1156,6239,11
F-2,0,15,2957,5654,15
G-4,2,6,29,7595,8
T-3,9,15,175,8380,24
D-11,0,0,61,7370,0
D-12,0,0,2740,5178,0
B-1,0,3,71,7970,3
G-6,0,7,101,8532,7
G-7,0,0,268,7761,0
P-7,0,8,1651,6412,8
R-1,0,8,81,7155,8
A-5,6,236,45,4406,242
A-6,0,0,41,4412,0
A-7,0,0,2401,6230,0
D-13,0,0,161,7502,0
P-2,136,6,1090,6977,142
A-8,0,64,3806,4505,64
A-9,0,62,3865,4507,62
F-3,2,9,39,8326,11
