channel,dataset,fold
A-1,SMAP,3
A-2,SMAP,4
A-3,SMAP,0
A-4,SMAP,4
A-5,SMAP,2
A-6,SMAP,2
A-7,SMAP,0
A-8,SMAP,0
A-9,SMAP,4
B-1,SMAP,0
C-1,MSL,0
C-2,MSL,0
D-1,SMAP,1
D-11,SMAP,3
D-12,SMAP,3
D-13,SMAP,0
D-14,MSL,3
D-15,MSL,1
D-16,MSL,3
D-2,SMAP,3
D-3,SMAP,1
D-4,SMAP,2
D-5,SMAP,2
D-6,SMAP,4
D-7,SMAP,2
D-8,SMAP,3
D-9,SMAP,1
E-1,SMAP,3
E-10,SMAP,0
E-11,SMAP,2
E-12,SMAP,1
E-13,SMAP,3
E-2,SMAP,1
E-3,SMAP,2
E-4,SMAP,2
E-5,SMAP,0
E-6,SMAP,3
E-7,SMAP,4
E-8,SMAP,2
E-9,SMAP,1
F-1,SMAP,2
F-2,SMAP,4
F-3,SMAP,1
F-4,MSL,0
F-5,MSL,1
F-7,MSL,4
F-8,MSL,3
G-1,SMAP,4
G-2,SMAP,1
G-3,SMAP,0
G-4,SMAP,3
G-6,SMAP,4
G-7,SMAP,0
M-1,MSL,0
M-2,MSL,3
M-3,MSL,1
M-4,MSL,3
M-5,MSL,0
M-6,MSL,2
M-7,MSL,3
P-1,SMAP,4
P-10,MSL,4
P-11,MSL,0
P-14,MSL,3
P-15,MSL,4
P-3,SMAP,0
P-4,SMAP,0
P-7,SMAP,1
R-1,SMAP,2
S-1,SMAP,1
S-2,MSL,1
T-1,SMAP,0
T-12,MSL,3
T-13,MSL,2
T-2,SMAP,1
T-3,SMAP,1
T-4,MSL,3
T-5,MSL,0
T-8,MSL,3
T-9,MSL,2
