channel,dataset,fold,method,threshold,tp,fp,fn,tn,events,hits,delay_sum,alerts,hit_alerts,auroc,ap
A-3,SMAP,0,hgb,0.6,39,20,147,7935,1,1,58,18,8,0.7581550793103682,0.2931255274249888
A-7,SMAP,0,hgb,0.6,45,437,2356,5729,1,1,356,196,23,0.788437128113043,0.4473301613281805
A-8,SMAP,0,hgb,0.6,66,6,3740,4499,1,1,3019,25,20,0.44321487248068503,0.4992154688416175
B-1,SMAP,0,hgb,0.6,54,2913,17,4996,1,1,17,1,1,0.7223977319473804,0.4579955007493067
C-1,MSL,0,hgb,0.6,49,102,263,1786,2,1,0,40,15,0.7427935544328552,0.27338476360913744
C-2,MSL,0,hgb,0.6,137,1619,0,231,2,2,0,1,1,0.3962024067863484,0.05403403391614264
D-13,SMAP,0,hgb,0.6,139,2432,22,5006,1,1,22,1,1,0.8729079646401975,0.760457264775344
E-10,SMAP,0,hgb,0.6,219,0,103,8119,2,1,32,5,5,0.9365499912405454,0.8038031772689953
E-5,SMAP,0,hgb,0.6,23,643,298,7266,1,1,169,122,4,0.4562563096027278,0.03628617709994651
F-4,MSL,0,hgb,0.6,39,338,32,2949,1,1,30,56,3,0.6760991871521187,0.2031692598494313
G-3,SMAP,0,hgb,0.6,33,33,18,7759,1,1,12,2,1,0.8786752123847485,0.3751994945625834
G-7,SMAP,0,hgb,0.6,115,198,153,7499,3,3,106,31,7,0.8173411234072588,0.4540827214642825
M-1,MSL,0,hgb,0.6,62,578,1079,494,1,1,0,30,5,0.17343919643674702,0.353992478967286
M-5,MSL,0,hgb,0.6,6,32,295,1906,1,1,213,13,3,0.508859357696567,0.1574817688370243
P-11,MSL,0,hgb,0.6,160,363,68,2880,2,2,31,57,11,0.8016334777739909,0.45742113550304747
P-3,SMAP,0,hgb,0.6,1198,2792,138,4301,1,1,0,315,28,0.9143469018539827,0.8452657578595277
P-4,SMAP,0,hgb,0.6,181,2,262,7274,3,3,154,5,5,0.8036661859950832,0.6017264660431181
T-1,SMAP,0,hgb,0.6,936,570,600,6442,2,2,8,352,90,0.8674491422442481,0.7195688503587593
T-5,MSL,0,hgb,0.6,14,23,12,2105,1,1,12,1,1,0.7630223395026026,0.5205282955979335
A-3,SMAP,0,logistic,0.7,15,64,171,7891,1,1,59,44,5,0.6608787331968128,0.06699553118236257
A-7,SMAP,0,logistic,0.7,5,792,2396,5374,1,1,2,378,3,0.03389785286512283,0.15703997336423614
A-8,SMAP,0,logistic,0.7,0,0,3806,4505,1,0,0,0,0,0.2916276829096881,0.3743173979145661
B-1,SMAP,0,logistic,0.7,54,2912,17,4997,1,1,17,2,1,0.8358350889252573,0.7087783034511196
C-1,MSL,0,logistic,0.7,0,0,312,1888,2,0,0,0,0,0.6687615438939591,0.3285732714256538
C-2,MSL,0,logistic,0.7,137,1618,0,232,2,2,0,1,1,0.8778181100808838,0.3945524992349778
D-13,SMAP,0,logistic,0.7,139,2432,22,5006,1,1,22,1,1,0.8641055917322329,0.696357922549032
E-10,SMAP,0,logistic,0.7,4,0,318,8119,2,1,235,4,4,0.7216589565615201,0.09964737566744805
E-5,SMAP,0,logistic,0.7,0,0,321,7909,1,0,0,0,0,0.5752589128123684,0.1292276923869292
F-4,MSL,0,logistic,0.7,0,17,71,3270,1,0,0,7,0,0.7506352382625537,0.045941873918482715
G-3,SMAP,0,logistic,0.7,39,57,12,7735,1,1,12,2,1,0.8807751540041067,0.629952582814001
G-7,SMAP,0,logistic,0.7,150,1083,118,6614,3,3,73,57,21,0.8118987529547275,0.2390854681663476
M-1,MSL,0,logistic,0.7,47,250,1094,822,1,1,28,83,38,0.41783277957277587,0.4308157165167611
M-5,MSL,0,logistic,0.7,21,60,280,1878,1,1,45,40,11,0.5893221425657167,0.1771401299083517
P-11,MSL,0,logistic,0.7,26,103,202,3140,2,2,7,80,10,0.47175968753212044,0.11781424877709651
P-3,SMAP,0,logistic,0.7,129,0,1207,7093,1,1,17,88,88,0.8122440442673092,0.7042347306152381
P-4,SMAP,0,logistic,0.7,185,10,258,7266,3,3,154,11,8,0.8000535481381008,0.6060584047202027
T-1,SMAP,0,logistic,0.7,0,0,1536,7012,2,0,0,0,0,0.5432438550282849,0.24502147301169225
T-5,MSL,0,logistic,0.7,14,28,12,2100,1,1,12,2,1,0.7665287015615962,0.49644448938927455
D-1,SMAP,1,hgb,0.95,1403,0,1856,5186,1,1,359,139,139,0.9864646976594643,0.984269563731133
D-15,MSL,1,hgb,0.95,0,0,641,1453,1,0,0,0,0,0.4250482889239864,0.24818682456913188
D-3,SMAP,1,hgb,0.95,3097,139,179,5161,1,1,141,17,17,0.9806560865758979,0.9615465300337762
D-9,SMAP,1,hgb,0.95,7,0,1149,6186,1,1,224,1,1,0.9035467128027681,0.8374666209201646
E-12,SMAP,1,hgb,0.95,0,0,583,7865,2,0,0,0,0,0.7891709257528687,0.4977859120594706
E-2,SMAP,1,hgb,0.95,0,0,1398,7070,1,0,0,0,0,0.6980230901692255,0.39342557967686914
E-9,SMAP,1,hgb,0.95,0,56,351,7831,1,0,0,5,0,0.459828770846902,0.04211109007382789
F-3,SMAP,1,hgb,0.95,0,0,41,8271,1,0,0,0,0,0.9607989714282343,0.5703033069479234
F-5,MSL,1,hgb,0.95,0,0,151,3707,1,0,0,0,0,0.8715210350205536,0.2346761091201064
G-2,SMAP,1,hgb,0.95,2,0,39,7256,1,1,12,2,2,0.8651712964207923,0.7166923626072257
M-3,MSL,1,hgb,0.95,0,0,251,1812,1,0,0,0,0,0.8448556766312234,0.4247695568418766
P-7,SMAP,1,hgb,0.95,14,0,1637,6356,1,1,209,7,7,0.7016036965220079,0.5437059355807388
S-1,SMAP,1,hgb,0.95,51,0,397,6819,1,1,64,4,4,0.8635736479479605,0.7125731992546493
S-2,MSL,1,hgb,0.95,3,1,8,1751,1,1,6,2,1,0.7639321295143213,0.3251501244591535
T-2,SMAP,1,hgb,0.95,56,0,1729,6776,1,1,113,19,19,0.9095437348493117,0.8556229220561715
T-3,SMAP,1,hgb,0.95,2,0,182,8331,2,2,111,2,2,0.6262290397833132,0.2676745493176127
D-1,SMAP,1,logistic,0.7,1655,1175,1604,4011,1,1,10,369,136,0.7020537744892751,0.6406018209939495
D-15,MSL,1,logistic,0.7,471,552,170,901,1,1,3,124,52,0.7425188404645615,0.5330973294724217
D-3,SMAP,1,logistic,0.7,3086,139,190,5161,1,1,75,28,28,0.9785879005690326,0.9236460323413547
D-9,SMAP,1,logistic,0.7,933,0,223,6186,1,1,223,1,1,0.9029230252036913,0.8374666209201638
E-12,SMAP,1,logistic,0.7,0,0,583,7865,2,0,0,0,0,0.414546610414379,0.07684006564627233
E-2,SMAP,1,logistic,0.7,73,0,1325,7070,1,1,74,15,15,0.3622379313345191,0.2588382277421102
E-9,SMAP,1,logistic,0.7,5,0,346,7887,1,1,66,2,2,0.4785938272688622,0.0582579974512432
F-3,SMAP,1,logistic,0.7,0,0,41,8271,1,0,0,0,0,0.9105012812913765,0.5770417932027176
F-5,MSL,1,logistic,0.7,0,0,151,3707,1,0,0,0,0,0.5278290401013297,0.1291122453809312
G-2,SMAP,1,logistic,0.7,30,34,11,7222,1,1,11,1,1,0.8651158334901982,0.6987637729995723
M-3,MSL,1,logistic,0.7,0,0,251,1812,1,0,0,0,0,0.4119966051907161,0.10476463373343012
P-7,SMAP,1,logistic,0.7,167,449,1484,5907,1,1,66,229,76,0.3833546348895477,0.19498731471872788
S-1,SMAP,1,logistic,0.7,133,1939,315,4880,1,1,0,540,26,0.4230076021829762,0.11140509077957578
S-2,MSL,1,logistic,0.7,6,31,5,1721,1,1,5,2,1,0.762271689497717,0.2640387723197546
T-2,SMAP,1,logistic,0.7,0,0,1785,6776,1,0,0,0,0,0.5567356694744013,0.25689409404974206
T-3,SMAP,1,logistic,0.7,56,70,128,8261,2,2,111,52,2,0.6697001247305767,0.3207998992464861
A-5,SMAP,2,hgb,0.5,51,4559,0,19,1,1,0,2,1,0.5557911237889652,0.022138015102946124
A-6,SMAP,2,hgb,0.5,41,4348,0,0,1,1,0,1,1,0.21437386406982747,0.006608982569936038
D-4,SMAP,2,hgb,0.5,3248,395,0,4766,1,1,0,12,1,0.9996729091719537,0.9995062870568351
D-5,SMAP,2,hgb,0.5,37,28,14,7485,1,1,14,1,1,0.8559894875027078,0.7296694675290865
D-7,SMAP,2,hgb,0.5,2604,0,98,4876,1,1,98,1,1,0.9818652849740932,0.9766627420252519
E-11,SMAP,2,hgb,0.5,249,19,46,8136,2,2,38,3,3,0.9814908187760447,0.9032008025980038
E-3,SMAP,2,hgb,0.5,26,0,3187,5030,1,1,522,6,6,0.43721415670310537,0.41308736171727334
E-4,SMAP,2,hgb,0.5,609,62,2203,5416,1,1,11,78,50,0.6541931985020126,0.6130286615713824
E-8,SMAP,2,hgb,0.5,230,2052,393,5793,1,1,311,419,11,0.5262079188776935,0.2929383096338354
F-1,SMAP,2,hgb,0.5,61,3130,40,5289,1,1,0,638,5,0.6580977256770694,0.029157907974465977
M-6,MSL,2,hgb,0.5,181,853,0,951,1,1,0,4,1,0.8116876554250223,0.21397907366627253
R-1,SMAP,2,hgb,0.5,32,31,49,7068,1,1,49,1,1,0.6961248237014778,0.4018862409298806
T-13,MSL,2,hgb,0.5,10,42,242,2072,2,1,47,11,3,0.7646294168881681,0.28522988013320993
T-9,MSL,2,hgb,0.5,109,920,3,0,2,2,0,2,2,0.7769992236024844,0.3239305904278783
A-5,SMAP,2,logistic,0.5,44,1892,7,2686,1,1,7,1,1,0.9089742930811469,0.6430437838033938
A-6,SMAP,2,logistic,0.5,40,4335,1,13,1,1,0,6,2,0.9255979760809568,0.5413567009619052
D-4,SMAP,2,logistic,0.5,3246,398,2,4763,1,1,0,29,3,0.9995356419833099,0.9993051220503913
D-5,SMAP,2,logistic,0.5,35,0,16,7513,1,1,14,1,1,0.8011551219715891,0.7028838967906699
D-7,SMAP,2,logistic,0.5,2597,0,105,4876,1,1,98,8,8,0.9796447076239823,0.9752149664354868
E-11,SMAP,2,logistic,0.5,50,1201,245,6954,2,2,13,130,6,0.5912868262166291,0.04129714414808573
E-3,SMAP,2,logistic,0.5,229,2369,2984,2661,1,1,0,571,78,0.10570229417147906,0.23917066949487822
E-4,SMAP,2,logistic,0.5,394,1492,2418,3986,1,1,0,280,82,0.2717610387236259,0.24419673921778054
E-8,SMAP,2,logistic,0.5,355,1940,268,5905,1,1,12,397,36,0.7425770368301573,0.41848698793846695
F-1,SMAP,2,logistic,0.5,80,4101,21,4318,1,1,0,796,5,0.7964846134215513,0.15721567655795704
M-6,MSL,2,logistic,0.5,181,854,0,950,1,1,0,3,1,0.9513971407921011,0.7090944511797711
R-1,SMAP,2,logistic,0.5,32,32,49,7067,1,1,49,1,1,0.6961248237014778,0.4018862409298806
T-13,MSL,2,logistic,0.5,19,12,233,2102,2,2,94,13,7,0.7560462374795391,0.3240714615499841
T-9,MSL,2,logistic,0.5,96,892,16,28,2,2,0,18,8,0.7934879658385092,0.48933631117301135
A-1,SMAP,3,hgb,0.9,25,7,60,8484,1,1,60,1,1,0.6453296570070732,0.2646812781443825
D-11,SMAP,3,hgb,0.9,3,33,58,7273,1,1,58,3,1,0.516612216323435,0.05476792335859252
D-12,SMAP,3,hgb,0.9,2115,0,625,5114,1,1,209,17,17,0.9704379562043796,0.9615023447998974
D-14,MSL,3,hgb,0.9,2,0,220,2339,2,2,21,2,2,0.9437505055290434,0.8030443691157354
D-16,MSL,3,hgb,0.9,0,0,651,1476,1,0,0,0,0,0.3314059254263818,0.22821863602037568
D-2,SMAP,3,hgb,0.9,1,0,4217,4313,1,1,372,1,1,0.9541350171727123,0.9534310857137296
D-8,SMAP,3,hgb,0.9,30,0,21,7759,1,1,17,1,1,0.8424599895377664,0.6708939714739218
E-1,SMAP,3,hgb,0.9,156,0,352,7944,2,1,68,1,1,0.8598352839958449,0.555053241770517
E-13,SMAP,3,hgb,0.9,0,0,264,8312,3,0,0,0,0,0.678236740601394,0.06258459904851306
E-6,SMAP,3,hgb,0.9,43,0,23,8170,1,1,5,1,1,0.9620609398761174,0.7250387435761003
F-8,MSL,3,hgb,0.9,0,0,537,1886,1,0,0,0,0,0.6730199588855252,0.37340158136225815
G-4,SMAP,3,hgb,0.9,15,18,16,7519,1,1,16,1,1,0.9245999306646351,0.46748215383717584
M-2,MSL,3,hgb,0.9,410,339,731,733,1,1,44,80,70,0.7034787990372415,0.6469524234603867
M-4,MSL,3,hgb,0.9,1,1,250,1722,1,1,150,2,1,0.8060295093566535,0.47870376494408057
M-7,MSL,3,hgb,0.9,43,0,58,1991,1,1,26,2,2,0.9892337300028345,0.8612315995553732
P-14,MSL,3,hgb,0.9,102,0,79,5855,1,1,42,2,2,0.7900576076545995,0.608328601725341
T-12,MSL,3,hgb,0.9,0,0,121,2245,1,0,0,0,0,0.7344530545380921,0.11024460761250951
T-4,MSL,3,hgb,0.9,0,0,69,2084,1,0,0,0,0,0.7467210492642354,0.44343718195332066
T-8,MSL,3,hgb,0.9,0,0,102,1353,2,0,0,0,0,0.7650210860397374,0.2638134055925923
A-1,SMAP,3,logistic,0.3,85,8491,0,0,1,1,0,1,1,0.6453296570070732,0.2646812781443825
D-11,SMAP,3,logistic,0.3,61,6492,0,814,1,1,0,9,1,0.6466097929839835,0.1825938816852995
D-12,SMAP,3,logistic,0.3,2740,5114,0,0,1,1,0,1,1,0.9689516969304243,0.9608299637303963
D-14,MSL,3,logistic,0.3,222,2286,0,53,2,2,0,3,2,0.9447336391543317,0.7499932674817249
D-16,MSL,3,logistic,0.3,496,1223,155,253,1,1,0,233,86,0.5793525907609307,0.4302895755431561
D-2,SMAP,3,logistic,0.3,4207,4297,11,16,1,1,0,2,1,0.9526525989056649,0.9538957313302541
D-8,SMAP,3,logistic,0.3,51,7759,0,0,1,1,0,1,1,0.8431423091210966,0.6705625151295087
E-1,SMAP,3,logistic,0.3,417,6832,91,1112,2,2,9,79,5,0.47820868124112886,0.15884462163154067
E-13,SMAP,3,logistic,0.3,260,8159,4,153,3,3,0,135,6,0.5505831291743226,0.06261700078505025
E-6,SMAP,3,logistic,0.3,48,3278,18,4892,1,1,0,289,1,0.7317059827157746,0.6598001197905958
F-8,MSL,3,logistic,0.3,357,1544,180,342,1,1,0,187,43,0.3840095894279322,0.17815891788631347
G-4,SMAP,3,logistic,0.3,31,7537,0,0,1,1,0,1,1,0.9401276284309236,0.4884109742575319
M-2,MSL,3,logistic,0.3,1049,1049,92,23,1,1,0,48,38,0.5310525592894424,0.6481740646193774
M-4,MSL,3,logistic,0.3,134,1210,117,513,1,1,4,90,11,0.3629313275048385,0.09848655768167654
M-7,MSL,3,logistic,0.3,56,1971,45,20,1,1,0,7,6,0.4047968332744877,0.11865152200180386
P-14,MSL,3,logistic,0.3,144,5309,37,546,1,1,0,97,5,0.5157550565932691,0.2594575902399187
T-12,MSL,3,logistic,0.3,76,2075,45,170,1,1,22,7,2,0.4691822047157135,0.08223441110960214
T-4,MSL,3,logistic,0.3,63,1898,6,186,1,1,0,83,3,0.7222384489137388,0.12114203423611289
T-8,MSL,3,logistic,0.3,102,1353,0,0,2,2,0,1,1,0.7456342477863281,0.1730287488396383
A-2,SMAP,4,hgb,0.7,0,7,111,7732,1,0,0,4,0,0.6168656704255618,0.042272546118419255
A-4,SMAP,4,hgb,0.7,0,5,111,7900,1,0,0,5,0,0.40452786752597003,0.021035032202935802
A-9,SMAP,4,hgb,0.7,0,0,3865,4505,1,0,0,0,0,0.6257713938659503,0.5068040588358368
D-6,SMAP,4,hgb,0.7,31,11,50,7728,1,1,48,8,2,0.7041990304039664,0.30389123304190846
E-7,SMAP,4,hgb,0.7,215,149,66,7816,1,1,43,87,16,0.8917229069349221,0.769835971064798
F-2,SMAP,4,hgb,0.7,1553,614,1404,4991,1,1,76,252,79,0.7690538515631576,0.7392190395947854
F-7,MSL,4,hgb,0.7,1,46,422,4521,3,1,61,32,1,0.5343151946769946,0.08558639901264267
G-1,SMAP,4,hgb,0.7,82,4111,39,4173,1,1,0,141,6,0.5811706126716442,0.016057109369354648
G-6,SMAP,4,hgb,0.7,4,0,97,8475,1,1,74,1,1,0.7233353777855662,0.4506065054459969
P-1,SMAP,4,hgb,0.7,47,54,704,7636,3,2,148,41,5,0.5234290993023607,0.14564472397848874
P-10,MSL,4,hgb,0.7,105,230,26,5675,1,1,4,168,6,0.9434804247920316,0.7608702873763445
P-15,MSL,4,hgb,0.7,14,599,7,2172,1,1,7,13,1,0.8159681050334244,0.12325135312504648
A-2,SMAP,4,logistic,0.05,111,7739,0,0,1,1,0,1,1,0.19925986200698698,0.011843556087573343
A-4,SMAP,4,logistic,0.05,111,7905,0,0,1,1,0,1,1,0.3547657714640637,0.010082927037445698
A-9,SMAP,4,logistic,0.05,3865,4505,0,0,1,1,0,1,1,0.0773444483849338,0.3074540571454224
D-6,SMAP,4,logistic,0.05,81,7739,0,0,1,1,0,1,1,0.7629068099843824,0.3818941789311682
E-7,SMAP,4,logistic,0.05,281,7910,0,55,1,1,0,46,1,0.7951647890124276,0.24120139975453375
F-2,SMAP,4,logistic,0.05,2957,5605,0,0,1,1,0,1,1,0.3435578709646473,0.2988172703886057
F-7,MSL,4,logistic,0.05,423,4567,0,0,3,3,0,1,1,0.4845098535542004,0.0934270683669445
G-1,SMAP,4,logistic,0.05,121,8284,0,0,1,1,0,1,1,0.22902059531268082,0.008650314196261987
G-6,SMAP,4,logistic,0.05,101,8475,0,0,1,1,0,1,1,0.7679418207307456,0.5642981116886698
P-1,SMAP,4,logistic,0.05,751,7690,0,0,3,3,0,1,1,0.3845724556248366,0.07256289151846793
P-10,MSL,4,logistic,0.05,127,5564,4,341,1,1,0,66,2,0.7452437124703478,0.2631814955977605
P-15,MSL,4,logistic,0.05,21,2753,0,18,1,1,0,2,1,0.9046244264576997,0.4029914216883798
